quarter,year,agentID,loc,lastYearIncome,baselineIncome,dropThreshold,incomeShock,lastShortfall,historyOK,cooldownOK,fired,movedTo
11,1985,49,19,NaN,NaN,NaN,0,6.83572054396151,1,1,1,21
11,1985,1021,19,NaN,NaN,NaN,0,6.83572054396151,1,1,1,21
11,1985,501,21,NaN,NaN,NaN,0,3.31039368596429,1,1,1,6
11,1985,593,21,NaN,NaN,NaN,0,3.31039368596429,1,1,1,4
11,1985,48,21,NaN,NaN,NaN,0,3.59968221246207,1,1,1,20
11,1985,1150,21,NaN,NaN,NaN,0,3.31039368596429,1,1,1,7
11,1985,151,21,NaN,NaN,NaN,0,3.31039368596429,1,1,1,22
11,1985,1024,19,NaN,NaN,NaN,0,6.83572054396151,1,1,0,0
11,1985,858,19,NaN,NaN,NaN,0,6.83572054396151,1,1,1,12
11,1985,607,21,NaN,NaN,NaN,0,3.31039368596429,1,1,1,7
11,1985,769,20,NaN,NaN,NaN,0,5.81164010509457,1,1,1,13
11,1985,1535,21,NaN,NaN,NaN,0,3.31039368596429,1,1,0,0
11,1985,104,21,NaN,NaN,NaN,0,3.31039368596429,1,1,1,3
11,1985,1448,21,NaN,NaN,NaN,0,3.63617535458759,1,1,1,18
11,1985,18,21,NaN,NaN,NaN,0,3.31039368596429,1,1,1,9
11,1985,108,20,NaN,NaN,NaN,0,6.03935725760001,1,1,1,12
11,1985,389,19,NaN,NaN,NaN,0,6.83572054396151,1,1,1,3
11,1985,1240,20,NaN,NaN,NaN,0,5.81164010509457,1,1,1,5
11,1985,78,21,NaN,NaN,NaN,0,3.59968221246207,1,1,1,3
11,1985,1229,21,NaN,NaN,NaN,0,3.31039368596429,1,1,1,10
11,1985,310,21,NaN,NaN,NaN,0,3.59968221246207,1,1,1,13
11,1985,1341,21,NaN,NaN,NaN,0,3.63617535458759,1,1,1,3
11,1985,372,21,NaN,NaN,NaN,0,3.63617535458759,1,1,1,13
11,1985,1479,20,NaN,NaN,NaN,0,5.99596902494915,1,1,1,5
11,1985,1149,20,NaN,NaN,NaN,0,5.99596902494915,1,1,0,0
11,1985,595,20,NaN,NaN,NaN,0,5.81164010509457,1,1,1,12
11,1985,1391,21,NaN,NaN,NaN,0,3.59968221246207,1,1,0,0
11,1985,1132,21,NaN,NaN,NaN,0,3.63617535458759,1,1,1,18
11,1985,1038,21,NaN,NaN,NaN,0,3.31039368596429,1,1,1,4
11,1985,1170,20,NaN,NaN,NaN,0,6.03935725760001,1,1,1,11
11,1985,382,21,NaN,NaN,NaN,0,3.59968221246207,1,1,1,15
11,1985,1003,21,NaN,NaN,NaN,0,3.63617535458759,1,1,0,0
11,1985,907,21,NaN,NaN,NaN,0,3.63617535458759,1,1,1,5
11,1985,58,21,NaN,NaN,NaN,0,3.63617535458759,1,1,1,8
11,1985,541,21,NaN,NaN,NaN,0,3.31039368596429,1,1,1,8
11,1985,1268,20,NaN,NaN,NaN,0,6.03935725760001,1,1,1,21
11,1985,776,20,NaN,NaN,NaN,0,5.99596902494915,1,1,1,11
11,1985,86,20,NaN,NaN,NaN,0,5.99596902494915,1,1,1,16
11,1985,102,19,NaN,NaN,NaN,0,6.83572054396151,1,1,0,0
11,1985,1457,21,NaN,NaN,NaN,0,3.31039368596429,1,1,1,3
11,1985,444,20,NaN,NaN,NaN,0,5.81164010509457,1,1,1,11
11,1985,253,21,NaN,NaN,NaN,0,3.59968221246207,1,1,1,15
11,1985,763,21,NaN,NaN,NaN,0,3.59968221246207,1,1,0,0
11,1985,182,19,NaN,NaN,NaN,0,6.83572054396151,1,1,1,4
11,1985,1227,21,NaN,NaN,NaN,0,3.63617535458759,1,1,1,6
11,1985,1016,21,NaN,NaN,NaN,0,3.63617535458759,1,1,1,1
11,1985,381,21,NaN,NaN,NaN,0,3.63617535458759,1,1,1,5
11,1985,1465,20,NaN,NaN,NaN,0,5.99596902494915,1,1,1,3
11,1985,804,20,NaN,NaN,NaN,0,5.81164010509457,1,1,1,8
11,1985,1356,21,NaN,NaN,NaN,0,3.31039368596429,1,1,1,1
11,1985,296,20,NaN,NaN,NaN,0,5.99596902494915,1,1,1,22
11,1985,278,19,NaN,NaN,NaN,0,6.83572054396151,1,1,1,11
11,1985,925,20,NaN,NaN,NaN,0,5.81164010509457,1,1,1,3
11,1985,568,19,NaN,NaN,NaN,0,6.83572054396151,1,1,0,0
11,1985,803,21,NaN,NaN,NaN,0,3.63617535458759,1,1,0,0
11,1985,128,21,NaN,NaN,NaN,0,3.31039368596429,1,1,1,13
11,1985,792,21,NaN,NaN,NaN,0,3.31039368596429,1,1,1,22
11,1985,106,21,NaN,NaN,NaN,0,3.59968221246207,1,1,1,17
11,1985,634,21,NaN,NaN,NaN,0,3.63617535458759,1,1,1,12
11,1985,162,20,NaN,NaN,NaN,0,5.99596902494915,1,1,1,14
11,1985,821,20,NaN,NaN,NaN,0,5.99596902494915,1,1,1,19
11,1985,27,21,NaN,NaN,NaN,0,3.63617535458759,1,1,1,20
11,1985,1130,21,NaN,NaN,NaN,0,3.63617535458759,1,1,0,0
11,1985,1345,19,NaN,NaN,NaN,0,6.83572054396151,1,1,1,11
11,1985,850,21,NaN,NaN,NaN,0,3.63617535458759,1,1,1,3
11,1985,1477,19,NaN,NaN,NaN,0,6.83572054396151,1,1,1,14
11,1985,887,21,NaN,NaN,NaN,0,3.59968221246207,1,1,1,7
11,1985,1186,21,NaN,NaN,NaN,0,3.59968221246207,1,1,0,0
11,1985,429,20,NaN,NaN,NaN,0,5.81164010509457,1,1,1,19
11,1985,1201,21,NaN,NaN,NaN,0,3.31039368596429,1,1,1,9
11,1985,1439,21,NaN,NaN,NaN,0,3.63617535458759,1,1,1,9
11,1985,1279,21,NaN,NaN,NaN,0,3.63617535458759,1,1,1,3
12,1985,1439,9,NaN,NaN,NaN,0,0,1,0,0,18
12,1985,1021,21,NaN,NaN,NaN,0,0,1,0,0,0
12,1985,541,8,NaN,NaN,NaN,0,0,1,0,0,0
12,1985,296,22,NaN,NaN,NaN,0,0,1,0,0,0
12,1985,382,15,NaN,NaN,NaN,0,0,1,0,0,0
12,1985,253,15,NaN,NaN,NaN,0,0,1,0,0,0
12,1985,792,22,NaN,NaN,NaN,0,0,1,0,0,0
12,1985,1535,21,NaN,NaN,NaN,0,3.31039368596429,1,1,0,0
12,1985,1149,20,NaN,NaN,NaN,0,5.99596902494915,1,1,0,0
12,1985,821,19,NaN,NaN,NaN,0,0,1,0,0,0
12,1985,102,19,NaN,NaN,NaN,0,6.83572054396151,1,1,0,0
12,1985,907,5,NaN,NaN,NaN,0,0,1,0,0,0
12,1985,1132,18,NaN,NaN,NaN,0,0,1,0,0,0
12,1985,58,8,NaN,NaN,NaN,0,0,1,0,0,16
12,1985,1201,9,NaN,NaN,NaN,0,0,1,0,0,14
12,1985,78,3,NaN,NaN,NaN,0,0,1,0,0,0
12,1985,18,9,NaN,NaN,NaN,0,0,1,0,0,19
12,1985,1341,3,NaN,NaN,NaN,0,0,1,0,0,14
12,1985,1038,4,NaN,NaN,NaN,0,0,1,0,0,0
12,1985,858,12,NaN,NaN,NaN,0,0,1,0,0,0
12,1985,1477,14,NaN,NaN,NaN,0,0,1,0,0,7
12,1985,1130,21,NaN,NaN,NaN,0,3.63617535458759,1,1,0,0
12,1985,607,7,NaN,NaN,NaN,0,0,1,0,0,11
12,1985,925,3,NaN,NaN,NaN,0,0,1,0,0,19
12,1985,593,4,NaN,NaN,NaN,0,0,1,0,0,0
12,1985,1186,21,NaN,NaN,NaN,0,3.59968221246207,1,1,0,0
12,1985,1279,3,NaN,NaN,NaN,0,0,1,0,0,0
12,1985,104,3,NaN,NaN,NaN,0,0,1,0,0,0
12,1985,106,17,NaN,NaN,NaN,0,0,1,0,0,0
12,1985,1356,1,NaN,NaN,NaN,0,0,1,0,0,16
12,1985,804,8,NaN,NaN,NaN,0,0,1,0,0,0
12,1985,182,4,NaN,NaN,NaN,0,0,1,0,0,0
12,1985,381,5,NaN,NaN,NaN,0,0,1,0,0,1
12,1985,48,20,NaN,NaN,NaN,0,0,1,0,0,13
12,1985,1268,21,NaN,NaN,NaN,0,0,1,0,0,3
12,1985,568,19,NaN,NaN,NaN,0,6.83572054396151,1,1,0,0
12,1985,1229,10,NaN,NaN,NaN,0,0,1,0,0,5
12,1985,1391,21,NaN,NaN,NaN,0,3.59968221246207,1,1,0,0
12,1985,1016,1,NaN,NaN,NaN,0,0,1,0,0,0
12,1985,763,21,NaN,NaN,NaN,0,3.59968221246207,1,1,0,0
12,1985,444,11,NaN,NaN,NaN,0,0,1,0,0,0
12,1985,803,21,NaN,NaN,NaN,0,3.63617535458759,1,1,1,9
12,1985,1003,21,NaN,NaN,NaN,0,3.63617535458759,1,1,0,0
12,1985,49,21,NaN,NaN,NaN,0,0,1,0,0,0
12,1985,372,13,NaN,NaN,NaN,0,0,1,0,0,17
12,1985,1170,11,NaN,NaN,NaN,0,0,1,0,0,8
12,1985,389,3,NaN,NaN,NaN,0,0,1,0,0,4
12,1985,1345,11,NaN,NaN,NaN,0,0,1,0,0,0
12,1985,634,12,NaN,NaN,NaN,0,0,1,0,0,0
12,1985,1240,5,NaN,NaN,NaN,0,0,1,0,0,0
12,1985,128,13,NaN,NaN,NaN,0,0,1,0,0,0
12,1985,1227,6,NaN,NaN,NaN,0,0,1,0,0,0
12,1985,769,13,NaN,NaN,NaN,0,0,1,0,0,12
12,1985,151,22,NaN,NaN,NaN,0,0,1,0,0,21
12,1985,86,16,NaN,NaN,NaN,0,0,1,0,0,19
12,1985,278,11,NaN,NaN,NaN,0,0,1,0,0,0
12,1985,1465,3,NaN,NaN,NaN,0,0,1,0,0,0
12,1985,162,14,NaN,NaN,NaN,0,0,1,0,0,0
12,1985,887,7,NaN,NaN,NaN,0,0,1,0,0,0
12,1985,1479,5,NaN,NaN,NaN,0,0,1,0,0,0
12,1985,27,20,NaN,NaN,NaN,0,0,1,0,0,0
12,1985,1024,19,NaN,NaN,NaN,0,6.83572054396151,1,1,0,0
12,1985,1457,3,NaN,NaN,NaN,0,0,1,0,0,1
12,1985,310,13,NaN,NaN,NaN,0,0,1,0,0,11
12,1985,850,3,NaN,NaN,NaN,0,0,1,0,0,0
12,1985,595,12,NaN,NaN,NaN,0,0,1,0,0,0
12,1985,1448,18,NaN,NaN,NaN,0,0,1,0,0,0
12,1985,429,19,NaN,NaN,NaN,0,0,1,0,0,0
12,1985,501,6,NaN,NaN,NaN,0,0,1,0,0,0
12,1985,776,11,NaN,NaN,NaN,0,0,1,0,0,0
13,1985,821,19,NaN,NaN,NaN,0,5.91223611118308,1,0,0,0
13,1985,1598,21,NaN,NaN,NaN,0,3.14464321562885,1,1,0,0
13,1985,931,21,NaN,NaN,NaN,0,0,1,0,0,0
13,1985,1271,20,NaN,NaN,NaN,0,8.5810883022567,1,0,0,0
13,1985,156,20,NaN,NaN,NaN,0,8.09507197025045,1,0,0,17
13,1985,674,20,NaN,NaN,NaN,0,0,1,0,0,4
13,1985,48,13,NaN,NaN,NaN,0,6.337927066809,1,0,0,0
13,1985,261,19,NaN,NaN,NaN,0,7.29702681393363,1,0,0,0
13,1985,1038,4,NaN,NaN,NaN,0,5.44292312281125,1,0,0,0
13,1985,1356,16,NaN,NaN,NaN,0,5.05450774474624,1,0,0,14
13,1985,1016,1,NaN,NaN,NaN,0,3.80598755141449,1,0,0,0
13,1985,907,5,NaN,NaN,NaN,0,0,1,0,0,0
13,1985,922,21,NaN,NaN,NaN,0,6.25849727767695,1,0,0,0
13,1985,1280,20,NaN,NaN,NaN,0,6.96204345403187,1,0,0,0
13,1985,1024,19,NaN,NaN,NaN,0,8.39231508513738,1,1,0,0
13,1985,262,20,NaN,NaN,NaN,0,8.31912762503714,1,0,0,17
13,1985,47,21,NaN,NaN,NaN,0,5.48688596401692,1,0,0,19
13,1985,1021,21,NaN,NaN,NaN,0,6.832,1,0,0,9
13,1985,593,4,NaN,NaN,NaN,0,5.24681623367311,1,0,0,0
13,1985,18,19,NaN,NaN,NaN,0,0,1,0,0,0
13,1985,1439,18,NaN,NaN,NaN,0,3.83197115336389,1,0,0,13
13,1985,595,12,NaN,NaN,NaN,0,6.48782206739707,1,0,0,0
13,1985,1130,21,NaN,NaN,NaN,0,5.45598599528056,1,1,0,0
13,1985,569,20,NaN,NaN,NaN,0,0,1,0,0,9
13,1985,763,21,NaN,NaN,NaN,0,5.54927479457622,1,1,0,0
13,1985,151,21,NaN,NaN,NaN,0,0,1,0,0,0
13,1985,815,21,NaN,NaN,NaN,0,4.22870357573733,1,0,0,0
13,1985,243,20,NaN,NaN,NaN,0,1.53980055991311,1,0,0,0
13,1985,792,22,NaN,NaN,NaN,0,7.57520599757383,1,0,0,0
13,1985,102,19,NaN,NaN,NaN,0,8.12768347640643,1,1,0,0
13,1985,444,11,NaN,NaN,NaN,0,6.21672712473946,1,0,0,0
13,1985,22,20,NaN,NaN,NaN,0,6.98944352144016,1,0,0,0
13,1985,1008,21,NaN,NaN,NaN,0,5.18543318780437,1,0,0,0
13,1985,500,20,NaN,NaN,NaN,0,6.85198062167647,1,0,0,12
13,1985,1364,19,NaN,NaN,NaN,0,6.8747552357585,1,0,0,0
13,1985,968,19,NaN,NaN,NaN,0,7.90414668268549,1,0,0,17
13,1985,1124,20,NaN,NaN,NaN,0,1.84633205418648,1,0,0,13
13,1985,1113,20,NaN,NaN,NaN,0,2.05620254263822,1,0,0,0
13,1985,767,19,NaN,NaN,NaN,0,8.10660837421821,1,0,0,2
13,1985,1121,20,NaN,NaN,NaN,0,0,1,0,0,0
13,1985,805,19,NaN,NaN,NaN,0,7.06290867482834,1,0,0,0
13,1985,887,7,NaN,NaN,NaN,0,4.98578874276348,1,0,0,0
13,1985,501,6,NaN,NaN,NaN,0,4.92260212542453,1,0,0,19
13,1985,1479,5,NaN,NaN,NaN,0,4.28350130767632,1,0,0,0
13,1985,310,11,NaN,NaN,NaN,0,5.30811893516932,1,0,0,21
13,1985,308,21,NaN,NaN,NaN,0,0,1,0,0,2
13,1985,1279,3,NaN,NaN,NaN,0,5.79620947456553,1,0,0,15
13,1985,671,20,NaN,NaN,NaN,0,1.16340002302587,1,0,0,3
13,1985,1268,3,NaN,NaN,NaN,0,5.31309358043224,1,0,0,0
13,1985,568,19,NaN,NaN,NaN,0,7.51330931044221,1,1,1,1
13,1985,978,19,NaN,NaN,NaN,0,6.86445022630212,1,0,0,0
13,1985,1441,20,NaN,NaN,NaN,0,7.21641382064121,1,0,0,13
13,1985,544,21,NaN,NaN,NaN,0,3.47694043791781,1,0,0,0
13,1985,1312,20,NaN,NaN,NaN,0,8.19795964165423,1,0,0,0
13,1985,91,21,NaN,NaN,NaN,0,0,1,0,0,12
13,1985,985,20,NaN,NaN,NaN,0,8.15262282412934,1,0,0,5
13,1985,1170,8,NaN,NaN,NaN,0,0,1,0,0,11
13,1985,49,21,NaN,NaN,NaN,0,6.82495784405824,1,0,0,0
13,1985,723,21,NaN,NaN,NaN,0,4.15097175059583,1,0,0,0
13,1985,429,19,NaN,NaN,NaN,0,7.35144766361156,1,0,0,0
13,1985,300,21,NaN,NaN,NaN,0,0,1,0,0,0
13,1985,368,19,NaN,NaN,NaN,0,6.38285340941352,1,0,0,0
13,1985,278,11,NaN,NaN,NaN,0,6.82735418279274,1,0,0,0
13,1985,811,19,NaN,NaN,NaN,0,8.1412684692592,1,0,0,0
13,1985,956,21,NaN,NaN,NaN,0,0,1,0,0,3
13,1985,766,20,NaN,NaN,NaN,0,6.98529981820446,1,0,0,18
13,1985,1396,21,NaN,NaN,NaN,0,0,1,0,0,16
13,1985,1196,19,NaN,NaN,NaN,0,7.00072453226797,1,0,0,18
13,1985,344,19,NaN,NaN,NaN,0,8.11969000551298,1,0,0,0
13,1985,1122,20,NaN,NaN,NaN,0,0.538629495284939,1,0,0,0
13,1985,410,21,NaN,NaN,NaN,0,0,1,0,0,0
13,1985,1252,21,NaN,NaN,NaN,0,5.55696427569504,1,0,0,0
13,1985,1201,14,NaN,NaN,NaN,0,0,1,0,0,13
13,1985,1178,21,NaN,NaN,NaN,0,5.96199135419002,1,0,0,5
13,1985,1497,20,NaN,NaN,NaN,0,8.5810883022567,1,0,0,7
13,1985,1368,21,NaN,NaN,NaN,0,5.27894491886729,1,0,0,5
13,1985,745,20,NaN,NaN,NaN,0,0,1,0,0,2
13,1985,427,21,NaN,NaN,NaN,0,4.96180462599162,1,0,0,0
13,1985,925,19,NaN,NaN,NaN,0,5.11289089407282,1,0,0,0
13,1985,253,15,NaN,NaN,NaN,0,6.03491231289571,1,0,0,0
13,1985,1449,21,NaN,NaN,NaN,0,3.64743065713946,1,0,0,0
13,1985,850,3,NaN,NaN,NaN,0,6.17867507091081,1,0,0,0
13,1985,690,21,NaN,NaN,NaN,0,0,1,0,0,1
13,1985,323,21,NaN,NaN,NaN,0,0,1,0,0,16
13,1985,776,11,NaN,NaN,NaN,0,5.17583236420658,1,0,0,0
13,1985,1338,19,NaN,NaN,NaN,0,2.10119633171946,1,0,0,0
13,1985,976,19,NaN,NaN,NaN,0,8.15927024671142,1,0,0,0
13,1985,1229,5,NaN,NaN,NaN,0,5.71111488539031,1,0,0,0
13,1985,104,3,NaN,NaN,NaN,0,4.45963411338194,1,0,0,0
13,1985,276,21,NaN,NaN,NaN,0,0,1,0,0,0
13,1985,381,1,NaN,NaN,NaN,0,0,1,0,0,0
13,1985,1423,19,NaN,NaN,NaN,0,7.63952748986958,1,0,0,0
13,1985,1394,21,NaN,NaN,NaN,0,0,1,0,0,15
13,1985,1448,18,NaN,NaN,NaN,0,3.52319637404186,1,0,0,11
13,1985,729,21,NaN,NaN,NaN,0,0,1,0,0,15
13,1985,1580,19,NaN,NaN,NaN,0,6.31875900923929,1,1,0,0
13,1985,1003,21,NaN,NaN,NaN,0,4.13505662687167,1,1,0,0
13,1985,389,4,NaN,NaN,NaN,0,5.852,1,0,0,0
13,1985,1584,20,NaN,NaN,NaN,0,3.92329257016427,1,1,0,0
13,1985,20,20,NaN,NaN,NaN,0,7.38838366728088,1,0,0,0
13,1985,255,20,NaN,NaN,NaN,0,8.5134569856654,1,0,0,0
13,1985,1457,1,NaN,NaN,NaN,0,0,1,0,0,0
13,1985,372,17,NaN,NaN,NaN,0,4.75858280434189,1,0,0,8
13,1985,1477,7,NaN,NaN,NaN,0,6.62271360650508,1,0,0,11
13,1985,182,4,NaN,NaN,NaN,0,0,1,0,0,0
13,1985,508,20,NaN,NaN,NaN,0,4.03494764428061,1,0,0,14
13,1985,804,8,NaN,NaN,NaN,0,0,1,0,0,16
13,1985,1305,21,NaN,NaN,NaN,0,0,1,0,0,13
13,1985,27,20,NaN,NaN,NaN,0,7.17613297334088,1,0,0,0
13,1985,296,22,NaN,NaN,NaN,0,7.79275492207323,1,0,0,0
13,1985,447,20,NaN,NaN,NaN,0,7.51383075318483,1,0,0,13
13,1985,1222,19,NaN,NaN,NaN,0,6.91012564283799,1,0,0,0
13,1985,1345,11,NaN,NaN,NaN,0,6.832,1,0,0,12
13,1985,1240,5,NaN,NaN,NaN,0,5.97691068351707,1,0,0,0
13,1985,1012,21,NaN,NaN,NaN,0,4.6360378532281,1,0,0,0
13,1985,1169,19,NaN,NaN,NaN,0,0,1,0,0,0
13,1985,44,20,NaN,NaN,NaN,0,6.99878916455535,1,0,0,0
13,1985,800,21,NaN,NaN,NaN,0,6.14124623115578,1,0,0,8
13,1985,769,12,NaN,NaN,NaN,0,5.69858574486881,1,0,0,0
13,1985,1264,19,NaN,NaN,NaN,0,7.49489230432815,1,0,0,8
13,1985,738,21,NaN,NaN,NaN,0,5.4856632777016,1,0,0,0
13,1985,541,8,NaN,NaN,NaN,0,6.74848227920149,1,0,0,0
13,1985,128,13,NaN,NaN,NaN,0,6.1071633928237,1,0,0,0
13,1985,1186,21,NaN,NaN,NaN,0,4.63546161424003,1,1,0,0
13,1985,1535,21,NaN,NaN,NaN,0,3.84574351602819,1,1,0,0
13,1985,485,19,NaN,NaN,NaN,0,0,1,0,0,18
13,1985,170,19,NaN,NaN,NaN,0,7.5129007347409,1,0,0,12
13,1985,1391,21,NaN,NaN,NaN,0,5.28930840989504,1,1,0,0
13,1985,80,19,NaN,NaN,NaN,0,0,1,0,0,16
13,1985,346,19,NaN,NaN,NaN,0,8.2707033496284,1,0,0,0
13,1985,1227,6,NaN,NaN,NaN,0,0.423234851432302,1,0,0,0
13,1985,545,20,NaN,NaN,NaN,0,6.17004890602486,1,0,0,0
13,1985,858,12,NaN,NaN,NaN,0,6.12797136324511,1,0,0,15
13,1985,554,20,NaN,NaN,NaN,0,0.198970335718247,1,0,0,0
13,1985,86,19,NaN,NaN,NaN,0,6.2216066019302,1,0,0,0
13,1985,1034,19,NaN,NaN,NaN,0,6.53583636103997,1,0,0,14
13,1985,1149,20,NaN,NaN,NaN,0,6.36365519571663,1,1,0,0
13,1985,382,15,NaN,NaN,NaN,0,4.02187695410606,1,0,0,4
13,1985,634,12,NaN,NaN,NaN,0,0,1,0,0,0
13,1985,803,9,NaN,NaN,NaN,0,0,1,0,0,0
13,1985,487,21,NaN,NaN,NaN,0,0,1,0,0,0
13,1985,1483,20,NaN,NaN,NaN,0,8.42062582670715,1,0,0,0
13,1985,1599,21,NaN,NaN,NaN,0,3.14464321562885,1,1,0,0
13,1985,59,19,NaN,NaN,NaN,0,8.38581922944169,1,0,0,0
13,1985,58,16,NaN,NaN,NaN,0,6.17867507091081,1,0,0,0
13,1985,67,19,NaN,NaN,NaN,0,2.60157414683472,1,0,0,14
13,1985,813,21,NaN,NaN,NaN,0,0,1,0,0,0
13,1985,801,20,NaN,NaN,NaN,0,5.79002461333492,1,0,0,0
13,1985,1132,18,NaN,NaN,NaN,0,5.19867507091081,1,0,0,0
13,1985,1215,21,NaN,NaN,NaN,0,5.81188794746619,1,0,0,0
13,1985,607,11,NaN,NaN,NaN,0,6.03450774474624,1,0,0,0
13,1985,106,17,NaN,NaN,NaN,0,4.2170364781958,1,0,0,0
13,1985,722,21,NaN,NaN,NaN,0,5.75735902788865,1,0,0,0
13,1985,1144,21,NaN,NaN,NaN,0,5.62172758717932,1,0,0,5
13,1985,1107,19,NaN,NaN,NaN,0,8.48944274117851,1,0,0,0
13,1985,1199,21,NaN,NaN,NaN,0,0,1,0,0,0
13,1985,1043,20,NaN,NaN,NaN,0,1.94201194901816,1,0,0,10
13,1985,1195,19,NaN,NaN,NaN,0,7.0801362185185,1,0,0,0
13,1985,1465,3,NaN,NaN,NaN,0,3.79979076089809,1,0,0,0
13,1985,78,3,NaN,NaN,NaN,0,4.45032835711688,1,0,0,19
13,1985,162,14,NaN,NaN,NaN,0,0,1,0,0,0
14,1986,1196,18,NaN,NaN,NaN,0,7.00072453226797,1,0,0,0
14,1986,182,4,NaN,NaN,NaN,0,0,1,0,0,0
14,1986,1222,19,NaN,NaN,NaN,0,6.91012564283799,1,0,0,0
14,1986,22,20,NaN,NaN,NaN,0,6.98944352144016,1,0,0,0
14,1986,323,16,NaN,NaN,NaN,0,0,1,0,0,10
14,1986,1268,3,NaN,NaN,NaN,0,5.31309358043224,1,0,0,0
14,1986,1178,5,NaN,NaN,NaN,0,5.96199135419002,1,0,0,11
14,1986,1113,20,NaN,NaN,NaN,0,2.05620254263822,1,0,0,14
14,1986,1038,4,NaN,NaN,NaN,0,5.44292312281125,1,0,0,0
14,1986,985,5,NaN,NaN,NaN,0,8.15262282412934,1,0,0,17
14,1986,48,13,NaN,NaN,NaN,0,6.337927066809,1,0,0,0
14,1986,1483,20,NaN,NaN,NaN,0,8.42062582670715,1,0,0,5
14,1986,815,21,NaN,NaN,NaN,0,4.22870357573733,1,0,0,0
14,1986,1170,11,NaN,NaN,NaN,0,0,1,0,0,8
14,1986,1312,20,NaN,NaN,NaN,0,8.19795964165423,1,0,0,0
14,1986,968,17,NaN,NaN,NaN,0,7.90414668268549,1,0,0,0
14,1986,278,11,NaN,NaN,NaN,0,6.82735418279274,1,0,0,0
14,1986,1599,21,NaN,NaN,NaN,0,3.14464321562885,1,1,0,0
14,1986,568,1,NaN,NaN,NaN,0,0,1,0,0,0
14,1986,671,3,NaN,NaN,NaN,0,1.16340002302587,1,0,0,12
14,1986,1497,7,NaN,NaN,NaN,0,8.5810883022567,1,0,0,0
14,1986,243,20,NaN,NaN,NaN,0,1.53980055991311,1,0,0,0
14,1986,1229,5,NaN,NaN,NaN,0,5.71111488539031,1,0,0,8
14,1986,776,11,NaN,NaN,NaN,0,5.17583236420658,1,0,0,0
14,1986,1356,14,NaN,NaN,NaN,0,5.05450774474624,1,0,0,0
14,1986,1149,20,NaN,NaN,NaN,0,6.36365519571663,1,1,0,0
14,1986,1186,21,NaN,NaN,NaN,0,4.63546161424003,1,1,0,0
14,1986,170,12,NaN,NaN,NaN,0,7.5129007347409,1,0,0,22
14,1986,1043,10,NaN,NaN,NaN,0,1.94201194901816,1,0,0,3
14,1986,1264,8,NaN,NaN,NaN,0,7.49489230432815,1,0,0,0
14,1986,722,21,NaN,NaN,NaN,0,5.75735902788865,1,0,0,0
14,1986,1423,19,NaN,NaN,NaN,0,7.63952748986958,1,0,0,0
14,1986,27,20,NaN,NaN,NaN,0,7.17613297334088,1,0,0,0
14,1986,978,19,NaN,NaN,NaN,0,6.86445022630212,1,0,0,0
14,1986,607,11,NaN,NaN,NaN,0,6.03450774474624,1,0,0,0
14,1986,554,20,NaN,NaN,NaN,0,0.198970335718247,1,0,0,0
14,1986,1271,20,NaN,NaN,NaN,0,8.5810883022567,1,0,0,0
14,1986,368,19,NaN,NaN,NaN,0,6.38285340941352,1,0,0,0
14,1986,1003,21,NaN,NaN,NaN,0,4.13505662687167,1,1,1,12
14,1986,766,18,NaN,NaN,NaN,0,6.98529981820446,1,0,0,0
14,1986,20,20,NaN,NaN,NaN,0,7.38838366728088,1,0,0,0
14,1986,925,19,NaN,NaN,NaN,0,5.11289089407282,1,0,0,0
14,1986,344,19,NaN,NaN,NaN,0,8.11969000551298,1,0,0,0
14,1986,922,21,NaN,NaN,NaN,0,6.25849727767695,1,0,0,0
14,1986,850,3,NaN,NaN,NaN,0,6.17867507091081,1,0,0,19
14,1986,86,19,NaN,NaN,NaN,0,6.2216066019302,1,0,0,0
14,1986,690,1,NaN,NaN,NaN,0,0,1,0,0,18
14,1986,310,21,NaN,NaN,NaN,0,5.30811893516932,1,0,0,0
14,1986,803,9,NaN,NaN,NaN,0,0,1,0,0,7
14,1986,427,21,NaN,NaN,NaN,0,4.96180462599162,1,0,0,0
14,1986,821,19,NaN,NaN,NaN,0,5.91223611118308,1,0,0,21
14,1986,300,21,NaN,NaN,NaN,0,0,1,0,0,0
14,1986,128,13,NaN,NaN,NaN,0,6.1071633928237,1,0,0,0
14,1986,59,19,NaN,NaN,NaN,0,8.38581922944169,1,0,0,0
14,1986,1305,13,NaN,NaN,NaN,0,0,1,0,0,0
14,1986,723,21,NaN,NaN,NaN,0,4.15097175059583,1,0,0,0
14,1986,1016,1,NaN,NaN,NaN,0,3.80598755141449,1,0,0,16
14,1986,500,12,NaN,NaN,NaN,0,6.85198062167647,1,0,0,15
14,1986,595,12,NaN,NaN,NaN,0,6.48782206739707,1,0,0,0
14,1986,907,5,NaN,NaN,NaN,0,0,1,0,0,0
14,1986,858,15,NaN,NaN,NaN,0,6.12797136324511,1,0,0,0
14,1986,763,21,NaN,NaN,NaN,0,5.54927479457622,1,1,0,0
14,1986,276,21,NaN,NaN,NaN,0,0,1,0,0,0
14,1986,1121,20,NaN,NaN,NaN,0,0,1,0,0,9
14,1986,382,4,NaN,NaN,NaN,0,4.02187695410606,1,0,0,0
14,1986,767,2,NaN,NaN,NaN,0,8.10660837421821,1,0,0,0
14,1986,1240,5,NaN,NaN,NaN,0,5.97691068351707,1,0,0,0
14,1986,801,20,NaN,NaN,NaN,0,5.79002461333492,1,0,0,0
14,1986,541,8,NaN,NaN,NaN,0,6.74848227920149,1,0,0,13
14,1986,674,4,NaN,NaN,NaN,0,0,1,0,0,0
14,1986,1252,21,NaN,NaN,NaN,0,5.55696427569504,1,0,0,5
14,1986,1215,21,NaN,NaN,NaN,0,5.81188794746619,1,0,0,0
14,1986,593,4,NaN,NaN,NaN,0,5.24681623367311,1,0,0,0
14,1986,444,11,NaN,NaN,NaN,0,6.21672712473946,1,0,0,0
14,1986,931,21,NaN,NaN,NaN,0,0,1,0,0,0
14,1986,156,17,NaN,NaN,NaN,0,8.09507197025045,1,0,0,13
14,1986,1280,20,NaN,NaN,NaN,0,6.96204345403187,1,0,0,8
14,1986,508,14,NaN,NaN,NaN,0,4.03494764428061,1,0,0,6
14,1986,1441,13,NaN,NaN,NaN,0,7.21641382064121,1,0,0,0
14,1986,1479,5,NaN,NaN,NaN,0,4.28350130767632,1,0,0,16
14,1986,501,19,NaN,NaN,NaN,0,4.92260212542453,1,0,0,6
14,1986,410,21,NaN,NaN,NaN,0,0,1,0,0,0
14,1986,1477,11,NaN,NaN,NaN,0,6.62271360650508,1,0,0,7
14,1986,485,18,NaN,NaN,NaN,0,0,1,0,0,12
14,1986,804,16,NaN,NaN,NaN,0,0,1,0,0,0
14,1986,792,22,NaN,NaN,NaN,0,7.57520599757383,1,0,0,0
14,1986,1449,21,NaN,NaN,NaN,0,3.64743065713946,1,0,0,0
14,1986,1199,21,NaN,NaN,NaN,0,0,1,0,0,3
14,1986,18,19,NaN,NaN,NaN,0,0,1,0,0,0
14,1986,346,19,NaN,NaN,NaN,0,8.2707033496284,1,0,0,0
14,1986,58,16,NaN,NaN,NaN,0,6.17867507091081,1,0,0,0
14,1986,1584,20,NaN,NaN,NaN,0,3.92329257016427,1,1,0,0
14,1986,1130,21,NaN,NaN,NaN,0,5.45598599528056,1,1,0,0
14,1986,1439,13,NaN,NaN,NaN,0,3.83197115336389,1,0,0,0
14,1986,569,9,NaN,NaN,NaN,0,0,1,0,0,0
14,1986,769,12,NaN,NaN,NaN,0,5.69858574486881,1,0,0,0
14,1986,887,7,NaN,NaN,NaN,0,4.98578874276348,1,0,0,0
14,1986,545,20,NaN,NaN,NaN,0,6.17004890602486,1,0,0,0
14,1986,372,8,NaN,NaN,NaN,0,4.75858280434189,1,0,0,0
14,1986,976,19,NaN,NaN,NaN,0,8.15927024671142,1,0,0,0
14,1986,800,8,NaN,NaN,NaN,0,6.14124623115578,1,0,0,0
14,1986,47,19,NaN,NaN,NaN,0,5.48688596401692,1,0,0,17
14,1986,1024,19,NaN,NaN,NaN,0,8.39231508513738,1,1,0,0
14,1986,634,12,NaN,NaN,NaN,0,0,1,0,0,14
14,1986,296,22,NaN,NaN,NaN,0,7.79275492207323,1,0,0,2
14,1986,1394,15,NaN,NaN,NaN,0,0,1,0,0,21
14,1986,253,15,NaN,NaN,NaN,0,6.03491231289571,1,0,0,20
14,1986,1124,13,NaN,NaN,NaN,0,1.84633205418648,1,0,0,0
14,1986,956,3,NaN,NaN,NaN,0,0,1,0,0,2
14,1986,151,21,NaN,NaN,NaN,0,0,1,0,0,0
14,1986,1465,3,NaN,NaN,NaN,0,3.79979076089809,1,0,0,0
14,1986,1345,12,NaN,NaN,NaN,0,6.832,1,0,0,0
14,1986,102,19,NaN,NaN,NaN,0,8.12768347640643,1,1,0,0
14,1986,1227,6,NaN,NaN,NaN,0,0.423234851432302,1,0,0,0
14,1986,1195,19,NaN,NaN,NaN,0,7.0801362185185,1,0,0,0
14,1986,729,15,NaN,NaN,NaN,0,0,1,0,0,0
14,1986,1034,14,NaN,NaN,NaN,0,6.53583636103997,1,0,0,11
14,1986,1598,21,NaN,NaN,NaN,0,3.14464321562885,1,1,0,0
14,1986,44,20,NaN,NaN,NaN,0,6.99878916455535,1,0,0,0
14,1986,1368,5,NaN,NaN,NaN,0,5.27894491886729,1,0,0,0
14,1986,1132,18,NaN,NaN,NaN,0,5.19867507091081,1,0,0,0
14,1986,1107,19,NaN,NaN,NaN,0,8.48944274117851,1,0,0,20
14,1986,80,16,NaN,NaN,NaN,0,0,1,0,0,10
14,1986,1396,16,NaN,NaN,NaN,0,0,1,0,0,9
14,1986,1144,5,NaN,NaN,NaN,0,5.62172758717932,1,0,0,0
14,1986,738,21,NaN,NaN,NaN,0,5.4856632777016,1,0,0,0
14,1986,255,20,NaN,NaN,NaN,0,8.5134569856654,1,0,0,0
14,1986,91,12,NaN,NaN,NaN,0,0,1,0,0,13
14,1986,381,1,NaN,NaN,NaN,0,0,1,0,0,0
14,1986,261,19,NaN,NaN,NaN,0,7.29702681393363,1,0,0,0
14,1986,67,14,NaN,NaN,NaN,0,2.60157414683472,1,0,0,4
14,1986,104,3,NaN,NaN,NaN,0,4.45963411338194,1,0,0,5
14,1986,429,19,NaN,NaN,NaN,0,7.35144766361156,1,0,0,0
14,1986,262,17,NaN,NaN,NaN,0,8.31912762503714,1,0,0,18
14,1986,745,2,NaN,NaN,NaN,0,0,1,0,0,0
14,1986,1122,20,NaN,NaN,NaN,0,0.538629495284939,1,0,0,0
14,1986,1008,21,NaN,NaN,NaN,0,5.18543318780437,1,0,0,22
14,1986,447,13,NaN,NaN,NaN,0,7.51383075318483,1,0,0,0
14,1986,1448,11,NaN,NaN,NaN,0,3.52319637404186,1,0,0,0
14,1986,308,2,NaN,NaN,NaN,0,0,1,0,0,0
14,1986,1535,21,NaN,NaN,NaN,0,3.84574351602819,1,1,0,0
14,1986,1201,13,NaN,NaN,NaN,0,0,1,0,0,0
14,1986,1457,1,NaN,NaN,NaN,0,0,1,0,0,0
14,1986,487,21,NaN,NaN,NaN,0,0,1,0,0,0
14,1986,1364,19,NaN,NaN,NaN,0,6.8747552357585,1,0,0,5
14,1986,813,21,NaN,NaN,NaN,0,0,1,0,0,0
14,1986,1169,19,NaN,NaN,NaN,0,0,1,0,0,17
14,1986,1580,19,NaN,NaN,NaN,0,6.31875900923929,1,1,0,0
14,1986,389,4,NaN,NaN,NaN,0,5.852,1,0,0,0
14,1986,162,14,NaN,NaN,NaN,0,0,1,0,0,9
14,1986,811,19,NaN,NaN,NaN,0,8.1412684692592,1,0,0,0
14,1986,1021,9,NaN,NaN,NaN,0,6.832,1,0,0,0
14,1986,1391,21,NaN,NaN,NaN,0,5.28930840989504,1,1,0,0
14,1986,106,17,NaN,NaN,NaN,0,4.2170364781958,1,0,0,3
14,1986,1279,15,NaN,NaN,NaN,0,5.79620947456553,1,0,0,6
14,1986,544,21,NaN,NaN,NaN,0,3.47694043791781,1,0,0,0
14,1986,78,19,NaN,NaN,NaN,0,4.45032835711688,1,0,0,15
15,1986,444,11,NaN,NaN,NaN,0,6.21672712473946,1,1,1,18
15,1986,1598,21,NaN,NaN,NaN,0,3.14464321562885,1,1,0,0
15,1986,1122,20,NaN,NaN,NaN,0,0.538629495284939,1,1,0,0
15,1986,59,19,NaN,NaN,NaN,0,8.38581922944169,1,1,1,16
15,1986,634,14,NaN,NaN,NaN,0,0,1,1,0,13
15,1986,985,17,NaN,NaN,NaN,0,8.15262282412934,1,1,1,20
15,1986,1396,9,NaN,NaN,NaN,0,0,1,1,0,0
15,1986,792,22,NaN,NaN,NaN,0,7.57520599757383,1,1,1,6
15,1986,501,6,NaN,NaN,NaN,0,4.92260212542453,1,1,1,15
15,1986,381,1,NaN,NaN,NaN,0,0,1,1,0,0
15,1986,978,19,NaN,NaN,NaN,0,6.86445022630212,1,1,1,12
15,1986,1195,19,NaN,NaN,NaN,0,7.0801362185185,1,1,1,15
15,1986,1130,21,NaN,NaN,NaN,0,5.45598599528056,1,1,0,0
15,1986,1113,14,NaN,NaN,NaN,0,2.05620254263822,1,1,1,21
15,1986,1599,21,NaN,NaN,NaN,0,3.14464321562885,1,1,0,0
15,1986,1448,11,NaN,NaN,NaN,0,3.52319637404186,1,1,1,19
15,1986,1280,8,NaN,NaN,NaN,0,6.96204345403187,1,1,1,1
15,1986,1169,17,NaN,NaN,NaN,0,0,1,1,0,0
15,1986,976,19,NaN,NaN,NaN,0,8.15927024671142,1,1,1,9
15,1986,1391,21,NaN,NaN,NaN,0,5.28930840989504,1,1,1,10
15,1986,276,21,NaN,NaN,NaN,0,0,1,1,0,0
15,1986,1024,19,NaN,NaN,NaN,0,8.39231508513738,1,1,0,0
15,1986,803,7,NaN,NaN,NaN,0,0,1,0,0,0
15,1986,1305,13,NaN,NaN,NaN,0,0,1,1,0,0
15,1986,182,4,NaN,NaN,NaN,0,0,1,1,0,0
15,1986,47,17,NaN,NaN,NaN,0,5.48688596401692,1,1,1,7
15,1986,690,18,NaN,NaN,NaN,0,0,1,1,0,21
15,1986,1584,20,NaN,NaN,NaN,0,3.92329257016427,1,1,0,0
15,1986,372,8,NaN,NaN,NaN,0,4.75858280434189,1,1,1,5
15,1986,1449,21,NaN,NaN,NaN,0,3.64743065713946,1,1,1,5
15,1986,382,4,NaN,NaN,NaN,0,4.02187695410606,1,1,1,6
15,1986,261,19,NaN,NaN,NaN,0,7.29702681393363,1,1,1,22
15,1986,500,15,NaN,NaN,NaN,0,6.85198062167647,1,1,1,17
15,1986,804,16,NaN,NaN,NaN,0,0,1,1,0,14
15,1986,104,5,NaN,NaN,NaN,0,4.45963411338194,1,1,1,10
15,1986,262,18,NaN,NaN,NaN,0,8.31912762503714,1,1,1,17
15,1986,1201,13,NaN,NaN,NaN,0,0,1,1,0,0
15,1986,593,4,NaN,NaN,NaN,0,5.24681623367311,1,1,1,3
15,1986,1312,20,NaN,NaN,NaN,0,8.19795964165423,1,1,1,6
15,1986,162,9,NaN,NaN,NaN,0,0,1,1,0,0
15,1986,1368,5,NaN,NaN,NaN,0,5.27894491886729,1,1,1,6
15,1986,1423,19,NaN,NaN,NaN,0,7.63952748986958,1,1,1,16
15,1986,776,11,NaN,NaN,NaN,0,5.17583236420658,1,1,1,4
15,1986,1394,21,NaN,NaN,NaN,0,0,1,1,0,0
15,1986,1149,20,NaN,NaN,NaN,0,6.36365519571663,1,1,0,0
15,1986,1107,20,NaN,NaN,NaN,0,8.48944274117851,1,1,1,19
15,1986,253,20,NaN,NaN,NaN,0,6.03491231289571,1,1,1,5
15,1986,20,20,NaN,NaN,NaN,0,7.38838366728088,1,1,1,16
15,1986,278,11,NaN,NaN,NaN,0,6.82735418279274,1,1,1,3
15,1986,1229,8,NaN,NaN,NaN,0,5.71111488539031,1,1,1,9
15,1986,323,10,NaN,NaN,NaN,0,0,1,1,0,0
15,1986,1441,13,NaN,NaN,NaN,0,7.21641382064121,1,1,1,3
15,1986,389,4,NaN,NaN,NaN,0,5.852,1,1,1,5
15,1986,447,13,NaN,NaN,NaN,0,7.51383075318483,1,1,1,1
15,1986,723,21,NaN,NaN,NaN,0,4.15097175059583,1,1,1,14
15,1986,308,2,NaN,NaN,NaN,0,0,1,1,0,0
15,1986,1132,18,NaN,NaN,NaN,0,5.19867507091081,1,1,1,9
15,1986,541,13,NaN,NaN,NaN,0,6.74848227920149,1,1,1,2
15,1986,1483,5,NaN,NaN,NaN,0,8.42062582670715,1,1,1,11
15,1986,170,22,NaN,NaN,NaN,0,7.5129007347409,1,1,1,6
15,1986,850,19,NaN,NaN,NaN,0,6.17867507091081,1,1,1,3
15,1986,1479,16,NaN,NaN,NaN,0,4.28350130767632,1,1,1,8
15,1986,1356,14,NaN,NaN,NaN,0,5.05450774474624,1,1,1,7
15,1986,44,20,NaN,NaN,NaN,0,6.99878916455535,1,1,1,11
15,1986,487,21,NaN,NaN,NaN,0,0,1,1,0,0
15,1986,607,11,NaN,NaN,NaN,0,6.03450774474624,1,1,1,4
15,1986,296,2,NaN,NaN,NaN,0,7.79275492207323,1,1,1,10
15,1986,1535,21,NaN,NaN,NaN,0,3.84574351602819,1,1,0,0
15,1986,821,21,NaN,NaN,NaN,0,5.91223611118308,1,1,1,22
15,1986,22,20,NaN,NaN,NaN,0,6.98944352144016,1,1,1,13
15,1986,738,21,NaN,NaN,NaN,0,5.4856632777016,1,1,1,17
15,1986,1264,8,NaN,NaN,NaN,0,7.49489230432815,1,1,1,19
15,1986,1227,6,NaN,NaN,NaN,0,0.423234851432302,1,1,0,0
15,1986,800,8,NaN,NaN,NaN,0,6.14124623115578,1,1,1,2
15,1986,925,19,NaN,NaN,NaN,0,5.11289089407282,1,1,1,16
15,1986,156,13,NaN,NaN,NaN,0,8.09507197025045,1,1,1,10
15,1986,48,13,NaN,NaN,NaN,0,6.337927066809,1,1,1,2
15,1986,907,5,NaN,NaN,NaN,0,0,1,1,0,0
15,1986,1222,19,NaN,NaN,NaN,0,6.91012564283799,1,1,1,20
15,1986,58,16,NaN,NaN,NaN,0,6.17867507091081,1,1,1,18
15,1986,1268,3,NaN,NaN,NaN,0,5.31309358043224,1,1,1,5
15,1986,151,21,NaN,NaN,NaN,0,0,1,1,0,15
15,1986,1580,19,NaN,NaN,NaN,0,6.31875900923929,1,1,0,0
15,1986,427,21,NaN,NaN,NaN,0,4.96180462599162,1,1,1,7
15,1986,243,20,NaN,NaN,NaN,0,1.53980055991311,1,1,1,16
15,1986,78,15,NaN,NaN,NaN,0,4.45032835711688,1,1,1,20
15,1986,67,4,NaN,NaN,NaN,0,2.60157414683472,1,1,1,18
15,1986,1144,5,NaN,NaN,NaN,0,5.62172758717932,1,1,1,11
15,1986,1271,20,NaN,NaN,NaN,0,8.5810883022567,1,1,1,7
15,1986,569,9,NaN,NaN,NaN,0,0,1,1,0,2
15,1986,887,7,NaN,NaN,NaN,0,4.98578874276348,1,1,1,22
15,1986,1186,21,NaN,NaN,NaN,0,4.63546161424003,1,1,0,0
15,1986,922,21,NaN,NaN,NaN,0,6.25849727767695,1,1,1,20
15,1986,767,2,NaN,NaN,NaN,0,8.10660837421821,1,1,1,12
15,1986,1215,21,NaN,NaN,NaN,0,5.81188794746619,1,1,1,8
15,1986,1439,13,NaN,NaN,NaN,0,3.83197115336389,1,1,1,19
15,1986,722,21,NaN,NaN,NaN,0,5.75735902788865,1,1,1,20
15,1986,346,19,NaN,NaN,NaN,0,8.2707033496284,1,1,1,4
15,1986,763,21,NaN,NaN,NaN,0,5.54927479457622,1,1,0,0
15,1986,255,20,NaN,NaN,NaN,0,8.5134569856654,1,1,1,1
15,1986,1240,5,NaN,NaN,NaN,0,5.97691068351707,1,1,1,6
15,1986,310,21,NaN,NaN,NaN,0,5.30811893516932,1,1,1,22
15,1986,815,21,NaN,NaN,NaN,0,4.22870357573733,1,1,1,16
15,1986,429,19,NaN,NaN,NaN,0,7.35144766361156,1,1,1,21
15,1986,1477,7,NaN,NaN,NaN,0,6.62271360650508,1,1,1,14
15,1986,508,6,NaN,NaN,NaN,0,4.03494764428061,1,1,1,14
15,1986,102,19,NaN,NaN,NaN,0,8.12768347640643,1,1,0,0
15,1986,554,20,NaN,NaN,NaN,0,0.198970335718247,1,1,0,0
15,1986,956,2,NaN,NaN,NaN,0,0,1,1,0,3
15,1986,674,4,NaN,NaN,NaN,0,0,1,1,0,16
15,1986,1252,5,NaN,NaN,NaN,0,5.55696427569504,1,1,1,6
15,1986,1021,9,NaN,NaN,NaN,0,6.832,1,1,1,7
15,1986,568,1,NaN,NaN,NaN,0,0,1,0,0,0
15,1986,1345,12,NaN,NaN,NaN,0,6.832,1,1,1,3
15,1986,545,20,NaN,NaN,NaN,0,6.17004890602486,1,1,1,16
15,1986,1170,8,NaN,NaN,NaN,0,0,1,1,0,12
15,1986,1279,6,NaN,NaN,NaN,0,5.79620947456553,1,1,1,1
15,1986,300,21,NaN,NaN,NaN,0,0,1,1,0,0
15,1986,1034,11,NaN,NaN,NaN,0,6.53583636103997,1,1,1,2
15,1986,595,12,NaN,NaN,NaN,0,6.48782206739707,1,1,1,10
15,1986,1016,16,NaN,NaN,NaN,0,3.80598755141449,1,1,1,7
15,1986,1124,13,NaN,NaN,NaN,0,1.84633205418648,1,1,1,2
15,1986,91,13,NaN,NaN,NaN,0,0,1,1,0,0
15,1986,1465,3,NaN,NaN,NaN,0,3.79979076089809,1,1,1,20
15,1986,128,13,NaN,NaN,NaN,0,6.1071633928237,1,1,1,11
15,1986,769,12,NaN,NaN,NaN,0,5.69858574486881,1,1,1,11
15,1986,1008,22,NaN,NaN,NaN,0,5.18543318780437,1,1,1,13
15,1986,1497,7,NaN,NaN,NaN,0,8.5810883022567,1,1,1,18
15,1986,1003,12,NaN,NaN,NaN,0,0,1,0,0,14
15,1986,1043,3,NaN,NaN,NaN,0,1.94201194901816,1,1,1,6
15,1986,671,12,NaN,NaN,NaN,0,1.16340002302587,1,1,1,13
15,1986,1121,9,NaN,NaN,NaN,0,0,1,1,0,0
15,1986,410,21,NaN,NaN,NaN,0,0,1,1,0,12
15,1986,485,12,NaN,NaN,NaN,0,0,1,1,0,0
15,1986,1196,18,NaN,NaN,NaN,0,7.00072453226797,1,1,1,9
15,1986,801,20,NaN,NaN,NaN,0,5.79002461333492,1,1,1,17
15,1986,766,18,NaN,NaN,NaN,0,6.98529981820446,1,1,1,5
15,1986,86,19,NaN,NaN,NaN,0,6.2216066019302,1,1,1,1
15,1986,811,19,NaN,NaN,NaN,0,8.1412684692592,1,1,1,4
15,1986,745,2,NaN,NaN,NaN,0,0,1,1,0,0
15,1986,968,17,NaN,NaN,NaN,0,7.90414668268549,1,1,1,5
15,1986,1199,3,NaN,NaN,NaN,0,0,1,1,0,0
15,1986,344,19,NaN,NaN,NaN,0,8.11969000551298,1,1,1,8
15,1986,931,21,NaN,NaN,NaN,0,0,1,1,0,0
15,1986,18,19,NaN,NaN,NaN,0,0,1,1,0,14
15,1986,729,15,NaN,NaN,NaN,0,0,1,1,0,0
15,1986,80,10,NaN,NaN,NaN,0,0,1,1,0,0
15,1986,106,3,NaN,NaN,NaN,0,4.2170364781958,1,1,1,15
15,1986,544,21,NaN,NaN,NaN,0,3.47694043791781,1,0,0,17
15,1986,858,15,NaN,NaN,NaN,0,6.12797136324511,1,1,1,22
15,1986,1364,5,NaN,NaN,NaN,0,6.8747552357585,1,1,1,16
15,1986,813,21,NaN,NaN,NaN,0,0,1,1,0,0
15,1986,368,19,NaN,NaN,NaN,0,6.38285340941352,1,1,1,11
15,1986,1038,4,NaN,NaN,NaN,0,5.44292312281125,1,1,1,3
15,1986,1457,1,NaN,NaN,NaN,0,0,1,1,0,0
15,1986,1178,11,NaN,NaN,NaN,0,5.96199135419002,1,1,1,17
15,1986,27,20,NaN,NaN,NaN,0,7.17613297334088,1,1,1,22
16,1986,300,21,NaN,NaN,NaN,0,0,1,1,0,0
16,1986,1396,9,NaN,NaN,NaN,0,0,1,1,0,20
16,1986,1477,14,NaN,NaN,NaN,0,0,1,0,0,6
16,1986,803,7,NaN,NaN,NaN,0,0,1,1,0,13
16,1986,976,9,NaN,NaN,NaN,0,0,1,0,0,0
16,1986,389,5,NaN,NaN,NaN,0,0,1,0,0,9
16,1986,922,20,NaN,NaN,NaN,0,0,1,0,0,21
16,1986,310,22,NaN,NaN,NaN,0,0,1,0,0,10
16,1986,1169,17,NaN,NaN,NaN,0,0,1,1,0,19
16,1986,346,4,NaN,NaN,NaN,0,0,1,0,0,0
16,1986,985,20,NaN,NaN,NaN,0,0,1,0,0,15
16,1986,1394,21,NaN,NaN,NaN,0,0,1,1,0,0
16,1986,1016,7,NaN,NaN,NaN,0,0,1,0,0,15
16,1986,1448,19,NaN,NaN,NaN,0,0,1,0,0,0
16,1986,931,21,NaN,NaN,NaN,0,0,1,1,0,0
16,1986,1215,8,NaN,NaN,NaN,0,0,1,0,0,21
16,1986,1043,6,NaN,NaN,NaN,0,0,1,0,0,0
16,1986,1170,12,NaN,NaN,NaN,0,0,1,1,0,0
16,1986,1584,20,NaN,NaN,NaN,0,3.92329257016427,1,1,0,0
16,1986,1345,3,NaN,NaN,NaN,0,0,1,0,0,12
16,1986,508,14,NaN,NaN,NaN,0,0,1,0,0,6
16,1986,593,3,NaN,NaN,NaN,0,0,1,0,0,6
16,1986,162,9,NaN,NaN,NaN,0,0,1,1,0,0
16,1986,80,10,NaN,NaN,NaN,0,0,1,1,0,0
16,1986,44,11,NaN,NaN,NaN,0,0,1,0,0,20
16,1986,368,11,NaN,NaN,NaN,0,0,1,0,0,8
16,1986,1364,16,NaN,NaN,NaN,0,0,1,0,0,22
16,1986,500,17,NaN,NaN,NaN,0,0,1,0,0,3
16,1986,67,18,NaN,NaN,NaN,0,0,1,0,0,22
16,1986,429,21,NaN,NaN,NaN,0,0,1,0,0,18
16,1986,1201,13,NaN,NaN,NaN,0,0,1,1,0,16
16,1986,261,22,NaN,NaN,NaN,0,0,1,0,0,16
16,1986,595,10,NaN,NaN,NaN,0,0,1,0,0,12
16,1986,968,5,NaN,NaN,NaN,0,0,1,0,0,0
16,1986,1305,13,NaN,NaN,NaN,0,0,1,1,0,0
16,1986,1132,9,NaN,NaN,NaN,0,0,1,0,0,14
16,1986,1130,21,NaN,NaN,NaN,0,5.45598599528056,1,1,0,0
16,1986,925,16,NaN,NaN,NaN,0,0,1,0,0,0
16,1986,1312,6,NaN,NaN,NaN,0,0,1,0,0,20
16,1986,813,21,NaN,NaN,NaN,0,0,1,1,0,0
16,1986,86,1,NaN,NaN,NaN,0,0,1,0,0,19
16,1986,690,21,NaN,NaN,NaN,0,0,1,1,0,11
16,1986,78,20,NaN,NaN,NaN,0,0,1,0,0,13
16,1986,766,5,NaN,NaN,NaN,0,0,1,0,0,20
16,1986,344,8,NaN,NaN,NaN,0,0,1,0,0,1
16,1986,792,6,NaN,NaN,NaN,0,0,1,0,0,0
16,1986,253,5,NaN,NaN,NaN,0,0,1,0,0,18
16,1986,1021,7,NaN,NaN,NaN,0,0,1,0,0,0
16,1986,1034,2,NaN,NaN,NaN,0,0,1,0,0,0
16,1986,487,21,NaN,NaN,NaN,0,0,1,1,0,15
16,1986,151,15,NaN,NaN,NaN,0,0,1,1,0,1
16,1986,858,22,NaN,NaN,NaN,0,0,1,0,0,0
16,1986,58,18,NaN,NaN,NaN,0,0,1,0,0,16
16,1986,1497,18,NaN,NaN,NaN,0,0,1,0,0,0
16,1986,182,4,NaN,NaN,NaN,0,0,1,1,0,17
16,1986,27,22,NaN,NaN,NaN,0,0,1,0,0,11
16,1986,1195,15,NaN,NaN,NaN,0,0,1,0,0,12
16,1986,1122,20,NaN,NaN,NaN,0,0.538629495284939,1,1,0,0
16,1986,1479,8,NaN,NaN,NaN,0,0,1,0,0,2
16,1986,1449,5,NaN,NaN,NaN,0,0,1,0,0,21
16,1986,372,5,NaN,NaN,NaN,0,0,1,0,0,16
16,1986,427,7,NaN,NaN,NaN,0,0,1,0,0,10
16,1986,485,12,NaN,NaN,NaN,0,0,1,1,0,0
16,1986,323,10,NaN,NaN,NaN,0,0,1,1,0,0
16,1986,763,21,NaN,NaN,NaN,0,5.54927479457622,1,1,0,0
16,1986,1279,1,NaN,NaN,NaN,0,0,1,0,0,0
16,1986,444,18,NaN,NaN,NaN,0,0,1,0,0,11
16,1986,722,20,NaN,NaN,NaN,0,0,1,0,0,21
16,1986,1465,20,NaN,NaN,NaN,0,0,1,0,0,3
16,1986,1124,2,NaN,NaN,NaN,0,0,1,0,0,0
16,1986,769,11,NaN,NaN,NaN,0,0,1,0,0,12
16,1986,1240,6,NaN,NaN,NaN,0,0,1,0,0,22
16,1986,1003,14,NaN,NaN,NaN,0,0,1,0,0,10
16,1986,723,14,NaN,NaN,NaN,0,0,1,0,0,0
16,1986,1227,6,NaN,NaN,NaN,0,0.423234851432302,1,1,0,0
16,1986,569,2,NaN,NaN,NaN,0,0,1,1,0,14
16,1986,1268,5,NaN,NaN,NaN,0,0,1,0,0,0
16,1986,1107,19,NaN,NaN,NaN,0,0,1,0,0,20
16,1986,545,16,NaN,NaN,NaN,0,0,1,0,0,3
16,1986,106,15,NaN,NaN,NaN,0,0,1,0,0,6
16,1986,262,17,NaN,NaN,NaN,0,0,1,0,0,0
16,1986,956,3,NaN,NaN,NaN,0,0,1,1,0,20
16,1986,243,16,NaN,NaN,NaN,0,0,1,0,0,13
16,1986,907,5,NaN,NaN,NaN,0,0,1,1,0,0
16,1986,91,13,NaN,NaN,NaN,0,0,1,1,0,0
16,1986,104,10,NaN,NaN,NaN,0,0,1,0,0,22
16,1986,1252,6,NaN,NaN,NaN,0,0,1,0,0,3
16,1986,381,1,NaN,NaN,NaN,0,0,1,1,0,0
16,1986,1368,6,NaN,NaN,NaN,0,0,1,0,0,5
16,1986,47,7,NaN,NaN,NaN,0,0,1,0,0,0
16,1986,887,22,NaN,NaN,NaN,0,0,1,0,0,6
16,1986,541,2,NaN,NaN,NaN,0,0,1,0,0,6
16,1986,48,2,NaN,NaN,NaN,0,0,1,0,0,21
16,1986,568,1,NaN,NaN,NaN,0,0,1,0,0,19
16,1986,1264,19,NaN,NaN,NaN,0,0,1,0,0,3
16,1986,1280,1,NaN,NaN,NaN,0,0,1,0,0,0
16,1986,1222,20,NaN,NaN,NaN,0,0,1,0,0,19
16,1986,447,1,NaN,NaN,NaN,0,0,1,0,0,0
16,1986,102,19,NaN,NaN,NaN,0,8.12768347640643,1,1,0,0
16,1986,1149,20,NaN,NaN,NaN,0,6.36365519571663,1,1,0,0
16,1986,1008,13,NaN,NaN,NaN,0,0,1,0,0,0
16,1986,1038,3,NaN,NaN,NaN,0,0,1,0,0,6
16,1986,1186,21,NaN,NaN,NaN,0,4.63546161424003,1,1,0,0
16,1986,1391,10,NaN,NaN,NaN,0,0,1,0,0,2
16,1986,1483,11,NaN,NaN,NaN,0,0,1,0,0,22
16,1986,554,20,NaN,NaN,NaN,0,0.198970335718247,1,1,0,7
16,1986,801,17,NaN,NaN,NaN,0,0,1,0,0,20
16,1986,128,11,NaN,NaN,NaN,0,0,1,0,0,0
16,1986,729,15,NaN,NaN,NaN,0,0,1,1,0,0
16,1986,1196,9,NaN,NaN,NaN,0,0,1,0,0,0
16,1986,18,14,NaN,NaN,NaN,0,0,1,1,0,0
16,1986,804,14,NaN,NaN,NaN,0,0,1,1,0,0
16,1986,1229,9,NaN,NaN,NaN,0,0,1,0,0,12
16,1986,20,16,NaN,NaN,NaN,0,0,1,0,0,14
16,1986,776,4,NaN,NaN,NaN,0,0,1,0,0,0
16,1986,1457,1,NaN,NaN,NaN,0,0,1,1,0,17
16,1986,1580,19,NaN,NaN,NaN,0,6.31875900923929,1,1,0,0
16,1986,410,12,NaN,NaN,NaN,0,0,1,1,0,0
16,1986,308,2,NaN,NaN,NaN,0,0,1,1,0,0
16,1986,811,4,NaN,NaN,NaN,0,0,1,0,0,6
16,1986,1598,21,NaN,NaN,NaN,0,3.14464321562885,1,1,0,0
16,1986,1199,3,NaN,NaN,NaN,0,0,1,1,0,21
16,1986,1144,11,NaN,NaN,NaN,0,0,1,0,0,9
16,1986,850,3,NaN,NaN,NaN,0,0,1,0,0,0
16,1986,1535,21,NaN,NaN,NaN,0,3.84574351602819,1,1,0,0
16,1986,978,12,NaN,NaN,NaN,0,0,1,0,0,0
16,1986,1356,7,NaN,NaN,NaN,0,0,1,0,0,20
16,1986,1271,7,NaN,NaN,NaN,0,0,1,0,0,21
16,1986,745,2,NaN,NaN,NaN,0,0,1,1,0,3
16,1986,1178,17,NaN,NaN,NaN,0,0,1,0,0,0
16,1986,278,3,NaN,NaN,NaN,0,0,1,0,0,11
16,1986,1599,21,NaN,NaN,NaN,0,3.14464321562885,1,1,0,0
16,1986,671,13,NaN,NaN,NaN,0,0,1,0,0,12
16,1986,634,13,NaN,NaN,NaN,0,0,1,1,0,0
16,1986,296,10,NaN,NaN,NaN,0,0,1,0,0,13
16,1986,501,15,NaN,NaN,NaN,0,0,1,0,0,14
16,1986,738,17,NaN,NaN,NaN,0,0,1,0,0,3
16,1986,276,21,NaN,NaN,NaN,0,0,1,1,0,3
16,1986,1441,3,NaN,NaN,NaN,0,0,1,0,0,0
16,1986,674,16,NaN,NaN,NaN,0,0,1,1,0,14
16,1986,821,22,NaN,NaN,NaN,0,0,1,0,0,8
16,1986,156,10,NaN,NaN,NaN,0,0,1,0,0,19
16,1986,800,2,NaN,NaN,NaN,0,0,1,0,0,0
16,1986,382,6,NaN,NaN,NaN,0,0,1,0,0,4
16,1986,255,1,NaN,NaN,NaN,0,0,1,0,0,0
16,1986,1113,21,NaN,NaN,NaN,0,0,1,0,0,0
16,1986,1439,19,NaN,NaN,NaN,0,0,1,0,0,0
16,1986,607,4,NaN,NaN,NaN,0,0,1,0,0,11
16,1986,544,17,NaN,NaN,NaN,0,3.47694043791781,1,1,1,7
16,1986,1024,19,NaN,NaN,NaN,0,8.39231508513738,1,1,0,0
16,1986,1423,16,NaN,NaN,NaN,0,0,1,0,0,0
16,1986,170,6,NaN,NaN,NaN,0,0,1,0,0,0
16,1986,815,16,NaN,NaN,NaN,0,0,1,0,0,0
16,1986,1121,9,NaN,NaN,NaN,0,0,1,1,0,13
16,1986,767,12,NaN,NaN,NaN,0,0,1,0,0,0
16,1986,59,16,NaN,NaN,NaN,0,0,1,0,0,0
17,1986,1312,20,NaN,NaN,NaN,0,7.33630535908264,1,0,0,4
17,1986,410,12,NaN,NaN,NaN,0,0,1,1,0,9
17,1986,722,21,NaN,NaN,NaN,0,0,1,0,0,7
17,1986,1021,7,NaN,NaN,NaN,0,6.8825544880368,1,0,0,0
17,1986,1144,9,NaN,NaN,NaN,0,3.35138171943223,1,0,0,5
17,1986,738,3,NaN,NaN,NaN,0,0,1,0,0,0
17,1986,1364,22,NaN,NaN,NaN,0,7.18962987104863,1,0,0,0
17,1986,323,10,NaN,NaN,NaN,0,5.20781332023181,1,1,1,17
17,1986,1305,13,NaN,NaN,NaN,0,0,1,1,0,0
17,1986,1122,20,NaN,NaN,NaN,0,0,1,1,0,0
17,1986,272,20,NaN,NaN,NaN,0,0,1,0,0,0
17,1986,372,16,NaN,NaN,NaN,0,0,1,0,0,0
17,1986,444,11,NaN,NaN,NaN,0,0,1,0,0,0
17,1986,1121,13,NaN,NaN,NaN,0,0,1,1,0,7
17,1986,1196,9,NaN,NaN,NaN,0,0,1,0,0,2
17,1986,1149,20,NaN,NaN,NaN,0,4.51048657914358,1,1,0,0
17,1986,1003,10,NaN,NaN,NaN,0,0,1,0,0,0
17,1986,243,13,NaN,NaN,NaN,0,7.65178560009605,1,0,0,16
17,1986,278,11,NaN,NaN,NaN,0,5.39493194720536,1,0,0,10
17,1986,128,11,NaN,NaN,NaN,0,0,1,0,0,13
17,1986,1016,15,NaN,NaN,NaN,0,0,1,0,0,11
17,1986,262,17,NaN,NaN,NaN,0,5.73475756482791,1,0,0,10
17,1986,1457,17,NaN,NaN,NaN,0,2.82699813050419,1,1,1,20
17,1986,800,2,NaN,NaN,NaN,0,0,1,0,0,6
17,1986,554,7,NaN,NaN,NaN,0,0,1,1,0,17
17,1986,551,20,NaN,NaN,NaN,0,8.17102060608319,1,1,1,13
17,1986,1130,21,NaN,NaN,NaN,0,2.66278923062312,1,1,0,0
17,1986,300,21,NaN,NaN,NaN,0,0,1,1,0,0
17,1986,968,5,NaN,NaN,NaN,0,7.02215769282473,1,0,0,11
17,1986,183,20,NaN,NaN,NaN,0,0.133621750300936,1,1,0,19
17,1986,18,14,NaN,NaN,NaN,0,3.10119588493399,1,1,1,7
17,1986,769,12,NaN,NaN,NaN,0,0,1,0,0,0
17,1986,766,20,NaN,NaN,NaN,0,8.17899557945419,1,0,0,5
17,1986,276,3,NaN,NaN,NaN,0,6.05532494719123,1,1,1,9
17,1986,821,8,NaN,NaN,NaN,0,0,1,0,0,0
17,1986,308,2,NaN,NaN,NaN,0,5.489921819349,1,1,1,18
17,1986,804,14,NaN,NaN,NaN,0,0,1,1,0,0
17,1986,210,19,NaN,NaN,NaN,0,9.05707864555436,1,0,0,5
17,1986,382,4,NaN,NaN,NaN,0,1.80409651027203,1,0,0,0
17,1986,1391,2,NaN,NaN,NaN,0,5.52466092511777,1,0,0,12
17,1986,162,9,NaN,NaN,NaN,0,3.41489317506562,1,1,1,20
17,1986,1497,18,NaN,NaN,NaN,0,4.74090863983995,1,0,0,17
17,1986,461,21,NaN,NaN,NaN,0,0,1,0,0,3
17,1986,250,21,NaN,NaN,NaN,0,0,1,0,0,3
17,1986,569,14,NaN,NaN,NaN,0,0,1,1,0,9
17,1986,1441,3,NaN,NaN,NaN,0,7.0760021723491,1,0,0,0
17,1986,403,20,NaN,NaN,NaN,0,0,1,1,0,18
17,1986,91,13,NaN,NaN,NaN,0,0,1,1,0,0
17,1986,485,12,NaN,NaN,NaN,0,4.76775228306421,1,1,1,21
17,1986,1580,19,NaN,NaN,NaN,0,7.31006246159561,1,1,0,0
17,1986,813,21,NaN,NaN,NaN,0,0,1,1,0,5
17,1986,48,21,NaN,NaN,NaN,0,3.59636742230956,1,0,0,22
17,1986,1222,19,NaN,NaN,NaN,0,0,1,0,0,0
17,1986,1465,3,NaN,NaN,NaN,0,0,1,0,0,9
17,1986,120,20,NaN,NaN,NaN,0,0,1,0,0,0
17,1986,245,21,NaN,NaN,NaN,0,0,1,0,0,11
17,1986,508,6,NaN,NaN,NaN,0,0,1,0,0,14
17,1986,344,1,NaN,NaN,NaN,0,0,1,0,0,0
17,1986,593,6,NaN,NaN,NaN,0,6.73137760693315,1,0,0,0
17,1986,976,9,NaN,NaN,NaN,0,0,1,0,0,19
17,1986,1449,21,NaN,NaN,NaN,0,0,1,0,0,0
17,1986,803,13,NaN,NaN,NaN,0,0,1,1,0,0
17,1986,674,14,NaN,NaN,NaN,0,0,1,1,0,0
17,1986,1345,12,NaN,NaN,NaN,0,6.61662771732872,1,0,0,5
17,1986,978,12,NaN,NaN,NaN,0,4.69522056918877,1,0,0,0
17,1986,138,21,NaN,NaN,NaN,0,0,1,0,0,3
17,1986,956,20,NaN,NaN,NaN,0,0,1,1,0,3
17,1986,96,20,NaN,NaN,NaN,0,0,1,1,0,17
17,1986,80,10,NaN,NaN,NaN,0,0,1,1,0,0
17,1986,233,21,NaN,NaN,NaN,0,4.39344256342868,1,1,1,12
17,1986,59,16,NaN,NaN,NaN,0,0,1,0,0,10
17,1986,1186,21,NaN,NaN,NaN,0,2.68954333612915,1,1,0,0
17,1986,792,6,NaN,NaN,NaN,0,8.29796442355266,1,0,0,0
17,1986,1280,1,NaN,NaN,NaN,0,0,1,0,0,20
17,1986,1199,21,NaN,NaN,NaN,0,0,1,1,0,3
17,1986,134,21,NaN,NaN,NaN,0,0,1,0,0,12
17,1986,1240,22,NaN,NaN,NaN,0,0,1,0,0,0
17,1986,801,20,NaN,NaN,NaN,0,7.20018276719733,1,0,0,2
17,1986,1215,21,NaN,NaN,NaN,0,0,1,0,0,0
17,1986,156,19,NaN,NaN,NaN,0,6.29044272805308,1,0,0,0
17,1986,1271,21,NaN,NaN,NaN,0,0,1,0,0,6
17,1986,78,13,NaN,NaN,NaN,0,0,1,0,0,0
17,1986,723,14,NaN,NaN,NaN,0,0,1,0,0,0
17,1986,1584,20,NaN,NaN,NaN,0,5.1594316495945,1,1,0,0
17,1986,1227,6,NaN,NaN,NaN,0,1.42895653901022,1,1,1,8
17,1986,1264,3,NaN,NaN,NaN,0,6.039287801714,1,0,0,9
17,1986,544,7,NaN,NaN,NaN,0,0,1,0,0,15
17,1986,671,12,NaN,NaN,NaN,0,0,1,0,0,18
17,1986,2,20,NaN,NaN,NaN,0,0,1,0,0,0
17,1986,487,15,NaN,NaN,NaN,0,0,1,1,0,0
17,1986,815,16,NaN,NaN,NaN,0,0,1,0,0,21
17,1986,1252,3,NaN,NaN,NaN,0,6.43923597729741,1,0,0,16
17,1986,151,1,NaN,NaN,NaN,0,0,1,1,0,0
17,1986,1178,17,NaN,NaN,NaN,0,0,1,0,0,0
17,1986,347,21,NaN,NaN,NaN,0,5.54554318436956,1,0,0,10
17,1986,1394,21,NaN,NaN,NaN,0,0,1,1,0,0
17,1986,333,19,NaN,NaN,NaN,0,0,1,1,0,0
17,1986,1024,19,NaN,NaN,NaN,0,6.30968934199921,1,1,0,0
17,1986,625,19,NaN,NaN,NaN,0,0,1,1,0,0
17,1986,27,11,NaN,NaN,NaN,0,5.56668169177334,1,0,0,20
17,1986,1268,5,NaN,NaN,NaN,0,6.99081893154859,1,0,0,0
17,1986,534,20,NaN,NaN,NaN,0,0,1,0,0,0
17,1986,634,13,NaN,NaN,NaN,0,0,1,1,0,14
17,1986,500,3,NaN,NaN,NaN,0,1.20719627917907,1,0,0,13
17,1986,887,6,NaN,NaN,NaN,0,0,1,0,0,0
17,1986,368,8,NaN,NaN,NaN,0,0,1,0,0,0
17,1986,745,3,NaN,NaN,NaN,0,7.88602241367608,1,1,1,14
17,1986,253,18,NaN,NaN,NaN,0,3.6998550872675,1,0,0,5
17,1986,1170,12,NaN,NaN,NaN,0,3.52343020276451,1,1,1,11
17,1986,247,21,NaN,NaN,NaN,0,4.6832048686867,1,0,0,18
17,1986,584,19,NaN,NaN,NaN,0,1.00890005902716,1,0,0,6
17,1986,346,4,NaN,NaN,NaN,0,0,1,0,0,0
17,1986,47,7,NaN,NaN,NaN,0,7.57090433570501,1,0,0,18
17,1986,1038,6,NaN,NaN,NaN,0,0,1,0,0,0
17,1986,1448,19,NaN,NaN,NaN,0,6.24824659122096,1,0,0,1
17,1986,185,19,NaN,NaN,NaN,0,9.40406332094697,1,0,0,7
17,1986,776,4,NaN,NaN,NaN,0,0,1,0,0,0
17,1986,767,12,NaN,NaN,NaN,0,0,1,0,0,1
17,1986,310,10,NaN,NaN,NaN,0,0,1,0,0,0
17,1986,369,19,NaN,NaN,NaN,0,7.87518026134449,1,0,0,1
17,1986,1396,20,NaN,NaN,NaN,0,0,1,1,0,0
17,1986,447,1,NaN,NaN,NaN,0,6.7934412699833,1,0,0,11
17,1986,1423,16,NaN,NaN,NaN,0,0,1,0,0,17
17,1986,20,14,NaN,NaN,NaN,0,0,1,0,0,12
17,1986,595,12,NaN,NaN,NaN,0,5.88276715594728,1,0,0,0
17,1986,1229,12,NaN,NaN,NaN,0,0,1,0,0,8
17,1986,568,19,NaN,NaN,NaN,0,0.629215038391525,1,1,0,0
17,1986,1598,21,NaN,NaN,NaN,0,3.66972191568489,1,1,0,0
17,1986,282,19,NaN,NaN,NaN,0,2.499589264,1,0,0,0
17,1986,170,6,NaN,NaN,NaN,0,0.997046235789168,1,0,0,0
17,1986,67,22,NaN,NaN,NaN,0,0,1,0,0,8
17,1986,106,6,NaN,NaN,NaN,0,0,1,0,0,0
17,1986,1107,20,NaN,NaN,NaN,0,7.89161129139023,1,0,0,15
17,1986,429,18,NaN,NaN,NaN,0,0,1,0,0,0
17,1986,931,21,NaN,NaN,NaN,0,0,1,1,0,0
17,1986,811,6,NaN,NaN,NaN,0,1.05540165694694,1,0,0,4
17,1986,763,21,NaN,NaN,NaN,0,4.14936736129391,1,1,0,0
17,1986,1439,19,NaN,NaN,NaN,0,7.34868573175074,1,0,0,0
17,1986,858,22,NaN,NaN,NaN,0,7.76345739327257,1,0,0,0
17,1986,44,20,NaN,NaN,NaN,0,7.26466352133082,1,0,0,15
17,1986,922,21,NaN,NaN,NaN,0,0,1,0,0,0
17,1986,87,21,NaN,NaN,NaN,0,0,1,0,0,6
17,1986,389,9,NaN,NaN,NaN,0,6.42794109468813,1,0,0,4
17,1986,1535,21,NaN,NaN,NaN,0,1.81511447474372,1,1,0,0
17,1986,58,16,NaN,NaN,NaN,0,0,1,0,0,0
17,1986,1043,6,NaN,NaN,NaN,0,0,1,0,0,0
17,1986,1477,6,NaN,NaN,NaN,0,0,1,0,0,8
17,1986,545,3,NaN,NaN,NaN,0,0,1,0,0,17
17,1986,907,5,NaN,NaN,NaN,0,0,1,1,0,8
17,1986,850,3,NaN,NaN,NaN,0,0.181429171383302,1,0,0,15
17,1986,104,22,NaN,NaN,NaN,0,5.7537465052887,1,0,0,0
17,1986,427,10,NaN,NaN,NaN,0,0,1,0,0,5
17,1986,1195,12,NaN,NaN,NaN,0,5.9910378526756,1,0,0,4
17,1986,267,20,NaN,NaN,NaN,0,0,1,0,0,3
17,1986,1008,13,NaN,NaN,NaN,0,5.71337526186525,1,0,0,0
17,1986,174,20,NaN,NaN,NaN,0,0,1,0,0,0
17,1986,204,20,NaN,NaN,NaN,0,1.30673871162399,1,0,0,18
17,1986,501,14,NaN,NaN,NaN,0,0,1,0,0,18
17,1986,729,15,NaN,NaN,NaN,0,5.7090804022131,1,1,1,1
17,1986,142,19,NaN,NaN,NaN,0,9.31107633966564,1,0,0,0
17,1986,925,16,NaN,NaN,NaN,0,0,1,0,0,19
17,1986,1124,2,NaN,NaN,NaN,0,0,1,0,0,19
17,1986,1034,2,NaN,NaN,NaN,0,0,1,0,0,0
17,1986,607,11,NaN,NaN,NaN,0,4.292228306469,1,0,0,0
17,1986,1279,1,NaN,NaN,NaN,0,5.66067666768208,1,0,0,0
17,1986,102,19,NaN,NaN,NaN,0,5.90318542132607,1,1,0,0
17,1986,1169,19,NaN,NaN,NaN,0,0,1,1,0,17
17,1986,144,20,NaN,NaN,NaN,0,9.04143182717294,1,1,1,18
17,1986,182,17,NaN,NaN,NaN,0,0,1,1,0,0
17,1986,690,11,NaN,NaN,NaN,0,0,1,1,0,10
17,1986,376,20,NaN,NaN,NaN,0,0,1,1,0,9
17,1986,1599,21,NaN,NaN,NaN,0,4.98230343153481,1,1,0,0
17,1986,1479,2,NaN,NaN,NaN,0,9.17869268555499,1,0,0,0
17,1986,86,19,NaN,NaN,NaN,0,4.33248720871363,1,0,0,12
17,1986,1132,14,NaN,NaN,NaN,0,7.49781300939311,1,0,0,10
17,1986,390,21,NaN,NaN,NaN,0,0,1,1,0,5
17,1986,1368,5,NaN,NaN,NaN,0,8.43311792454617,1,0,0,0
17,1986,296,13,NaN,NaN,NaN,0,0.219692048850957,1,0,0,0
17,1986,1483,22,NaN,NaN,NaN,0,0.715645785914782,1,0,0,5
17,1986,1113,21,NaN,NaN,NaN,0,0,1,0,0,0
17,1986,985,15,NaN,NaN,NaN,0,5.81704726252832,1,0,0,4
17,1986,1201,16,NaN,NaN,NaN,0,0,1,1,0,0
17,1986,255,1,NaN,NaN,NaN,0,0,1,0,0,3
17,1986,541,6,NaN,NaN,NaN,0,5.10465189304601,1,0,0,8
17,1986,1356,20,NaN,NaN,NaN,0,0,1,0,0,0
17,1986,12,19,NaN,NaN,NaN,0,1.12515217578991,1,0,0,18
17,1986,16,20,NaN,NaN,NaN,0,0,1,0,0,16
18,1987,976,19,NaN,NaN,NaN,0,0,1,0,0,0
18,1987,382,4,NaN,NaN,NaN,0,1.80409651027203,1,0,0,0
18,1987,1178,17,NaN,NaN,NaN,0,0,1,0,0,0
18,1987,501,18,NaN,NaN,NaN,0,0,1,0,0,0
18,1987,67,8,NaN,NaN,NaN,0,0,1,0,0,19
18,1987,1356,20,NaN,NaN,NaN,0,0,1,0,0,0
18,1987,243,16,NaN,NaN,NaN,0,7.65178560009605,1,0,0,0
18,1987,1043,6,NaN,NaN,NaN,0,0,1,0,0,0
18,1987,47,18,NaN,NaN,NaN,0,7.57090433570501,1,0,0,0
18,1987,551,13,NaN,NaN,NaN,0,0,1,0,0,0
18,1987,1312,4,NaN,NaN,NaN,0,7.33630535908264,1,0,0,0
18,1987,96,17,NaN,NaN,NaN,0,0,1,1,0,12
18,1987,1034,2,NaN,NaN,NaN,0,0,1,0,0,20
18,1987,1439,19,NaN,NaN,NaN,0,7.34868573175074,1,0,0,0
18,1987,20,12,NaN,NaN,NaN,0,0,1,0,0,0
18,1987,1279,1,NaN,NaN,NaN,0,5.66067666768208,1,0,0,0
18,1987,545,17,NaN,NaN,NaN,0,0,1,0,0,0
18,1987,800,6,NaN,NaN,NaN,0,0,1,0,0,22
18,1987,554,17,NaN,NaN,NaN,0,0,1,1,0,0
18,1987,106,6,NaN,NaN,NaN,0,0,1,0,0,0
18,1987,1345,5,NaN,NaN,NaN,0,6.61662771732872,1,0,0,0
18,1987,1132,10,NaN,NaN,NaN,0,7.49781300939311,1,0,0,0
18,1987,1368,5,NaN,NaN,NaN,0,8.43311792454617,1,0,0,0
18,1987,174,20,NaN,NaN,NaN,0,0,1,0,0,18
18,1987,245,11,NaN,NaN,NaN,0,0,1,0,0,6
18,1987,1479,2,NaN,NaN,NaN,0,9.17869268555499,1,0,0,10
18,1987,1229,8,NaN,NaN,NaN,0,0,1,0,0,0
18,1987,170,6,NaN,NaN,NaN,0,0.997046235789168,1,0,0,0
18,1987,811,4,NaN,NaN,NaN,0,1.05540165694694,1,0,0,0
18,1987,142,19,NaN,NaN,NaN,0,9.31107633966564,1,0,0,0
18,1987,821,8,NaN,NaN,NaN,0,0,1,0,0,7
18,1987,1599,21,NaN,NaN,NaN,0,4.98230343153481,1,1,0,0
18,1987,1305,13,NaN,NaN,NaN,0,0,1,1,0,0
18,1987,247,18,NaN,NaN,NaN,0,4.6832048686867,1,0,0,0
18,1987,1024,19,NaN,NaN,NaN,0,6.30968934199921,1,1,0,0
18,1987,1170,11,NaN,NaN,NaN,0,0,1,0,0,12
18,1987,86,12,NaN,NaN,NaN,0,4.33248720871363,1,0,0,0
18,1987,1391,12,NaN,NaN,NaN,0,5.52466092511777,1,0,0,14
18,1987,674,14,NaN,NaN,NaN,0,0,1,1,0,20
18,1987,128,13,NaN,NaN,NaN,0,0,1,0,0,0
18,1987,1199,3,NaN,NaN,NaN,0,0,1,1,0,0
18,1987,584,6,NaN,NaN,NaN,0,1.00890005902716,1,0,0,10
18,1987,185,7,NaN,NaN,NaN,0,9.40406332094697,1,0,0,3
18,1987,1535,21,NaN,NaN,NaN,0,1.81511447474372,1,1,0,0
18,1987,887,6,NaN,NaN,NaN,0,0,1,0,0,0
18,1987,267,3,NaN,NaN,NaN,0,0,1,0,0,21
18,1987,766,5,NaN,NaN,NaN,0,8.17899557945419,1,0,0,0
18,1987,1448,1,NaN,NaN,NaN,0,6.24824659122096,1,0,0,5
18,1987,102,19,NaN,NaN,NaN,0,5.90318542132607,1,1,0,0
18,1987,310,10,NaN,NaN,NaN,0,0,1,0,0,0
18,1987,182,17,NaN,NaN,NaN,0,0,1,1,0,0
18,1987,91,13,NaN,NaN,NaN,0,0,1,1,0,12
18,1987,369,1,NaN,NaN,NaN,0,7.87518026134449,1,0,0,0
18,1987,569,9,NaN,NaN,NaN,0,0,1,1,0,0
18,1987,376,9,NaN,NaN,NaN,0,0,1,1,0,4
18,1987,968,11,NaN,NaN,NaN,0,7.02215769282473,1,0,0,17
18,1987,1584,20,NaN,NaN,NaN,0,5.1594316495945,1,1,0,0
18,1987,544,15,NaN,NaN,NaN,0,0,1,0,0,6
18,1987,1227,8,NaN,NaN,NaN,0,0,1,0,0,6
18,1987,690,10,NaN,NaN,NaN,0,0,1,1,0,21
18,1987,745,14,NaN,NaN,NaN,0,0,1,0,0,3
18,1987,1268,5,NaN,NaN,NaN,0,6.99081893154859,1,0,0,0
18,1987,1215,21,NaN,NaN,NaN,0,0,1,0,0,0
18,1987,1240,22,NaN,NaN,NaN,0,0,1,0,0,0
18,1987,48,22,NaN,NaN,NaN,0,3.59636742230956,1,0,0,6
18,1987,372,16,NaN,NaN,NaN,0,0,1,0,0,21
18,1987,272,20,NaN,NaN,NaN,0,0,1,0,0,15
18,1987,534,20,NaN,NaN,NaN,0,0,1,1,0,22
18,1987,1144,5,NaN,NaN,NaN,0,3.35138171943223,1,0,0,0
18,1987,1008,13,NaN,NaN,NaN,0,5.71337526186525,1,0,0,0
18,1987,323,17,NaN,NaN,NaN,0,0,1,0,0,10
18,1987,78,13,NaN,NaN,NaN,0,0,1,0,0,0
18,1987,300,21,NaN,NaN,NaN,0,0,1,1,0,0
18,1987,427,5,NaN,NaN,NaN,0,0,1,0,0,0
18,1987,1169,17,NaN,NaN,NaN,0,0,1,1,0,0
18,1987,792,6,NaN,NaN,NaN,0,8.29796442355266,1,0,0,0
18,1987,461,3,NaN,NaN,NaN,0,0,1,0,0,0
18,1987,729,1,NaN,NaN,NaN,0,0,1,0,0,0
18,1987,389,4,NaN,NaN,NaN,0,6.42794109468813,1,0,0,0
18,1987,925,19,NaN,NaN,NaN,0,0,1,0,0,0
18,1987,763,21,NaN,NaN,NaN,0,4.14936736129391,1,1,0,0
18,1987,985,4,NaN,NaN,NaN,0,5.81704726252832,1,0,0,18
18,1987,804,14,NaN,NaN,NaN,0,0,1,1,0,13
18,1987,429,18,NaN,NaN,NaN,0,0,1,0,0,14
18,1987,858,22,NaN,NaN,NaN,0,7.76345739327257,1,0,0,15
18,1987,1195,4,NaN,NaN,NaN,0,5.9910378526756,1,0,0,0
18,1987,625,19,NaN,NaN,NaN,0,0,1,1,0,22
18,1987,296,13,NaN,NaN,NaN,0,0.219692048850957,1,0,0,18
18,1987,1396,20,NaN,NaN,NaN,0,0,1,1,0,16
18,1987,1364,22,NaN,NaN,NaN,0,7.18962987104863,1,0,0,16
18,1987,1107,15,NaN,NaN,NaN,0,7.89161129139023,1,0,0,9
18,1987,1201,16,NaN,NaN,NaN,0,0,1,1,0,15
18,1987,344,1,NaN,NaN,NaN,0,0,1,0,0,10
18,1987,1271,6,NaN,NaN,NaN,0,0,1,0,0,21
18,1987,813,5,NaN,NaN,NaN,0,0,1,1,0,18
18,1987,1280,20,NaN,NaN,NaN,0,0,1,0,0,0
18,1987,738,3,NaN,NaN,NaN,0,0,1,0,0,0
18,1987,487,15,NaN,NaN,NaN,0,0,1,1,0,20
18,1987,333,19,NaN,NaN,NaN,0,0,1,1,0,13
18,1987,485,21,NaN,NaN,NaN,0,0,1,0,0,12
18,1987,347,10,NaN,NaN,NaN,0,5.54554318436956,1,0,0,12
18,1987,1003,10,NaN,NaN,NaN,0,0,1,1,0,9
18,1987,922,21,NaN,NaN,NaN,0,0,1,0,0,0
18,1987,723,14,NaN,NaN,NaN,0,0,1,0,0,0
18,1987,1196,2,NaN,NaN,NaN,0,0,1,0,0,0
18,1987,1222,19,NaN,NaN,NaN,0,0,1,0,0,0
18,1987,1441,3,NaN,NaN,NaN,0,7.0760021723491,1,0,0,17
18,1987,815,21,NaN,NaN,NaN,0,0,1,0,0,0
18,1987,1122,20,NaN,NaN,NaN,0,0,1,1,0,16
18,1987,104,22,NaN,NaN,NaN,0,5.7537465052887,1,0,0,20
18,1987,850,15,NaN,NaN,NaN,0,0.181429171383302,1,0,0,0
18,1987,447,11,NaN,NaN,NaN,0,6.7934412699833,1,0,0,0
18,1987,134,12,NaN,NaN,NaN,0,0,1,0,0,4
18,1987,12,18,NaN,NaN,NaN,0,1.12515217578991,1,0,0,0
18,1987,59,10,NaN,NaN,NaN,0,0,1,0,0,7
18,1987,722,7,NaN,NaN,NaN,0,0,1,0,0,21
18,1987,144,18,NaN,NaN,NaN,0,0,1,0,0,20
18,1987,27,20,NaN,NaN,NaN,0,5.56668169177334,1,0,0,17
18,1987,253,5,NaN,NaN,NaN,0,3.6998550872675,1,0,0,0
18,1987,1477,8,NaN,NaN,NaN,0,0,1,0,0,9
18,1987,1497,17,NaN,NaN,NaN,0,4.74090863983995,1,0,0,13
18,1987,368,8,NaN,NaN,NaN,0,0,1,0,0,5
18,1987,44,15,NaN,NaN,NaN,0,7.26466352133082,1,0,0,20
18,1987,1021,7,NaN,NaN,NaN,0,6.8825544880368,1,0,0,0
18,1987,262,10,NaN,NaN,NaN,0,5.73475756482791,1,0,0,17
18,1987,508,14,NaN,NaN,NaN,0,0,1,0,0,22
18,1987,1130,21,NaN,NaN,NaN,0,2.66278923062312,1,1,0,0
18,1987,1124,19,NaN,NaN,NaN,0,0,1,0,0,3
18,1987,1016,11,NaN,NaN,NaN,0,0,1,0,0,0
18,1987,1149,20,NaN,NaN,NaN,0,4.51048657914358,1,1,0,0
18,1987,769,12,NaN,NaN,NaN,0,0,1,0,0,0
18,1987,776,4,NaN,NaN,NaN,0,0,1,0,0,13
18,1987,500,13,NaN,NaN,NaN,0,1.20719627917907,1,0,0,19
18,1987,931,21,NaN,NaN,NaN,0,0,1,1,0,13
18,1987,803,13,NaN,NaN,NaN,0,0,1,1,0,0
18,1987,80,10,NaN,NaN,NaN,0,0,1,1,0,13
18,1987,1038,6,NaN,NaN,NaN,0,0,1,0,0,0
18,1987,767,1,NaN,NaN,NaN,0,0,1,0,0,16
18,1987,1449,21,NaN,NaN,NaN,0,0,1,0,0,0
18,1987,634,14,NaN,NaN,NaN,0,0,1,1,0,6
18,1987,255,3,NaN,NaN,NaN,0,0,1,0,0,2
18,1987,156,19,NaN,NaN,NaN,0,6.29044272805308,1,0,0,0
18,1987,541,8,NaN,NaN,NaN,0,5.10465189304601,1,0,0,10
18,1987,1580,19,NaN,NaN,NaN,0,7.31006246159561,1,1,0,0
18,1987,183,19,NaN,NaN,NaN,0,0.133621750300936,1,1,0,10
18,1987,595,12,NaN,NaN,NaN,0,5.88276715594728,1,0,0,0
18,1987,907,8,NaN,NaN,NaN,0,0,1,1,0,6
18,1987,568,19,NaN,NaN,NaN,0,0.629215038391525,1,1,0,0
18,1987,978,12,NaN,NaN,NaN,0,4.69522056918877,1,0,0,0
18,1987,410,9,NaN,NaN,NaN,0,0,1,1,0,21
18,1987,1121,7,NaN,NaN,NaN,0,0,1,1,0,8
18,1987,1483,5,NaN,NaN,NaN,0,0.715645785914782,1,0,0,13
18,1987,151,1,NaN,NaN,NaN,0,0,1,1,0,20
18,1987,1113,21,NaN,NaN,NaN,0,0,1,0,0,3
18,1987,1264,9,NaN,NaN,NaN,0,6.039287801714,1,0,0,5
18,1987,162,20,NaN,NaN,NaN,0,0,1,0,0,14
18,1987,1465,9,NaN,NaN,NaN,0,0,1,0,0,0
18,1987,1598,21,NaN,NaN,NaN,0,3.66972191568489,1,1,0,0
18,1987,87,6,NaN,NaN,NaN,0,0,1,0,0,21
18,1987,1186,21,NaN,NaN,NaN,0,2.68954333612915,1,1,0,0
18,1987,18,7,NaN,NaN,NaN,0,0,1,0,0,14
18,1987,671,18,NaN,NaN,NaN,0,0,1,0,0,1
18,1987,276,9,NaN,NaN,NaN,0,0,1,0,0,19
18,1987,278,10,NaN,NaN,NaN,0,5.39493194720536,1,0,0,0
18,1987,346,4,NaN,NaN,NaN,0,0,1,0,0,12
18,1987,1394,21,NaN,NaN,NaN,0,0,1,1,0,5
18,1987,1252,16,NaN,NaN,NaN,0,6.43923597729741,1,0,0,17
18,1987,16,16,NaN,NaN,NaN,0,0,1,0,0,21
18,1987,138,3,NaN,NaN,NaN,0,0,1,0,0,0
18,1987,956,3,NaN,NaN,NaN,0,0,1,1,0,2
18,1987,250,3,NaN,NaN,NaN,0,0,1,0,0,0
18,1987,444,11,NaN,NaN,NaN,0,0,1,0,0,10
18,1987,210,5,NaN,NaN,NaN,0,9.05707864555436,1,0,0,14
18,1987,607,11,NaN,NaN,NaN,0,4.292228306469,1,0,0,22
18,1987,1457,20,NaN,NaN,NaN,0,0,1,0,0,17
18,1987,233,12,NaN,NaN,NaN,0,0,1,0,0,22
18,1987,282,19,NaN,NaN,NaN,0,2.499589264,1,0,0,0
18,1987,58,16,NaN,NaN,NaN,0,0,1,0,0,0
18,1987,403,18,NaN,NaN,NaN,0,0,1,1,0,20
18,1987,801,2,NaN,NaN,NaN,0,7.20018276719733,1,0,0,20
18,1987,308,18,NaN,NaN,NaN,0,0,1,0,0,2
18,1987,1423,17,NaN,NaN,NaN,0,0,1,0,0,16
18,1987,120,20,NaN,NaN,NaN,0,0,1,0,0,0
18,1987,593,6,NaN,NaN,NaN,0,6.73137760693315,1,0,0,21
18,1987,390,5,NaN,NaN,NaN,0,0,1,1,0,6
18,1987,204,18,NaN,NaN,NaN,0,1.30673871162399,1,0,0,0
19,1987,48,6,NaN,NaN,NaN,0,3.59636742230956,1,1,1,21
19,1987,376,4,NaN,NaN,NaN,0,0,1,1,0,13
19,1987,276,19,NaN,NaN,NaN,0,0,1,0,0,0
19,1987,1279,1,NaN,NaN,NaN,0,5.66067666768208,1,1,1,15
19,1987,87,21,NaN,NaN,NaN,0,0,1,1,0,17
19,1987,1003,9,NaN,NaN,NaN,0,0,1,1,0,3
19,1987,344,10,NaN,NaN,NaN,0,0,1,1,0,15
19,1987,1008,13,NaN,NaN,NaN,0,5.71337526186525,1,1,1,4
19,1987,44,20,NaN,NaN,NaN,0,7.26466352133082,1,1,1,10
19,1987,323,10,NaN,NaN,NaN,0,0,1,0,0,0
19,1987,978,12,NaN,NaN,NaN,0,4.69522056918877,1,1,1,19
19,1987,1356,20,NaN,NaN,NaN,0,0,1,1,0,5
19,1987,674,20,NaN,NaN,NaN,0,0,1,1,0,12
19,1987,1477,9,NaN,NaN,NaN,0,0,1,1,0,0
19,1987,86,12,NaN,NaN,NaN,0,4.33248720871363,1,1,1,11
19,1987,1584,20,NaN,NaN,NaN,0,5.1594316495945,1,1,0,0
19,1987,671,1,NaN,NaN,NaN,0,0,1,1,0,12
19,1987,907,6,NaN,NaN,NaN,0,0,1,1,0,0
19,1987,485,12,NaN,NaN,NaN,0,0,1,0,0,0
19,1987,607,22,NaN,NaN,NaN,0,4.292228306469,1,1,1,20
19,1987,1439,19,NaN,NaN,NaN,0,7.34868573175074,1,1,1,21
19,1987,1215,21,NaN,NaN,NaN,0,0,1,1,0,0
19,1987,106,6,NaN,NaN,NaN,0,0,1,1,0,21
19,1987,389,4,NaN,NaN,NaN,0,6.42794109468813,1,1,1,16
19,1987,584,10,NaN,NaN,NaN,0,1.00890005902716,1,1,1,19
19,1987,1345,5,NaN,NaN,NaN,0,6.61662771732872,1,1,1,7
19,1987,333,13,NaN,NaN,NaN,0,0,1,1,0,0
19,1987,1441,17,NaN,NaN,NaN,0,7.0760021723491,1,1,1,13
19,1987,151,20,NaN,NaN,NaN,0,0,1,1,0,22
19,1987,183,10,NaN,NaN,NaN,0,0.133621750300936,1,1,0,0
19,1987,803,13,NaN,NaN,NaN,0,0,1,1,0,0
19,1987,792,6,NaN,NaN,NaN,0,8.29796442355266,1,1,1,12
19,1987,956,2,NaN,NaN,NaN,0,0,1,1,0,11
19,1987,1598,21,NaN,NaN,NaN,0,3.66972191568489,1,1,0,0
19,1987,233,22,NaN,NaN,NaN,0,0,1,0,0,0
19,1987,487,20,NaN,NaN,NaN,0,0,1,1,0,9
19,1987,282,19,NaN,NaN,NaN,0,2.499589264,1,1,1,13
19,1987,1222,19,NaN,NaN,NaN,0,0,1,1,0,17
19,1987,243,16,NaN,NaN,NaN,0,7.65178560009605,1,1,1,20
19,1987,102,19,NaN,NaN,NaN,0,5.90318542132607,1,1,0,0
19,1987,1396,16,NaN,NaN,NaN,0,0,1,1,0,9
19,1987,501,18,NaN,NaN,NaN,0,0,1,1,0,6
19,1987,185,3,NaN,NaN,NaN,0,9.40406332094697,1,1,1,17
19,1987,382,4,NaN,NaN,NaN,0,1.80409651027203,1,1,1,10
19,1987,372,21,NaN,NaN,NaN,0,0,1,1,0,3
19,1987,278,10,NaN,NaN,NaN,0,5.39493194720536,1,1,1,22
19,1987,738,3,NaN,NaN,NaN,0,0,1,1,0,0
19,1987,508,22,NaN,NaN,NaN,0,0,1,1,0,3
19,1987,245,6,NaN,NaN,NaN,0,0,1,1,0,0
19,1987,763,21,NaN,NaN,NaN,0,4.14936736129391,1,1,0,0
19,1987,128,13,NaN,NaN,NaN,0,0,1,1,0,0
19,1987,67,19,NaN,NaN,NaN,0,0,1,1,0,14
19,1987,813,18,NaN,NaN,NaN,0,0,1,1,0,17
19,1987,403,20,NaN,NaN,NaN,0,0,1,1,0,17
19,1987,20,12,NaN,NaN,NaN,0,0,1,1,0,15
19,1987,551,13,NaN,NaN,NaN,0,0,1,0,0,5
19,1987,1264,5,NaN,NaN,NaN,0,6.039287801714,1,1,1,17
19,1987,568,19,NaN,NaN,NaN,0,0.629215038391525,1,1,0,0
19,1987,1021,7,NaN,NaN,NaN,0,6.8825544880368,1,1,1,16
19,1987,1144,5,NaN,NaN,NaN,0,3.35138171943223,1,1,1,16
19,1987,1268,5,NaN,NaN,NaN,0,6.99081893154859,1,1,1,20
19,1987,91,12,NaN,NaN,NaN,0,0,1,1,0,0
19,1987,554,17,NaN,NaN,NaN,0,0,1,1,0,0
19,1987,1580,19,NaN,NaN,NaN,0,7.31006246159561,1,1,0,0
19,1987,1034,20,NaN,NaN,NaN,0,0,1,1,0,15
19,1987,1391,14,NaN,NaN,NaN,0,5.52466092511777,1,1,1,11
19,1987,569,9,NaN,NaN,NaN,0,0,1,1,0,0
19,1987,429,14,NaN,NaN,NaN,0,0,1,1,0,3
19,1987,821,7,NaN,NaN,NaN,0,0,1,1,0,10
19,1987,1305,13,NaN,NaN,NaN,0,0,1,1,0,17
19,1987,134,4,NaN,NaN,NaN,0,0,1,1,0,0
19,1987,170,6,NaN,NaN,NaN,0,0.997046235789168,1,1,1,10
19,1987,1122,16,NaN,NaN,NaN,0,0,1,1,0,20
19,1987,346,12,NaN,NaN,NaN,0,0,1,1,0,0
19,1987,347,12,NaN,NaN,NaN,0,5.54554318436956,1,1,1,9
19,1987,78,13,NaN,NaN,NaN,0,0,1,1,0,4
19,1987,1130,21,NaN,NaN,NaN,0,2.66278923062312,1,1,0,0
19,1987,1394,5,NaN,NaN,NaN,0,0,1,1,0,3
19,1987,1196,2,NaN,NaN,NaN,0,0,1,1,0,7
19,1987,427,5,NaN,NaN,NaN,0,0,1,1,0,0
19,1987,545,17,NaN,NaN,NaN,0,0,1,1,0,0
19,1987,1457,17,NaN,NaN,NaN,0,0,1,0,0,22
19,1987,253,5,NaN,NaN,NaN,0,3.6998550872675,1,1,1,11
19,1987,722,21,NaN,NaN,NaN,0,0,1,1,0,0
19,1987,296,18,NaN,NaN,NaN,0,0.219692048850957,1,1,0,6
19,1987,1016,11,NaN,NaN,NaN,0,0,1,1,0,0
19,1987,1178,17,NaN,NaN,NaN,0,0,1,1,0,0
19,1987,1368,5,NaN,NaN,NaN,0,8.43311792454617,1,1,1,14
19,1987,858,15,NaN,NaN,NaN,0,7.76345739327257,1,1,1,7
19,1987,544,6,NaN,NaN,NaN,0,0,1,0,0,8
19,1987,634,6,NaN,NaN,NaN,0,0,1,1,0,0
19,1987,1448,5,NaN,NaN,NaN,0,6.24824659122096,1,1,1,22
19,1987,1465,9,NaN,NaN,NaN,0,0,1,1,0,0
19,1987,887,6,NaN,NaN,NaN,0,0,1,1,0,0
19,1987,210,14,NaN,NaN,NaN,0,9.05707864555436,1,1,1,11
19,1987,162,14,NaN,NaN,NaN,0,0,1,0,0,0
19,1987,595,12,NaN,NaN,NaN,0,5.88276715594728,1,1,1,16
19,1987,766,5,NaN,NaN,NaN,0,8.17899557945419,1,1,1,13
19,1987,255,2,NaN,NaN,NaN,0,0,1,1,0,0
19,1987,1449,21,NaN,NaN,NaN,0,0,1,1,0,0
19,1987,801,20,NaN,NaN,NaN,0,7.20018276719733,1,1,1,18
19,1987,500,19,NaN,NaN,NaN,0,1.20719627917907,1,1,1,3
19,1987,976,19,NaN,NaN,NaN,0,0,1,1,0,0
19,1987,410,21,NaN,NaN,NaN,0,0,1,1,0,13
19,1987,1229,8,NaN,NaN,NaN,0,0,1,1,0,0
19,1987,1271,21,NaN,NaN,NaN,0,0,1,1,0,0
19,1987,1252,17,NaN,NaN,NaN,0,6.43923597729741,1,1,1,21
19,1987,390,6,NaN,NaN,NaN,0,0,1,1,0,20
19,1987,690,21,NaN,NaN,NaN,0,0,1,1,0,0
19,1987,308,2,NaN,NaN,NaN,0,0,1,0,0,15
19,1987,1113,3,NaN,NaN,NaN,0,0,1,1,0,1
19,1987,47,18,NaN,NaN,NaN,0,7.57090433570501,1,1,1,20
19,1987,1280,20,NaN,NaN,NaN,0,0,1,1,0,0
19,1987,1483,13,NaN,NaN,NaN,0,0.715645785914782,1,1,1,22
19,1987,142,19,NaN,NaN,NaN,0,9.31107633966564,1,1,1,2
19,1987,369,1,NaN,NaN,NaN,0,7.87518026134449,1,1,1,7
19,1987,250,3,NaN,NaN,NaN,0,0,1,1,0,0
19,1987,18,14,NaN,NaN,NaN,0,0,1,0,0,4
19,1987,96,12,NaN,NaN,NaN,0,0,1,1,0,4
19,1987,156,19,NaN,NaN,NaN,0,6.29044272805308,1,1,1,13
19,1987,804,13,NaN,NaN,NaN,0,0,1,1,0,22
19,1987,368,5,NaN,NaN,NaN,0,0,1,1,0,0
19,1987,120,20,NaN,NaN,NaN,0,0,1,1,0,5
19,1987,593,21,NaN,NaN,NaN,0,6.73137760693315,1,1,1,5
19,1987,272,15,NaN,NaN,NaN,0,0,1,1,0,0
19,1987,444,10,NaN,NaN,NaN,0,0,1,1,0,0
19,1987,534,22,NaN,NaN,NaN,0,0,1,1,0,0
19,1987,461,3,NaN,NaN,NaN,0,0,1,1,0,0
19,1987,1227,6,NaN,NaN,NaN,0,0,1,0,0,0
19,1987,1121,8,NaN,NaN,NaN,0,0,1,1,0,0
19,1987,985,18,NaN,NaN,NaN,0,5.81704726252832,1,1,1,10
19,1987,800,22,NaN,NaN,NaN,0,0,1,1,0,13
19,1987,769,12,NaN,NaN,NaN,0,0,1,1,0,0
19,1987,931,13,NaN,NaN,NaN,0,0,1,1,0,11
19,1987,811,4,NaN,NaN,NaN,0,1.05540165694694,1,1,1,1
19,1987,447,11,NaN,NaN,NaN,0,6.7934412699833,1,1,1,18
19,1987,1149,20,NaN,NaN,NaN,0,4.51048657914358,1,1,0,0
19,1987,968,17,NaN,NaN,NaN,0,7.02215769282473,1,1,1,1
19,1987,922,21,NaN,NaN,NaN,0,0,1,1,0,0
19,1987,1170,12,NaN,NaN,NaN,0,0,1,0,0,11
19,1987,1024,19,NaN,NaN,NaN,0,6.30968934199921,1,1,0,0
19,1987,1043,6,NaN,NaN,NaN,0,0,1,1,0,0
19,1987,1199,3,NaN,NaN,NaN,0,0,1,1,0,0
19,1987,1107,9,NaN,NaN,NaN,0,7.89161129139023,1,1,1,1
19,1987,58,16,NaN,NaN,NaN,0,0,1,1,0,8
19,1987,1169,17,NaN,NaN,NaN,0,0,1,1,0,0
19,1987,776,13,NaN,NaN,NaN,0,0,1,1,0,1
19,1987,815,21,NaN,NaN,NaN,0,0,1,1,0,0
19,1987,1240,22,NaN,NaN,NaN,0,0,1,1,0,0
19,1987,850,15,NaN,NaN,NaN,0,0.181429171383302,1,1,0,0
19,1987,625,22,NaN,NaN,NaN,0,0,1,1,0,14
19,1987,729,1,NaN,NaN,NaN,0,0,1,0,0,7
19,1987,144,20,NaN,NaN,NaN,0,0,1,0,0,4
19,1987,27,17,NaN,NaN,NaN,0,5.56668169177334,1,1,1,1
19,1987,1535,21,NaN,NaN,NaN,0,1.81511447474372,1,1,0,0
19,1987,1497,13,NaN,NaN,NaN,0,4.74090863983995,1,1,1,18
19,1987,1132,10,NaN,NaN,NaN,0,7.49781300939311,1,1,1,6
19,1987,925,19,NaN,NaN,NaN,0,0,1,1,0,0
19,1987,59,7,NaN,NaN,NaN,0,0,1,1,0,19
19,1987,1364,16,NaN,NaN,NaN,0,7.18962987104863,1,1,1,7
19,1987,267,21,NaN,NaN,NaN,0,0,1,1,0,0
19,1987,1186,21,NaN,NaN,NaN,0,2.68954333612915,1,1,0,0
19,1987,182,17,NaN,NaN,NaN,0,0,1,1,0,0
19,1987,541,10,NaN,NaN,NaN,0,5.10465189304601,1,1,1,1
19,1987,1038,6,NaN,NaN,NaN,0,0,1,1,0,5
19,1987,310,10,NaN,NaN,NaN,0,0,1,1,0,0
19,1987,1124,3,NaN,NaN,NaN,0,0,1,1,0,0
19,1987,174,18,NaN,NaN,NaN,0,0,1,1,0,0
19,1987,1423,16,NaN,NaN,NaN,0,0,1,1,0,18
19,1987,300,21,NaN,NaN,NaN,0,0,1,1,0,0
19,1987,1195,4,NaN,NaN,NaN,0,5.9910378526756,1,1,1,16
19,1987,1599,21,NaN,NaN,NaN,0,4.98230343153481,1,1,0,0
19,1987,247,18,NaN,NaN,NaN,0,4.6832048686867,1,1,1,7
19,1987,16,21,NaN,NaN,NaN,0,0,1,1,0,0
19,1987,12,18,NaN,NaN,NaN,0,1.12515217578991,1,1,1,1
19,1987,1312,4,NaN,NaN,NaN,0,7.33630535908264,1,1,1,10
19,1987,745,3,NaN,NaN,NaN,0,0,1,0,0,11
19,1987,80,13,NaN,NaN,NaN,0,0,1,1,0,0
19,1987,104,20,NaN,NaN,NaN,0,5.7537465052887,1,1,1,2
19,1987,767,16,NaN,NaN,NaN,0,0,1,1,0,11
19,1987,1479,10,NaN,NaN,NaN,0,9.17869268555499,1,1,1,21
19,1987,138,3,NaN,NaN,NaN,0,0,1,1,0,0
20,1987,96,4,NaN,NaN,NaN,0,0,1,1,0,0
20,1987,931,11,NaN,NaN,NaN,0,0,1,1,0,20
20,1987,500,3,NaN,NaN,NaN,0,0,1,0,0,0
20,1987,1465,9,NaN,NaN,NaN,0,0,1,1,0,0
20,1987,389,16,NaN,NaN,NaN,0,0,1,0,0,0
20,1987,372,3,NaN,NaN,NaN,0,0,1,1,0,17
20,1987,1535,21,NaN,NaN,NaN,0,1.81511447474372,1,1,0,0
20,1987,1107,1,NaN,NaN,NaN,0,0,1,0,0,22
20,1987,1599,21,NaN,NaN,NaN,0,4.98230343153481,1,1,0,0
20,1987,1024,19,NaN,NaN,NaN,0,6.30968934199921,1,1,0,0
20,1987,1034,15,NaN,NaN,NaN,0,0,1,1,0,0
20,1987,1240,22,NaN,NaN,NaN,0,0,1,1,0,13
20,1987,815,21,NaN,NaN,NaN,0,0,1,1,0,0
20,1987,183,10,NaN,NaN,NaN,0,0.133621750300936,1,1,0,2
20,1987,729,7,NaN,NaN,NaN,0,0,1,0,0,11
20,1987,344,15,NaN,NaN,NaN,0,0,1,1,0,0
20,1987,16,21,NaN,NaN,NaN,0,0,1,1,0,15
20,1987,300,21,NaN,NaN,NaN,0,0,1,1,0,1
20,1987,461,3,NaN,NaN,NaN,0,0,1,1,0,8
20,1987,20,15,NaN,NaN,NaN,0,0,1,1,0,0
20,1987,1169,17,NaN,NaN,NaN,0,0,1,1,0,19
20,1987,156,13,NaN,NaN,NaN,0,0,1,0,0,0
20,1987,1584,20,NaN,NaN,NaN,0,5.1594316495945,1,1,0,0
20,1987,346,12,NaN,NaN,NaN,0,0,1,1,0,10
20,1987,170,10,NaN,NaN,NaN,0,0,1,0,0,6
20,1987,1271,21,NaN,NaN,NaN,0,0,1,1,0,20
20,1987,485,12,NaN,NaN,NaN,0,0,1,0,0,0
20,1987,1345,7,NaN,NaN,NaN,0,0,1,0,0,0
20,1987,1038,5,NaN,NaN,NaN,0,0,1,1,0,22
20,1987,607,20,NaN,NaN,NaN,0,0,1,0,0,17
20,1987,1268,20,NaN,NaN,NaN,0,0,1,0,0,2
20,1987,1252,21,NaN,NaN,NaN,0,0,1,0,0,17
20,1987,1132,6,NaN,NaN,NaN,0,0,1,0,0,0
20,1987,1449,21,NaN,NaN,NaN,0,0,1,1,0,0
20,1987,162,14,NaN,NaN,NaN,0,0,1,0,0,0
20,1987,276,19,NaN,NaN,NaN,0,0,1,0,0,0
20,1987,1479,21,NaN,NaN,NaN,0,0,1,0,0,0
20,1987,1016,11,NaN,NaN,NaN,0,0,1,1,0,0
20,1987,763,21,NaN,NaN,NaN,0,4.14936736129391,1,1,0,0
20,1987,243,20,NaN,NaN,NaN,0,0,1,0,0,0
20,1987,541,1,NaN,NaN,NaN,0,0,1,0,0,0
20,1987,134,4,NaN,NaN,NaN,0,0,1,1,0,19
20,1987,67,14,NaN,NaN,NaN,0,0,1,1,0,4
20,1987,403,17,NaN,NaN,NaN,0,0,1,1,0,5
20,1987,1195,16,NaN,NaN,NaN,0,0,1,0,0,4
20,1987,12,1,NaN,NaN,NaN,0,0,1,0,0,2
20,1987,1396,9,NaN,NaN,NaN,0,0,1,1,0,16
20,1987,508,3,NaN,NaN,NaN,0,0,1,1,0,0
20,1987,296,6,NaN,NaN,NaN,0,0.219692048850957,1,1,0,0
20,1987,91,12,NaN,NaN,NaN,0,0,1,1,0,21
20,1987,1305,17,NaN,NaN,NaN,0,0,1,1,0,6
20,1987,1043,6,NaN,NaN,NaN,0,0,1,1,0,0
20,1987,368,5,NaN,NaN,NaN,0,0,1,1,0,19
20,1987,1178,17,NaN,NaN,NaN,0,0,1,1,0,0
20,1987,245,6,NaN,NaN,NaN,0,0,1,1,0,16
20,1987,44,10,NaN,NaN,NaN,0,0,1,0,0,21
20,1987,1279,15,NaN,NaN,NaN,0,0,1,0,0,9
20,1987,1222,17,NaN,NaN,NaN,0,0,1,1,0,19
20,1987,1457,22,NaN,NaN,NaN,0,0,1,0,0,17
20,1987,776,1,NaN,NaN,NaN,0,0,1,1,0,7
20,1987,769,12,NaN,NaN,NaN,0,0,1,1,0,17
20,1987,690,21,NaN,NaN,NaN,0,0,1,1,0,0
20,1987,86,11,NaN,NaN,NaN,0,0,1,0,0,12
20,1987,674,12,NaN,NaN,NaN,0,0,1,1,0,10
20,1987,78,4,NaN,NaN,NaN,0,0,1,1,0,0
20,1987,174,18,NaN,NaN,NaN,0,0,1,1,0,0
20,1987,272,15,NaN,NaN,NaN,0,0,1,1,0,17
20,1987,1227,6,NaN,NaN,NaN,0,0,1,0,0,0
20,1987,106,21,NaN,NaN,NaN,0,0,1,1,0,0
20,1987,1199,3,NaN,NaN,NaN,0,0,1,1,0,0
20,1987,634,6,NaN,NaN,NaN,0,0,1,1,0,0
20,1987,267,21,NaN,NaN,NaN,0,0,1,1,0,0
20,1987,956,11,NaN,NaN,NaN,0,0,1,1,0,0
20,1987,1121,8,NaN,NaN,NaN,0,0,1,1,0,0
20,1987,1394,3,NaN,NaN,NaN,0,0,1,1,0,8
20,1987,233,22,NaN,NaN,NaN,0,0,1,0,0,0
20,1987,447,18,NaN,NaN,NaN,0,0,1,0,0,0
20,1987,282,13,NaN,NaN,NaN,0,0,1,0,0,0
20,1987,1312,10,NaN,NaN,NaN,0,0,1,0,0,1
20,1987,922,21,NaN,NaN,NaN,0,0,1,1,0,0
20,1987,102,19,NaN,NaN,NaN,0,5.90318542132607,1,1,0,0
20,1987,247,7,NaN,NaN,NaN,0,0,1,0,0,5
20,1987,1021,16,NaN,NaN,NaN,0,0,1,0,0,7
20,1987,376,13,NaN,NaN,NaN,0,0,1,1,0,1
20,1987,1113,1,NaN,NaN,NaN,0,0,1,1,0,0
20,1987,595,16,NaN,NaN,NaN,0,0,1,0,0,12
20,1987,792,12,NaN,NaN,NaN,0,0,1,0,0,0
20,1987,907,6,NaN,NaN,NaN,0,0,1,1,0,10
20,1987,593,5,NaN,NaN,NaN,0,0,1,0,0,3
20,1987,858,7,NaN,NaN,NaN,0,0,1,0,0,0
20,1987,811,1,NaN,NaN,NaN,0,0,1,0,0,11
20,1987,1144,16,NaN,NaN,NaN,0,0,1,0,0,15
20,1987,803,13,NaN,NaN,NaN,0,0,1,1,0,0
20,1987,625,14,NaN,NaN,NaN,0,0,1,1,0,19
20,1987,766,13,NaN,NaN,NaN,0,0,1,0,0,9
20,1987,390,20,NaN,NaN,NaN,0,0,1,1,0,0
20,1987,182,17,NaN,NaN,NaN,0,0,1,1,0,0
20,1987,253,11,NaN,NaN,NaN,0,0,1,0,0,0
20,1987,1215,21,NaN,NaN,NaN,0,0,1,1,0,0
20,1987,1391,11,NaN,NaN,NaN,0,0,1,0,0,19
20,1987,985,10,NaN,NaN,NaN,0,0,1,0,0,8
20,1987,487,9,NaN,NaN,NaN,0,0,1,1,0,10
20,1987,1122,20,NaN,NaN,NaN,0,0,1,1,0,0
20,1987,1368,14,NaN,NaN,NaN,0,0,1,0,0,5
20,1987,554,17,NaN,NaN,NaN,0,0,1,1,0,2
20,1987,444,10,NaN,NaN,NaN,0,0,1,1,0,22
20,1987,821,10,NaN,NaN,NaN,0,0,1,1,0,4
20,1987,1229,8,NaN,NaN,NaN,0,0,1,1,0,0
20,1987,144,4,NaN,NaN,NaN,0,0,1,0,0,0
20,1987,671,12,NaN,NaN,NaN,0,0,1,1,0,22
20,1987,767,11,NaN,NaN,NaN,0,0,1,1,0,0
20,1987,185,17,NaN,NaN,NaN,0,0,1,0,0,3
20,1987,104,2,NaN,NaN,NaN,0,0,1,0,0,8
20,1987,1598,21,NaN,NaN,NaN,0,3.66972191568489,1,1,0,0
20,1987,427,5,NaN,NaN,NaN,0,0,1,1,0,0
20,1987,501,6,NaN,NaN,NaN,0,0,1,1,0,22
20,1987,745,11,NaN,NaN,NaN,0,0,1,0,0,21
20,1987,333,13,NaN,NaN,NaN,0,0,1,1,0,0
20,1987,1149,20,NaN,NaN,NaN,0,4.51048657914358,1,1,0,0
20,1987,1483,22,NaN,NaN,NaN,0,0,1,0,0,13
20,1987,925,19,NaN,NaN,NaN,0,0,1,1,0,0
20,1987,1186,21,NaN,NaN,NaN,0,2.68954333612915,1,1,0,0
20,1987,1364,7,NaN,NaN,NaN,0,0,1,0,0,16
20,1987,1008,4,NaN,NaN,NaN,0,0,1,0,0,13
20,1987,1439,21,NaN,NaN,NaN,0,0,1,0,0,8
20,1987,813,17,NaN,NaN,NaN,0,0,1,1,0,0
20,1987,80,13,NaN,NaN,NaN,0,0,1,1,0,0
20,1987,968,1,NaN,NaN,NaN,0,0,1,0,0,0
20,1987,87,17,NaN,NaN,NaN,0,0,1,1,0,0
20,1987,1264,17,NaN,NaN,NaN,0,0,1,0,0,5
20,1987,1441,13,NaN,NaN,NaN,0,0,1,0,0,0
20,1987,142,2,NaN,NaN,NaN,0,0,1,0,0,11
20,1987,584,19,NaN,NaN,NaN,0,0,1,0,0,21
20,1987,347,9,NaN,NaN,NaN,0,0,1,0,0,17
20,1987,120,5,NaN,NaN,NaN,0,0,1,1,0,4
20,1987,1196,7,NaN,NaN,NaN,0,0,1,1,0,0
20,1987,569,9,NaN,NaN,NaN,0,0,1,1,0,8
20,1987,210,11,NaN,NaN,NaN,0,0,1,0,0,0
20,1987,544,8,NaN,NaN,NaN,0,0,1,1,0,21
20,1987,278,22,NaN,NaN,NaN,0,0,1,0,0,18
20,1987,47,20,NaN,NaN,NaN,0,0,1,0,0,18
20,1987,151,22,NaN,NaN,NaN,0,0,1,1,0,18
20,1987,58,8,NaN,NaN,NaN,0,0,1,1,0,21
20,1987,1448,22,NaN,NaN,NaN,0,0,1,0,0,15
20,1987,128,13,NaN,NaN,NaN,0,0,1,1,0,11
20,1987,1124,3,NaN,NaN,NaN,0,0,1,1,0,0
20,1987,850,15,NaN,NaN,NaN,0,0.181429171383302,1,1,0,0
20,1987,250,3,NaN,NaN,NaN,0,0,1,1,0,2
20,1987,1580,19,NaN,NaN,NaN,0,7.31006246159561,1,1,0,0
20,1987,978,19,NaN,NaN,NaN,0,0,1,0,0,0
20,1987,801,18,NaN,NaN,NaN,0,0,1,0,0,17
20,1987,738,3,NaN,NaN,NaN,0,0,1,1,0,0
20,1987,382,10,NaN,NaN,NaN,0,0,1,0,0,20
20,1987,18,4,NaN,NaN,NaN,0,0,1,0,0,0
20,1987,308,15,NaN,NaN,NaN,0,0,1,0,0,2
20,1987,1170,11,NaN,NaN,NaN,0,0,1,0,0,12
20,1987,804,22,NaN,NaN,NaN,0,0,1,1,0,0
20,1987,310,10,NaN,NaN,NaN,0,0,1,1,0,9
20,1987,1423,18,NaN,NaN,NaN,0,0,1,1,0,7
20,1987,1003,3,NaN,NaN,NaN,0,0,1,1,0,16
20,1987,138,3,NaN,NaN,NaN,0,0,1,1,0,4
20,1987,800,13,NaN,NaN,NaN,0,0,1,1,0,8
20,1987,568,19,NaN,NaN,NaN,0,0.629215038391525,1,1,0,0
20,1987,887,6,NaN,NaN,NaN,0,0,1,1,0,0
20,1987,1477,9,NaN,NaN,NaN,0,0,1,1,0,0
20,1987,1280,20,NaN,NaN,NaN,0,0,1,1,0,0
20,1987,722,21,NaN,NaN,NaN,0,0,1,1,0,15
20,1987,369,7,NaN,NaN,NaN,0,0,1,0,0,0
20,1987,27,1,NaN,NaN,NaN,0,0,1,0,0,21
20,1987,976,19,NaN,NaN,NaN,0,0,1,1,0,0
20,1987,545,17,NaN,NaN,NaN,0,0,1,1,0,1
20,1987,1497,18,NaN,NaN,NaN,0,0,1,0,0,21
20,1987,59,19,NaN,NaN,NaN,0,0,1,1,0,15
20,1987,534,22,NaN,NaN,NaN,0,0,1,1,0,12
20,1987,429,3,NaN,NaN,NaN,0,0,1,1,0,13
20,1987,255,2,NaN,NaN,NaN,0,0,1,1,0,20
20,1987,410,13,NaN,NaN,NaN,0,0,1,1,0,0
20,1987,1356,5,NaN,NaN,NaN,0,0,1,1,0,14
20,1987,323,10,NaN,NaN,NaN,0,0,1,0,0,0
20,1987,48,21,NaN,NaN,NaN,0,0,1,0,0,0
20,1987,1130,21,NaN,NaN,NaN,0,2.66278923062312,1,1,0,0
21,1987,931,20,NaN,NaN,NaN,0,0,1,1,0,5
21,1987,766,9,NaN,NaN,NaN,0,7.03513892142955,1,0,0,0
21,1987,1448,15,NaN,NaN,NaN,0,0,1,0,0,16
21,1987,427,5,NaN,NaN,NaN,0,0,1,1,0,13
21,1987,1043,6,NaN,NaN,NaN,0,0,1,1,0,7
21,1987,1279,9,NaN,NaN,NaN,0,0,1,0,0,1
21,1987,282,13,NaN,NaN,NaN,0,0,1,0,0,0
21,1987,245,16,NaN,NaN,NaN,0,0,1,1,0,6
21,1987,1107,22,NaN,NaN,NaN,0,0,1,0,0,15
21,1987,1034,15,NaN,NaN,NaN,0,0,1,1,0,20
21,1987,67,4,NaN,NaN,NaN,0,0,1,1,0,0
21,1987,745,21,NaN,NaN,NaN,0,4.23146258805615,1,1,1,11
21,1987,1113,1,NaN,NaN,NaN,0,0,1,1,0,10
21,1987,821,4,NaN,NaN,NaN,0,1.90128270863273,1,1,1,7
21,1987,267,21,NaN,NaN,NaN,0,0,1,1,0,0
21,1987,1599,21,NaN,NaN,NaN,0,4.19580157848144,1,1,0,0
21,1987,1149,20,NaN,NaN,NaN,0,3.44261196353738,1,1,0,0
21,1987,296,6,NaN,NaN,NaN,0,0,1,1,0,0
21,1987,104,8,NaN,NaN,NaN,0,5.53733544441944,1,0,0,19
21,1987,170,6,NaN,NaN,NaN,0,3.26320394946167,1,0,0,0
21,1987,185,3,NaN,NaN,NaN,0,0,1,0,0,8
21,1987,96,4,NaN,NaN,NaN,0,2.51955421022915,1,1,1,5
21,1987,1195,4,NaN,NaN,NaN,0,0,1,0,0,0
21,1987,403,5,NaN,NaN,NaN,0,0,1,1,0,18
21,1987,1396,16,NaN,NaN,NaN,0,0,1,1,0,4
21,1987,501,22,NaN,NaN,NaN,0,3.92037305281198,1,1,1,13
21,1987,1457,17,NaN,NaN,NaN,0,0,1,1,0,0
21,1987,729,11,NaN,NaN,NaN,0,0,1,1,0,9
21,1987,595,12,NaN,NaN,NaN,0,0,1,0,0,0
21,1987,508,3,NaN,NaN,NaN,0,0,1,1,0,4
21,1987,985,8,NaN,NaN,NaN,0,0,1,0,0,0
21,1987,858,7,NaN,NaN,NaN,0,7.43806694725756,1,0,0,0
21,1987,58,21,NaN,NaN,NaN,0,2.10998018423509,1,1,1,6
21,1987,444,22,NaN,NaN,NaN,0,0,1,1,0,21
21,1987,20,15,NaN,NaN,NaN,0,0,1,1,0,0
21,1987,16,15,NaN,NaN,NaN,0,0,1,1,0,18
21,1987,382,20,NaN,NaN,NaN,0,0.13846490199094,1,0,0,15
21,1987,102,19,NaN,NaN,NaN,0,7.2591061554183,1,1,0,0
21,1987,1465,9,NaN,NaN,NaN,0,4.00920617801005,1,1,1,19
21,1987,1016,11,NaN,NaN,NaN,0,0,1,1,0,18
21,1987,138,4,NaN,NaN,NaN,0,0,1,1,0,1
21,1987,390,20,NaN,NaN,NaN,0,2.73438710740038,1,1,1,5
21,1987,250,2,NaN,NaN,NaN,0,5.17600998305538,1,1,1,19
21,1987,389,16,NaN,NaN,NaN,0,0,1,0,0,14
21,1987,278,18,NaN,NaN,NaN,0,0,1,0,0,3
21,1987,106,21,NaN,NaN,NaN,0,0,1,1,0,0
21,1987,801,17,NaN,NaN,NaN,0,0,1,0,0,0
21,1987,634,6,NaN,NaN,NaN,0,0,1,1,0,0
21,1987,247,5,NaN,NaN,NaN,0,0,1,0,0,0
21,1987,1178,17,NaN,NaN,NaN,0,0,1,1,0,0
21,1987,59,15,NaN,NaN,NaN,0,0,1,1,0,19
21,1987,1312,1,NaN,NaN,NaN,0,0,1,0,0,18
21,1987,811,11,NaN,NaN,NaN,0,5.99125998755671,1,0,0,0
21,1987,1021,7,NaN,NaN,NaN,0,6.69475891910191,1,0,0,0
21,1987,48,21,NaN,NaN,NaN,0,0,1,0,0,0
21,1987,142,11,NaN,NaN,NaN,0,6.03260476922758,1,0,0,0
21,1987,1449,21,NaN,NaN,NaN,0,0,1,1,0,13
21,1987,1598,21,NaN,NaN,NaN,0,3.48982867556918,1,1,0,0
21,1987,1280,20,NaN,NaN,NaN,0,4.09244429577366,1,1,1,1
21,1987,1271,20,NaN,NaN,NaN,0,0,1,1,0,18
21,1987,120,4,NaN,NaN,NaN,0,0,1,1,0,15
21,1987,545,1,NaN,NaN,NaN,0,1.70777654340291,1,1,1,6
21,1987,151,18,NaN,NaN,NaN,0,1.15946360346597,1,1,1,13
21,1987,956,11,NaN,NaN,NaN,0,0,1,1,0,0
21,1987,461,8,NaN,NaN,NaN,0,0,1,1,0,9
21,1987,922,21,NaN,NaN,NaN,0,0,1,1,0,0
21,1987,183,2,NaN,NaN,NaN,0,0,1,1,0,8
21,1987,1535,21,NaN,NaN,NaN,0,2.43230219775268,1,1,0,0
21,1987,1038,22,NaN,NaN,NaN,0,0,1,1,0,18
21,1987,182,17,NaN,NaN,NaN,0,5.07052461553926,1,1,1,22
21,1987,925,19,NaN,NaN,NaN,0,2.3816780988736,1,1,1,6
21,1987,47,18,NaN,NaN,NaN,0,3.15575651587159,1,0,0,0
21,1987,410,13,NaN,NaN,NaN,0,0,1,1,0,14
21,1987,1264,5,NaN,NaN,NaN,0,0,1,0,0,0
21,1987,1391,19,NaN,NaN,NaN,0,6.10463156016592,1,0,0,20
21,1987,541,1,NaN,NaN,NaN,0,0,1,0,0,0
21,1987,487,10,NaN,NaN,NaN,0,0,1,1,0,22
21,1987,310,9,NaN,NaN,NaN,0,3.76364307461684,1,1,1,15
21,1987,1439,8,NaN,NaN,NaN,0,0,1,0,0,16
21,1987,607,17,NaN,NaN,NaN,0,0,1,0,0,0
21,1987,1124,3,NaN,NaN,NaN,0,0,1,1,0,0
21,1987,763,21,NaN,NaN,NaN,0,3.085975553714,1,1,0,0
21,1987,376,1,NaN,NaN,NaN,0,0,1,1,0,17
21,1987,174,18,NaN,NaN,NaN,0,0,1,1,0,0
21,1987,813,17,NaN,NaN,NaN,0,0,1,1,0,20
21,1987,1024,19,NaN,NaN,NaN,0,4.41336665530014,1,1,0,0
21,1987,500,3,NaN,NaN,NaN,0,0,1,0,0,0
21,1987,1305,6,NaN,NaN,NaN,0,0,1,1,0,0
21,1987,162,14,NaN,NaN,NaN,0,0,1,1,0,0
21,1987,276,19,NaN,NaN,NaN,0,5.16321958694636,1,1,1,9
21,1987,80,13,NaN,NaN,NaN,0,0,1,1,0,0
21,1987,1186,21,NaN,NaN,NaN,0,2.36890704251774,1,1,0,0
21,1987,447,18,NaN,NaN,NaN,0,0,1,0,0,0
21,1987,308,2,NaN,NaN,NaN,0,4.22160809272696,1,1,1,15
21,1987,1240,13,NaN,NaN,NaN,0,0,1,1,0,0
21,1987,255,20,NaN,NaN,NaN,0,6.36541885779322,1,1,1,9
21,1987,86,12,NaN,NaN,NaN,0,0,1,0,0,0
21,1987,429,13,NaN,NaN,NaN,0,0,1,1,0,0
21,1987,253,11,NaN,NaN,NaN,0,0,1,0,0,0
21,1987,690,21,NaN,NaN,NaN,0,0,1,1,0,7
21,1987,569,8,NaN,NaN,NaN,0,0,1,1,0,0
21,1987,568,19,NaN,NaN,NaN,0,7.29660386106048,1,1,1,13
21,1987,323,10,NaN,NaN,NaN,0,6.47583785757102,1,1,1,1
21,1987,243,20,NaN,NaN,NaN,0,0.426272585033057,1,0,0,0
21,1987,767,11,NaN,NaN,NaN,0,0,1,1,0,15
21,1987,803,13,NaN,NaN,NaN,0,3.87043956314412,1,1,1,1
21,1987,128,11,NaN,NaN,NaN,0,0,1,1,0,0
21,1987,1130,21,NaN,NaN,NaN,0,2.86578817522146,1,1,0,0
21,1987,593,3,NaN,NaN,NaN,0,7.03661805512428,1,0,0,0
21,1987,1441,13,NaN,NaN,NaN,0,5.43740370868726,1,0,0,0
21,1987,210,11,NaN,NaN,NaN,0,0,1,0,0,6
21,1987,1003,16,NaN,NaN,NaN,0,0,1,1,0,0
21,1987,1483,13,NaN,NaN,NaN,0,5.52108009158703,1,0,0,20
21,1987,738,3,NaN,NaN,NaN,0,0,1,1,0,0
21,1987,344,15,NaN,NaN,NaN,0,4.61785979042981,1,1,1,8
21,1987,1144,15,NaN,NaN,NaN,0,1.08333278641853,1,0,0,21
21,1987,369,7,NaN,NaN,NaN,0,7.55700634745923,1,0,0,11
21,1987,156,13,NaN,NaN,NaN,0,7.2138851162171,1,0,0,0
21,1987,1215,21,NaN,NaN,NaN,0,0,1,1,0,0
21,1987,346,10,NaN,NaN,NaN,0,0,1,1,0,0
21,1987,850,15,NaN,NaN,NaN,0,0,1,1,0,17
21,1987,1252,17,NaN,NaN,NaN,0,0,1,0,0,0
21,1987,769,17,NaN,NaN,NaN,0,0,1,1,0,12
21,1987,1423,7,NaN,NaN,NaN,0,0,1,1,0,0
21,1987,584,21,NaN,NaN,NaN,0,0,1,0,0,0
21,1987,544,21,NaN,NaN,NaN,0,2.60989945458623,1,1,1,22
21,1987,1394,8,NaN,NaN,NaN,0,1.15448919673087,1,1,1,10
21,1987,625,19,NaN,NaN,NaN,0,0,1,1,0,13
21,1987,1169,19,NaN,NaN,NaN,0,1.99087773702634,1,1,1,22
21,1987,78,4,NaN,NaN,NaN,0,0,1,1,0,13
21,1987,91,21,NaN,NaN,NaN,0,0,1,1,0,18
21,1987,800,8,NaN,NaN,NaN,0,0,1,1,0,0
21,1987,347,17,NaN,NaN,NaN,0,7.29169563630309,1,0,0,0
21,1987,134,19,NaN,NaN,NaN,0,7.2877428613205,1,1,1,17
21,1987,27,21,NaN,NaN,NaN,0,0,1,0,0,10
21,1987,968,1,NaN,NaN,NaN,0,0,1,0,0,0
21,1987,87,17,NaN,NaN,NaN,0,3.09172341174264,1,1,1,21
21,1987,333,13,NaN,NaN,NaN,0,0,1,1,0,18
21,1987,978,19,NaN,NaN,NaN,0,5.50841206431828,1,0,0,12
21,1987,485,12,NaN,NaN,NaN,0,6.05520184651437,1,1,1,4
21,1987,1364,16,NaN,NaN,NaN,0,0,1,0,0,22
21,1987,272,17,NaN,NaN,NaN,0,0,1,1,0,20
21,1987,976,19,NaN,NaN,NaN,0,1.25039598129842,1,1,1,11
21,1987,1227,6,NaN,NaN,NaN,0,3.51961283868131,1,1,1,19
21,1987,1122,20,NaN,NaN,NaN,0,0,1,1,0,4
21,1987,18,4,NaN,NaN,NaN,0,0,1,1,0,0
21,1987,1008,13,NaN,NaN,NaN,0,1.87045429481372,1,0,0,0
21,1987,554,2,NaN,NaN,NaN,0,0,1,1,0,5
21,1987,44,21,NaN,NaN,NaN,0,0,1,0,0,16
21,1987,1497,21,NaN,NaN,NaN,0,0,1,0,0,1
21,1987,1170,12,NaN,NaN,NaN,0,0,1,1,0,0
21,1987,233,22,NaN,NaN,NaN,0,0,1,1,0,2
21,1987,1121,8,NaN,NaN,NaN,0,0,1,1,0,1
21,1987,368,19,NaN,NaN,NaN,0,0,1,1,0,0
21,1987,1196,7,NaN,NaN,NaN,0,0,1,1,0,3
21,1987,907,10,NaN,NaN,NaN,0,2.53162569616671,1,1,1,4
21,1987,534,12,NaN,NaN,NaN,0,0,1,1,0,19
21,1987,1199,3,NaN,NaN,NaN,0,0,1,1,0,20
21,1987,1580,19,NaN,NaN,NaN,0,5.07658358476617,1,1,0,0
21,1987,792,12,NaN,NaN,NaN,0,0,1,0,0,6
21,1987,887,6,NaN,NaN,NaN,0,1.81605644793554,1,1,1,19
21,1987,1345,7,NaN,NaN,NaN,0,5.09007435086149,1,0,0,0
21,1987,1132,6,NaN,NaN,NaN,0,0,1,0,0,3
21,1987,300,1,NaN,NaN,NaN,0,0,1,1,0,10
21,1987,1477,9,NaN,NaN,NaN,0,0,1,1,0,0
21,1987,372,17,NaN,NaN,NaN,0,0,1,1,0,6
21,1987,1356,14,NaN,NaN,NaN,0,0,1,1,0,0
21,1987,12,2,NaN,NaN,NaN,0,6.56496570589719,1,0,0,3
21,1987,1229,8,NaN,NaN,NaN,0,3.55442529554972,1,1,1,4
21,1987,144,4,NaN,NaN,NaN,0,0,1,1,0,10
21,1987,1368,5,NaN,NaN,NaN,0,3.56084845687273,1,0,0,0
21,1987,1222,19,NaN,NaN,NaN,0,5.40163497218981,1,1,1,11
21,1987,1584,20,NaN,NaN,NaN,0,3.68198835442812,1,1,0,0
21,1987,1479,21,NaN,NaN,NaN,0,0,1,0,0,0
21,1987,776,7,NaN,NaN,NaN,0,0,1,1,0,5
21,1987,815,21,NaN,NaN,NaN,0,0,1,1,0,3
21,1987,722,15,NaN,NaN,NaN,0,0,1,1,0,0
21,1987,671,22,NaN,NaN,NaN,0,7.02477732424787,1,1,1,3
21,1987,1268,2,NaN,NaN,NaN,0,0,1,0,0,11
22,1988,1599,21,NaN,NaN,NaN,0,4.19580157848144,1,1,0,0
22,1988,461,9,NaN,NaN,NaN,0,0,1,1,0,0
22,1988,272,20,NaN,NaN,NaN,0,0,1,1,0,0
22,1988,1149,20,NaN,NaN,NaN,0,3.44261196353738,1,1,0,0
22,1988,978,12,NaN,NaN,NaN,0,5.50841206431828,1,0,0,0
22,1988,390,5,NaN,NaN,NaN,0,0,1,0,0,6
22,1988,925,6,NaN,NaN,NaN,0,0,1,0,0,0
22,1988,1252,17,NaN,NaN,NaN,0,0,1,0,0,21
22,1988,766,9,NaN,NaN,NaN,0,7.03513892142955,1,0,0,5
22,1988,1215,21,NaN,NaN,NaN,0,0,1,1,0,0
22,1988,372,6,NaN,NaN,NaN,0,0,1,1,0,0
22,1988,1038,18,NaN,NaN,NaN,0,0,1,1,0,9
22,1988,554,5,NaN,NaN,NaN,0,0,1,1,0,16
22,1988,96,5,NaN,NaN,NaN,0,0,1,0,0,0
22,1988,47,18,NaN,NaN,NaN,0,3.15575651587159,1,0,0,11
22,1988,1439,16,NaN,NaN,NaN,0,0,1,0,0,0
22,1988,87,21,NaN,NaN,NaN,0,0,1,0,0,0
22,1988,12,3,NaN,NaN,NaN,0,6.56496570589719,1,0,0,4
22,1988,78,13,NaN,NaN,NaN,0,0,1,1,0,15
22,1988,1043,7,NaN,NaN,NaN,0,0,1,1,0,11
22,1988,1465,19,NaN,NaN,NaN,0,0,1,0,0,9
22,1988,245,6,NaN,NaN,NaN,0,0,1,1,0,0
22,1988,1598,21,NaN,NaN,NaN,0,3.48982867556918,1,1,0,0
22,1988,595,12,NaN,NaN,NaN,0,0,1,0,0,0
22,1988,545,6,NaN,NaN,NaN,0,0,1,0,0,18
22,1988,128,11,NaN,NaN,NaN,0,0,1,1,0,0
22,1988,1222,11,NaN,NaN,NaN,0,0,1,0,0,19
22,1988,722,15,NaN,NaN,NaN,0,0,1,1,0,7
22,1988,815,3,NaN,NaN,NaN,0,0,1,1,0,0
22,1988,210,6,NaN,NaN,NaN,0,0,1,0,0,0
22,1988,745,11,NaN,NaN,NaN,0,0,1,0,0,3
22,1988,544,22,NaN,NaN,NaN,0,0,1,0,0,1
22,1988,410,14,NaN,NaN,NaN,0,0,1,1,0,5
22,1988,487,22,NaN,NaN,NaN,0,0,1,1,0,20
22,1988,976,11,NaN,NaN,NaN,0,0,1,0,0,19
22,1988,1130,21,NaN,NaN,NaN,0,2.86578817522146,1,1,0,0
22,1988,634,6,NaN,NaN,NaN,0,0,1,1,0,0
22,1988,769,12,NaN,NaN,NaN,0,0,1,1,0,0
22,1988,508,4,NaN,NaN,NaN,0,0,1,1,0,16
22,1988,1178,17,NaN,NaN,NaN,0,0,1,1,0,9
22,1988,887,19,NaN,NaN,NaN,0,0,1,0,0,5
22,1988,1584,20,NaN,NaN,NaN,0,3.68198835442812,1,1,0,0
22,1988,1345,7,NaN,NaN,NaN,0,5.09007435086149,1,0,0,0
22,1988,427,13,NaN,NaN,NaN,0,0,1,1,0,0
22,1988,91,18,NaN,NaN,NaN,0,0,1,1,0,0
22,1988,174,18,NaN,NaN,NaN,0,0,1,1,0,0
22,1988,296,6,NaN,NaN,NaN,0,0,1,1,0,0
22,1988,58,6,NaN,NaN,NaN,0,0,1,0,0,0
22,1988,444,21,NaN,NaN,NaN,0,0,1,1,0,0
22,1988,267,21,NaN,NaN,NaN,0,0,1,1,0,0
22,1988,500,3,NaN,NaN,NaN,0,0,1,0,0,0
22,1988,170,6,NaN,NaN,NaN,0,3.26320394946167,1,0,0,0
22,1988,1021,7,NaN,NaN,NaN,0,6.69475891910191,1,0,0,0
22,1988,1268,11,NaN,NaN,NaN,0,0,1,0,0,0
22,1988,1195,4,NaN,NaN,NaN,0,0,1,0,0,0
22,1988,120,15,NaN,NaN,NaN,0,0,1,1,0,0
22,1988,102,19,NaN,NaN,NaN,0,7.2591061554183,1,1,0,0
22,1988,1441,13,NaN,NaN,NaN,0,5.43740370868726,1,0,0,18
22,1988,1580,19,NaN,NaN,NaN,0,5.07658358476617,1,1,0,0
22,1988,151,13,NaN,NaN,NaN,0,0,1,0,0,21
22,1988,1034,20,NaN,NaN,NaN,0,0,1,1,0,3
22,1988,1264,5,NaN,NaN,NaN,0,0,1,0,0,0
22,1988,156,13,NaN,NaN,NaN,0,7.2138851162171,1,0,0,0
22,1988,347,17,NaN,NaN,NaN,0,7.29169563630309,1,0,0,0
22,1988,382,15,NaN,NaN,NaN,0,0.13846490199094,1,0,0,0
22,1988,106,21,NaN,NaN,NaN,0,0,1,1,0,3
22,1988,1391,20,NaN,NaN,NaN,0,6.10463156016592,1,0,0,21
22,1988,44,16,NaN,NaN,NaN,0,0,1,0,0,0
22,1988,308,15,NaN,NaN,NaN,0,0,1,0,0,0
22,1988,403,18,NaN,NaN,NaN,0,0,1,1,0,20
22,1988,607,17,NaN,NaN,NaN,0,0,1,0,0,21
22,1988,300,10,NaN,NaN,NaN,0,0,1,1,0,0
22,1988,1024,19,NaN,NaN,NaN,0,4.41336665530014,1,1,0,0
22,1988,1008,13,NaN,NaN,NaN,0,1.87045429481372,1,0,0,5
22,1988,956,11,NaN,NaN,NaN,0,0,1,1,0,1
22,1988,1107,15,NaN,NaN,NaN,0,0,1,0,0,0
22,1988,584,21,NaN,NaN,NaN,0,0,1,0,0,7
22,1988,534,19,NaN,NaN,NaN,0,0,1,1,0,5
22,1988,1479,21,NaN,NaN,NaN,0,0,1,0,0,16
22,1988,1132,3,NaN,NaN,NaN,0,0,1,0,0,0
22,1988,142,11,NaN,NaN,NaN,0,6.03260476922758,1,0,0,16
22,1988,1497,1,NaN,NaN,NaN,0,0,1,0,0,0
22,1988,104,19,NaN,NaN,NaN,0,5.53733544441944,1,0,0,6
22,1988,811,11,NaN,NaN,NaN,0,5.99125998755671,1,0,0,2
22,1988,1312,18,NaN,NaN,NaN,0,0,1,0,0,0
22,1988,1535,21,NaN,NaN,NaN,0,2.43230219775268,1,1,0,0
22,1988,48,21,NaN,NaN,NaN,0,0,1,0,0,0
22,1988,1144,21,NaN,NaN,NaN,0,1.08333278641853,1,0,0,0
22,1988,1240,13,NaN,NaN,NaN,0,0,1,1,0,0
22,1988,1368,5,NaN,NaN,NaN,0,3.56084845687273,1,0,0,0
22,1988,368,19,NaN,NaN,NaN,0,0,1,1,0,8
22,1988,1016,18,NaN,NaN,NaN,0,0,1,1,0,9
22,1988,800,8,NaN,NaN,NaN,0,0,1,1,0,17
22,1988,429,13,NaN,NaN,NaN,0,0,1,1,0,18
22,1988,931,5,NaN,NaN,NaN,0,0,1,1,0,4
22,1988,282,13,NaN,NaN,NaN,0,0,1,0,0,0
22,1988,485,4,NaN,NaN,NaN,0,0,1,0,0,12
22,1988,1227,19,NaN,NaN,NaN,0,0,1,0,0,6
22,1988,346,10,NaN,NaN,NaN,0,0,1,1,0,0
22,1988,1449,13,NaN,NaN,NaN,0,0,1,1,0,18
22,1988,134,17,NaN,NaN,NaN,0,0,1,0,0,5
22,1988,1199,20,NaN,NaN,NaN,0,0,1,1,0,11
22,1988,625,13,NaN,NaN,NaN,0,0,1,1,0,14
22,1988,821,7,NaN,NaN,NaN,0,0,1,0,0,0
22,1988,80,13,NaN,NaN,NaN,0,0,1,1,0,0
22,1988,16,18,NaN,NaN,NaN,0,0,1,1,0,20
22,1988,243,20,NaN,NaN,NaN,0,0.426272585033057,1,0,0,0
22,1988,1124,3,NaN,NaN,NaN,0,0,1,1,0,1
22,1988,1396,4,NaN,NaN,NaN,0,0,1,1,0,5
22,1988,907,4,NaN,NaN,NaN,0,0,1,0,0,0
22,1988,1394,10,NaN,NaN,NaN,0,0,1,0,0,11
22,1988,1477,9,NaN,NaN,NaN,0,0,1,1,0,7
22,1988,278,3,NaN,NaN,NaN,0,0,1,0,0,9
22,1988,767,15,NaN,NaN,NaN,0,0,1,1,0,18
22,1988,803,1,NaN,NaN,NaN,0,0,1,0,0,0
22,1988,1186,21,NaN,NaN,NaN,0,2.36890704251774,1,1,0,0
22,1988,850,17,NaN,NaN,NaN,0,0,1,1,0,0
22,1988,792,6,NaN,NaN,NaN,0,0,1,0,0,0
22,1988,922,21,NaN,NaN,NaN,0,0,1,1,0,0
22,1988,59,19,NaN,NaN,NaN,0,0,1,1,0,11
22,1988,1356,14,NaN,NaN,NaN,0,0,1,1,0,20
22,1988,813,20,NaN,NaN,NaN,0,0,1,1,0,22
22,1988,1483,20,NaN,NaN,NaN,0,5.52108009158703,1,0,0,4
22,1988,86,12,NaN,NaN,NaN,0,0,1,0,0,0
22,1988,310,15,NaN,NaN,NaN,0,0,1,0,0,10
22,1988,1196,3,NaN,NaN,NaN,0,0,1,1,0,0
22,1988,253,11,NaN,NaN,NaN,0,0,1,0,0,17
22,1988,185,8,NaN,NaN,NaN,0,0,1,0,0,6
22,1988,247,5,NaN,NaN,NaN,0,0,1,0,0,22
22,1988,569,8,NaN,NaN,NaN,0,0,1,1,0,13
22,1988,1457,17,NaN,NaN,NaN,0,0,1,1,0,0
22,1988,1271,18,NaN,NaN,NaN,0,0,1,1,0,0
22,1988,255,9,NaN,NaN,NaN,0,0,1,0,0,15
22,1988,1113,10,NaN,NaN,NaN,0,0,1,1,0,19
22,1988,1003,16,NaN,NaN,NaN,0,0,1,1,0,21
22,1988,182,22,NaN,NaN,NaN,0,0,1,0,0,17
22,1988,541,1,NaN,NaN,NaN,0,0,1,0,0,0
22,1988,233,2,NaN,NaN,NaN,0,0,1,1,0,0
22,1988,27,10,NaN,NaN,NaN,0,0,1,0,0,0
22,1988,144,10,NaN,NaN,NaN,0,0,1,1,0,2
22,1988,323,1,NaN,NaN,NaN,0,0,1,0,0,10
22,1988,593,3,NaN,NaN,NaN,0,7.03661805512428,1,0,0,0
22,1988,1280,1,NaN,NaN,NaN,0,0,1,0,0,0
22,1988,1305,6,NaN,NaN,NaN,0,0,1,1,0,21
22,1988,376,17,NaN,NaN,NaN,0,0,1,1,0,0
22,1988,67,4,NaN,NaN,NaN,0,0,1,1,0,18
22,1988,776,5,NaN,NaN,NaN,0,0,1,1,0,15
22,1988,369,11,NaN,NaN,NaN,0,7.55700634745923,1,0,0,5
22,1988,333,18,NaN,NaN,NaN,0,0,1,1,0,0
22,1988,162,14,NaN,NaN,NaN,0,0,1,1,0,17
22,1988,1121,1,NaN,NaN,NaN,0,0,1,1,0,0
22,1988,1279,1,NaN,NaN,NaN,0,0,1,0,0,0
22,1988,968,1,NaN,NaN,NaN,0,0,1,0,0,21
22,1988,568,13,NaN,NaN,NaN,0,0,1,0,0,0
22,1988,183,8,NaN,NaN,NaN,0,0,1,1,0,0
22,1988,447,18,NaN,NaN,NaN,0,0,1,0,0,0
22,1988,1170,12,NaN,NaN,NaN,0,0,1,1,0,0
22,1988,1122,4,NaN,NaN,NaN,0,0,1,1,0,0
22,1988,138,1,NaN,NaN,NaN,0,0,1,1,0,10
22,1988,729,9,NaN,NaN,NaN,0,0,1,1,0,0
22,1988,1448,16,NaN,NaN,NaN,0,0,1,0,0,1
22,1988,801,17,NaN,NaN,NaN,0,0,1,0,0,0
22,1988,1364,22,NaN,NaN,NaN,0,0,1,0,0,5
22,1988,985,8,NaN,NaN,NaN,0,0,1,0,0,0
22,1988,858,7,NaN,NaN,NaN,0,7.43806694725756,1,0,0,0
22,1988,671,3,NaN,NaN,NaN,0,0,1,0,0,5
22,1988,276,9,NaN,NaN,NaN,0,0,1,0,0,21
22,1988,1229,4,NaN,NaN,NaN,0,0,1,0,0,8
22,1988,690,7,NaN,NaN,NaN,0,0,1,1,0,21
22,1988,250,19,NaN,NaN,NaN,0,0,1,0,0,8
22,1988,763,21,NaN,NaN,NaN,0,3.085975553714,1,1,0,0
22,1988,389,14,NaN,NaN,NaN,0,0,1,0,0,3
22,1988,20,15,NaN,NaN,NaN,0,0,1,1,0,1
22,1988,1169,22,NaN,NaN,NaN,0,0,1,0,0,10
22,1988,18,4,NaN,NaN,NaN,0,0,1,1,0,22
22,1988,738,3,NaN,NaN,NaN,0,0,1,1,0,0
22,1988,501,13,NaN,NaN,NaN,0,0,1,0,0,14
23,1988,1264,5,NaN,NaN,NaN,0,0,1,1,0,0
23,1988,485,12,NaN,NaN,NaN,0,0,1,0,0,0
23,1988,1107,15,NaN,NaN,NaN,0,0,1,1,0,3
23,1988,607,21,NaN,NaN,NaN,0,0,1,1,0,17
23,1988,182,17,NaN,NaN,NaN,0,0,1,0,0,0
23,1988,346,10,NaN,NaN,NaN,0,0,1,1,0,20
23,1988,500,3,NaN,NaN,NaN,0,0,1,1,0,0
23,1988,80,13,NaN,NaN,NaN,0,0,1,1,0,0
23,1988,1535,21,NaN,NaN,NaN,0,2.43230219775268,1,1,0,0
23,1988,763,21,NaN,NaN,NaN,0,3.085975553714,1,1,0,0
23,1988,1229,8,NaN,NaN,NaN,0,0,1,0,0,0
23,1988,1448,1,NaN,NaN,NaN,0,0,1,1,0,0
23,1988,931,4,NaN,NaN,NaN,0,0,1,1,0,9
23,1988,1008,5,NaN,NaN,NaN,0,1.87045429481372,1,1,1,18
23,1988,1170,12,NaN,NaN,NaN,0,0,1,1,0,0
23,1988,766,5,NaN,NaN,NaN,0,7.03513892142955,1,1,1,11
23,1988,245,6,NaN,NaN,NaN,0,0,1,1,0,11
23,1988,1598,21,NaN,NaN,NaN,0,3.48982867556918,1,1,0,0
23,1988,1345,7,NaN,NaN,NaN,0,5.09007435086149,1,1,1,8
23,1988,272,20,NaN,NaN,NaN,0,0,1,1,0,11
23,1988,1391,21,NaN,NaN,NaN,0,6.10463156016592,1,1,1,7
23,1988,925,6,NaN,NaN,NaN,0,0,1,0,0,0
23,1988,1271,18,NaN,NaN,NaN,0,0,1,1,0,0
23,1988,985,8,NaN,NaN,NaN,0,0,1,1,0,0
23,1988,427,13,NaN,NaN,NaN,0,0,1,1,0,22
23,1988,501,14,NaN,NaN,NaN,0,0,1,0,0,2
23,1988,185,6,NaN,NaN,NaN,0,0,1,1,0,11
23,1988,1199,11,NaN,NaN,NaN,0,0,1,1,0,3
23,1988,67,18,NaN,NaN,NaN,0,0,1,1,0,6
23,1988,410,5,NaN,NaN,NaN,0,0,1,1,0,0
23,1988,267,21,NaN,NaN,NaN,0,0,1,1,0,0
23,1988,333,18,NaN,NaN,NaN,0,0,1,1,0,7
23,1988,120,15,NaN,NaN,NaN,0,0,1,1,0,0
23,1988,250,8,NaN,NaN,NaN,0,0,1,0,0,7
23,1988,487,20,NaN,NaN,NaN,0,0,1,1,0,0
23,1988,389,3,NaN,NaN,NaN,0,0,1,1,0,0
23,1988,593,3,NaN,NaN,NaN,0,7.03661805512428,1,1,1,11
23,1988,1479,16,NaN,NaN,NaN,0,0,1,1,0,0
23,1988,102,19,NaN,NaN,NaN,0,7.2591061554183,1,1,0,0
23,1988,104,6,NaN,NaN,NaN,0,5.53733544441944,1,1,1,11
23,1988,1240,13,NaN,NaN,NaN,0,0,1,1,0,17
23,1988,1396,5,NaN,NaN,NaN,0,0,1,1,0,8
23,1988,156,13,NaN,NaN,NaN,0,7.2138851162171,1,1,1,5
23,1988,210,6,NaN,NaN,NaN,0,0,1,1,0,12
23,1988,310,10,NaN,NaN,NaN,0,0,1,0,0,20
23,1988,429,18,NaN,NaN,NaN,0,0,1,1,0,0
23,1988,1121,1,NaN,NaN,NaN,0,0,1,1,0,0
23,1988,584,7,NaN,NaN,NaN,0,0,1,1,0,10
23,1988,447,18,NaN,NaN,NaN,0,0,1,1,0,0
23,1988,87,21,NaN,NaN,NaN,0,0,1,0,0,0
23,1988,792,6,NaN,NaN,NaN,0,0,1,1,0,0
23,1988,1580,19,NaN,NaN,NaN,0,5.07658358476617,1,1,0,0
23,1988,541,1,NaN,NaN,NaN,0,0,1,1,0,2
23,1988,243,20,NaN,NaN,NaN,0,0.426272585033057,1,1,0,0
23,1988,1465,9,NaN,NaN,NaN,0,0,1,0,0,0
23,1988,372,6,NaN,NaN,NaN,0,0,1,1,0,7
23,1988,1268,11,NaN,NaN,NaN,0,0,1,1,0,18
23,1988,1043,11,NaN,NaN,NaN,0,0,1,1,0,0
23,1988,1130,21,NaN,NaN,NaN,0,2.86578817522146,1,1,0,0
23,1988,545,18,NaN,NaN,NaN,0,0,1,0,0,6
23,1988,174,18,NaN,NaN,NaN,0,0,1,1,0,0
23,1988,170,6,NaN,NaN,NaN,0,3.26320394946167,1,1,1,22
23,1988,813,22,NaN,NaN,NaN,0,0,1,1,0,0
23,1988,907,4,NaN,NaN,NaN,0,0,1,0,0,18
23,1988,1038,9,NaN,NaN,NaN,0,0,1,1,0,0
23,1988,323,10,NaN,NaN,NaN,0,0,1,0,0,0
23,1988,1364,5,NaN,NaN,NaN,0,0,1,1,0,3
23,1988,738,3,NaN,NaN,NaN,0,0,1,1,0,0
23,1988,776,15,NaN,NaN,NaN,0,0,1,1,0,6
23,1988,887,5,NaN,NaN,NaN,0,0,1,0,0,10
23,1988,568,13,NaN,NaN,NaN,0,0,1,0,0,21
23,1988,142,16,NaN,NaN,NaN,0,6.03260476922758,1,1,1,5
23,1988,47,11,NaN,NaN,NaN,0,3.15575651587159,1,1,1,18
23,1988,1368,5,NaN,NaN,NaN,0,3.56084845687273,1,1,1,21
23,1988,554,16,NaN,NaN,NaN,0,0,1,1,0,12
23,1988,1441,18,NaN,NaN,NaN,0,5.43740370868726,1,1,1,8
23,1988,1222,19,NaN,NaN,NaN,0,0,1,0,0,8
23,1988,276,21,NaN,NaN,NaN,0,0,1,0,0,0
23,1988,96,5,NaN,NaN,NaN,0,0,1,0,0,0
23,1988,801,17,NaN,NaN,NaN,0,0,1,1,0,0
23,1988,976,19,NaN,NaN,NaN,0,0,1,0,0,0
23,1988,247,22,NaN,NaN,NaN,0,0,1,1,0,9
23,1988,1003,21,NaN,NaN,NaN,0,0,1,1,0,0
23,1988,347,17,NaN,NaN,NaN,0,7.29169563630309,1,1,1,6
23,1988,1477,7,NaN,NaN,NaN,0,0,1,1,0,9
23,1988,20,1,NaN,NaN,NaN,0,0,1,1,0,0
23,1988,253,17,NaN,NaN,NaN,0,0,1,1,0,0
23,1988,1113,19,NaN,NaN,NaN,0,0,1,1,0,5
23,1988,233,2,NaN,NaN,NaN,0,0,1,1,0,20
23,1988,956,1,NaN,NaN,NaN,0,0,1,1,0,6
23,1988,308,15,NaN,NaN,NaN,0,0,1,0,0,0
23,1988,151,21,NaN,NaN,NaN,0,0,1,0,0,19
23,1988,18,22,NaN,NaN,NaN,0,0,1,1,0,7
23,1988,745,3,NaN,NaN,NaN,0,0,1,0,0,0
23,1988,48,21,NaN,NaN,NaN,0,0,1,1,0,0
23,1988,1132,3,NaN,NaN,NaN,0,0,1,1,0,18
23,1988,44,16,NaN,NaN,NaN,0,0,1,1,0,0
23,1988,128,11,NaN,NaN,NaN,0,0,1,1,0,0
23,1988,300,10,NaN,NaN,NaN,0,0,1,1,0,3
23,1988,1124,1,NaN,NaN,NaN,0,0,1,1,0,9
23,1988,1149,20,NaN,NaN,NaN,0,3.44261196353738,1,1,0,0
23,1988,296,6,NaN,NaN,NaN,0,0,1,1,0,0
23,1988,1196,3,NaN,NaN,NaN,0,0,1,1,0,10
23,1988,978,12,NaN,NaN,NaN,0,5.50841206431828,1,1,1,8
23,1988,1021,7,NaN,NaN,NaN,0,6.69475891910191,1,1,1,12
23,1988,382,15,NaN,NaN,NaN,0,0.13846490199094,1,1,0,0
23,1988,534,5,NaN,NaN,NaN,0,0,1,1,0,0
23,1988,922,21,NaN,NaN,NaN,0,0,1,1,0,0
23,1988,86,12,NaN,NaN,NaN,0,0,1,1,0,0
23,1988,1584,20,NaN,NaN,NaN,0,3.68198835442812,1,1,0,0
23,1988,12,4,NaN,NaN,NaN,0,6.56496570589719,1,1,1,8
23,1988,255,15,NaN,NaN,NaN,0,0,1,0,0,12
23,1988,815,3,NaN,NaN,NaN,0,0,1,1,0,21
23,1988,1356,20,NaN,NaN,NaN,0,0,1,1,0,0
23,1988,1144,21,NaN,NaN,NaN,0,1.08333278641853,1,1,1,19
23,1988,1252,21,NaN,NaN,NaN,0,0,1,1,0,0
23,1988,1034,3,NaN,NaN,NaN,0,0,1,1,0,1
23,1988,1227,6,NaN,NaN,NaN,0,0,1,0,0,0
23,1988,1599,21,NaN,NaN,NaN,0,4.19580157848144,1,1,0,0
23,1988,27,10,NaN,NaN,NaN,0,0,1,1,0,1
23,1988,59,11,NaN,NaN,NaN,0,0,1,1,0,5
23,1988,625,14,NaN,NaN,NaN,0,0,1,1,0,21
23,1988,78,15,NaN,NaN,NaN,0,0,1,1,0,0
23,1988,858,7,NaN,NaN,NaN,0,7.43806694725756,1,1,1,1
23,1988,722,7,NaN,NaN,NaN,0,0,1,1,0,0
23,1988,1394,11,NaN,NaN,NaN,0,0,1,0,0,18
23,1988,461,9,NaN,NaN,NaN,0,0,1,1,0,16
23,1988,376,17,NaN,NaN,NaN,0,0,1,1,0,10
23,1988,1016,9,NaN,NaN,NaN,0,0,1,1,0,0
23,1988,1305,21,NaN,NaN,NaN,0,0,1,1,0,14
23,1988,369,5,NaN,NaN,NaN,0,7.55700634745923,1,1,1,6
23,1988,803,1,NaN,NaN,NaN,0,0,1,0,0,20
23,1988,1195,4,NaN,NaN,NaN,0,0,1,1,0,1
23,1988,403,20,NaN,NaN,NaN,0,0,1,1,0,9
23,1988,690,21,NaN,NaN,NaN,0,0,1,1,0,5
23,1988,183,8,NaN,NaN,NaN,0,0,1,1,0,10
23,1988,1483,4,NaN,NaN,NaN,0,5.52108009158703,1,1,1,12
23,1988,162,17,NaN,NaN,NaN,0,0,1,1,0,14
23,1988,671,5,NaN,NaN,NaN,0,0,1,0,0,3
23,1988,282,13,NaN,NaN,NaN,0,0,1,1,0,0
23,1988,1497,1,NaN,NaN,NaN,0,0,1,1,0,21
23,1988,138,10,NaN,NaN,NaN,0,0,1,1,0,18
23,1988,1215,21,NaN,NaN,NaN,0,0,1,1,0,0
23,1988,134,5,NaN,NaN,NaN,0,0,1,0,0,2
23,1988,544,1,NaN,NaN,NaN,0,0,1,0,0,0
23,1988,508,16,NaN,NaN,NaN,0,0,1,1,0,5
23,1988,91,18,NaN,NaN,NaN,0,0,1,1,0,0
23,1988,1279,1,NaN,NaN,NaN,0,0,1,1,0,0
23,1988,767,18,NaN,NaN,NaN,0,0,1,1,0,0
23,1988,821,7,NaN,NaN,NaN,0,0,1,0,0,15
23,1988,1280,1,NaN,NaN,NaN,0,0,1,0,0,21
23,1988,1169,10,NaN,NaN,NaN,0,0,1,0,0,17
23,1988,729,9,NaN,NaN,NaN,0,0,1,1,0,20
23,1988,800,17,NaN,NaN,NaN,0,0,1,1,0,6
23,1988,569,13,NaN,NaN,NaN,0,0,1,1,0,9
23,1988,368,8,NaN,NaN,NaN,0,0,1,1,0,0
23,1988,1024,19,NaN,NaN,NaN,0,4.41336665530014,1,1,0,0
23,1988,444,21,NaN,NaN,NaN,0,0,1,1,0,6
23,1988,1312,18,NaN,NaN,NaN,0,0,1,1,0,0
23,1988,811,2,NaN,NaN,NaN,0,5.99125998755671,1,1,1,17
23,1988,144,2,NaN,NaN,NaN,0,0,1,1,0,9
23,1988,1439,16,NaN,NaN,NaN,0,0,1,1,0,3
23,1988,390,6,NaN,NaN,NaN,0,0,1,0,0,0
23,1988,1449,18,NaN,NaN,NaN,0,0,1,1,0,19
23,1988,1186,21,NaN,NaN,NaN,0,2.36890704251774,1,1,0,0
23,1988,1457,17,NaN,NaN,NaN,0,0,1,1,0,0
23,1988,16,20,NaN,NaN,NaN,0,0,1,1,0,0
23,1988,595,12,NaN,NaN,NaN,0,0,1,1,0,22
23,1988,850,17,NaN,NaN,NaN,0,0,1,1,0,3
23,1988,634,6,NaN,NaN,NaN,0,0,1,1,0,0
23,1988,968,21,NaN,NaN,NaN,0,0,1,1,0,0
23,1988,278,9,NaN,NaN,NaN,0,0,1,1,0,0
23,1988,1178,9,NaN,NaN,NaN,0,0,1,1,0,11
23,1988,1122,4,NaN,NaN,NaN,0,0,1,1,0,0
23,1988,769,12,NaN,NaN,NaN,0,0,1,1,0,0
23,1988,106,3,NaN,NaN,NaN,0,0,1,1,0,1
24,1988,1598,21,NaN,NaN,NaN,0,3.48982867556918,1,1,0,0
24,1988,887,10,NaN,NaN,NaN,0,0,1,0,0,0
24,1988,389,3,NaN,NaN,NaN,0,0,1,1,0,16
24,1988,1222,8,NaN,NaN,NaN,0,0,1,0,0,17
24,1988,722,7,NaN,NaN,NaN,0,0,1,1,0,0
24,1988,1227,6,NaN,NaN,NaN,0,0,1,0,0,0
24,1988,500,3,NaN,NaN,NaN,0,0,1,1,0,5
24,1988,1535,21,NaN,NaN,NaN,0,2.43230219775268,1,1,0,0
24,1988,1240,17,NaN,NaN,NaN,0,0,1,1,0,13
24,1988,1457,17,NaN,NaN,NaN,0,0,1,1,0,0
24,1988,1199,3,NaN,NaN,NaN,0,0,1,1,0,0
24,1988,144,9,NaN,NaN,NaN,0,0,1,1,0,0
24,1988,390,6,NaN,NaN,NaN,0,0,1,0,0,0
24,1988,1107,3,NaN,NaN,NaN,0,0,1,1,0,4
24,1988,776,6,NaN,NaN,NaN,0,0,1,1,0,17
24,1988,210,12,NaN,NaN,NaN,0,0,1,1,0,0
24,1988,80,13,NaN,NaN,NaN,0,0,1,1,0,21
24,1988,106,1,NaN,NaN,NaN,0,0,1,1,0,0
24,1988,1195,1,NaN,NaN,NaN,0,0,1,1,0,4
24,1988,1599,21,NaN,NaN,NaN,0,4.19580157848144,1,1,0,0
24,1988,48,21,NaN,NaN,NaN,0,0,1,1,0,1
24,1988,1305,14,NaN,NaN,NaN,0,0,1,1,0,13
24,1988,1024,19,NaN,NaN,NaN,0,4.41336665530014,1,1,0,0
24,1988,253,17,NaN,NaN,NaN,0,0,1,1,0,0
24,1988,1364,3,NaN,NaN,NaN,0,0,1,1,0,15
24,1988,382,15,NaN,NaN,NaN,0,0.13846490199094,1,1,0,16
24,1988,78,15,NaN,NaN,NaN,0,0,1,1,0,11
24,1988,128,11,NaN,NaN,NaN,0,0,1,1,0,0
24,1988,255,12,NaN,NaN,NaN,0,0,1,0,0,3
24,1988,792,6,NaN,NaN,NaN,0,0,1,1,0,12
24,1988,1021,12,NaN,NaN,NaN,0,0,1,0,0,0
24,1988,968,21,NaN,NaN,NaN,0,0,1,1,0,0
24,1988,267,21,NaN,NaN,NaN,0,0,1,1,0,0
24,1988,182,17,NaN,NaN,NaN,0,0,1,0,0,0
24,1988,346,20,NaN,NaN,NaN,0,0,1,1,0,0
24,1988,376,10,NaN,NaN,NaN,0,0,1,1,0,0
24,1988,595,22,NaN,NaN,NaN,0,0,1,1,0,4
24,1988,1441,8,NaN,NaN,NaN,0,0,1,0,0,0
24,1988,247,9,NaN,NaN,NaN,0,0,1,1,0,22
24,1988,120,15,NaN,NaN,NaN,0,0,1,1,0,0
24,1988,1396,8,NaN,NaN,NaN,0,0,1,1,0,6
24,1988,138,18,NaN,NaN,NaN,0,0,1,1,0,4
24,1988,102,19,NaN,NaN,NaN,0,7.2591061554183,1,1,0,0
24,1988,410,5,NaN,NaN,NaN,0,0,1,1,0,14
24,1988,1279,1,NaN,NaN,NaN,0,0,1,1,0,0
24,1988,1169,17,NaN,NaN,NaN,0,0,1,0,0,0
24,1988,429,18,NaN,NaN,NaN,0,0,1,1,0,14
24,1988,87,21,NaN,NaN,NaN,0,0,1,0,0,0
24,1988,729,20,NaN,NaN,NaN,0,0,1,1,0,17
24,1988,250,7,NaN,NaN,NaN,0,0,1,0,0,16
24,1988,170,22,NaN,NaN,NaN,0,0,1,0,0,0
24,1988,1043,11,NaN,NaN,NaN,0,0,1,1,0,8
24,1988,174,18,NaN,NaN,NaN,0,0,1,1,0,0
24,1988,801,17,NaN,NaN,NaN,0,0,1,1,0,10
24,1988,1356,20,NaN,NaN,NaN,0,0,1,1,0,17
24,1988,296,6,NaN,NaN,NaN,0,0,1,1,0,9
24,1988,800,6,NaN,NaN,NaN,0,0,1,1,0,7
24,1988,1479,16,NaN,NaN,NaN,0,0,1,1,0,0
24,1988,134,2,NaN,NaN,NaN,0,0,1,0,0,11
24,1988,545,6,NaN,NaN,NaN,0,0,1,0,0,0
24,1988,1345,8,NaN,NaN,NaN,0,0,1,0,0,7
24,1988,1178,11,NaN,NaN,NaN,0,0,1,1,0,15
24,1988,1312,18,NaN,NaN,NaN,0,0,1,1,0,8
24,1988,1122,4,NaN,NaN,NaN,0,0,1,1,0,0
24,1988,1144,19,NaN,NaN,NaN,0,0,1,0,0,0
24,1988,766,11,NaN,NaN,NaN,0,0,1,0,0,5
24,1988,1449,19,NaN,NaN,NaN,0,0,1,1,0,17
24,1988,444,6,NaN,NaN,NaN,0,0,1,1,0,0
24,1988,44,16,NaN,NaN,NaN,0,0,1,1,0,3
24,1988,16,20,NaN,NaN,NaN,0,0,1,1,0,18
24,1988,1038,9,NaN,NaN,NaN,0,0,1,1,0,14
24,1988,156,5,NaN,NaN,NaN,0,0,1,0,0,13
24,1988,1003,21,NaN,NaN,NaN,0,0,1,1,0,7
24,1988,333,7,NaN,NaN,NaN,0,0,1,1,0,19
24,1988,690,5,NaN,NaN,NaN,0,0,1,1,0,21
24,1988,104,11,NaN,NaN,NaN,0,0,1,0,0,17
24,1988,308,15,NaN,NaN,NaN,0,0,1,0,0,2
24,1988,501,2,NaN,NaN,NaN,0,0,1,0,0,14
24,1988,803,20,NaN,NaN,NaN,0,0,1,0,0,16
24,1988,767,18,NaN,NaN,NaN,0,0,1,1,0,0
24,1988,508,5,NaN,NaN,NaN,0,0,1,1,0,0
24,1988,183,10,NaN,NaN,NaN,0,0,1,1,0,2
24,1988,858,1,NaN,NaN,NaN,0,0,1,0,0,13
24,1988,985,8,NaN,NaN,NaN,0,0,1,1,0,18
24,1988,487,20,NaN,NaN,NaN,0,0,1,1,0,0
24,1988,12,8,NaN,NaN,NaN,0,0,1,0,0,0
24,1988,738,3,NaN,NaN,NaN,0,0,1,1,0,0
24,1988,671,3,NaN,NaN,NaN,0,0,1,0,0,16
24,1988,907,18,NaN,NaN,NaN,0,0,1,0,0,0
24,1988,27,1,NaN,NaN,NaN,0,0,1,1,0,19
24,1988,763,21,NaN,NaN,NaN,0,3.085975553714,1,1,0,0
24,1988,162,14,NaN,NaN,NaN,0,0,1,1,0,0
24,1988,584,10,NaN,NaN,NaN,0,0,1,1,0,5
24,1988,541,2,NaN,NaN,NaN,0,0,1,1,0,13
24,1988,1124,9,NaN,NaN,NaN,0,0,1,1,0,10
24,1988,607,17,NaN,NaN,NaN,0,0,1,1,0,0
24,1988,461,16,NaN,NaN,NaN,0,0,1,1,0,13
24,1988,369,6,NaN,NaN,NaN,0,0,1,0,0,0
24,1988,1215,21,NaN,NaN,NaN,0,0,1,1,0,0
24,1988,59,5,NaN,NaN,NaN,0,0,1,1,0,0
24,1988,323,10,NaN,NaN,NaN,0,0,1,0,0,0
24,1988,1477,9,NaN,NaN,NaN,0,0,1,1,0,2
24,1988,1584,20,NaN,NaN,NaN,0,3.68198835442812,1,1,0,0
24,1988,1170,12,NaN,NaN,NaN,0,0,1,1,0,0
24,1988,447,18,NaN,NaN,NaN,0,0,1,1,0,19
24,1988,745,3,NaN,NaN,NaN,0,0,1,0,0,17
24,1988,91,18,NaN,NaN,NaN,0,0,1,1,0,2
24,1988,1121,1,NaN,NaN,NaN,0,0,1,1,0,5
24,1988,1252,21,NaN,NaN,NaN,0,0,1,1,0,17
24,1988,233,20,NaN,NaN,NaN,0,0,1,1,0,0
24,1988,142,5,NaN,NaN,NaN,0,0,1,0,0,0
24,1988,20,1,NaN,NaN,NaN,0,0,1,1,0,10
24,1988,1483,12,NaN,NaN,NaN,0,0,1,0,0,16
24,1988,922,21,NaN,NaN,NaN,0,0,1,1,0,0
24,1988,310,20,NaN,NaN,NaN,0,0,1,0,0,0
24,1988,821,15,NaN,NaN,NaN,0,0,1,0,0,6
24,1988,1271,18,NaN,NaN,NaN,0,0,1,1,0,0
24,1988,243,20,NaN,NaN,NaN,0,0.426272585033057,1,1,0,7
24,1988,1448,1,NaN,NaN,NaN,0,0,1,1,0,14
24,1988,372,7,NaN,NaN,NaN,0,0,1,1,0,0
24,1988,769,12,NaN,NaN,NaN,0,0,1,1,0,0
24,1988,1280,21,NaN,NaN,NaN,0,0,1,0,0,0
24,1988,1132,18,NaN,NaN,NaN,0,0,1,1,0,0
24,1988,1186,21,NaN,NaN,NaN,0,2.36890704251774,1,1,0,0
24,1988,544,1,NaN,NaN,NaN,0,0,1,0,0,0
24,1988,96,5,NaN,NaN,NaN,0,0,1,0,0,0
24,1988,185,11,NaN,NaN,NaN,0,0,1,1,0,3
24,1988,568,21,NaN,NaN,NaN,0,0,1,0,0,0
24,1988,593,11,NaN,NaN,NaN,0,0,1,0,0,0
24,1988,1394,18,NaN,NaN,NaN,0,0,1,0,0,11
24,1988,534,5,NaN,NaN,NaN,0,0,1,1,0,12
24,1988,1196,10,NaN,NaN,NaN,0,0,1,1,0,2
24,1988,554,12,NaN,NaN,NaN,0,0,1,1,0,5
24,1988,67,6,NaN,NaN,NaN,0,0,1,1,0,0
24,1988,278,9,NaN,NaN,NaN,0,0,1,1,0,0
24,1988,86,12,NaN,NaN,NaN,0,0,1,1,0,7
24,1988,1130,21,NaN,NaN,NaN,0,2.86578817522146,1,1,0,0
24,1988,347,6,NaN,NaN,NaN,0,0,1,0,0,0
24,1988,931,9,NaN,NaN,NaN,0,0,1,1,0,2
24,1988,1465,9,NaN,NaN,NaN,0,0,1,0,0,3
24,1988,368,8,NaN,NaN,NaN,0,0,1,1,0,21
24,1988,925,6,NaN,NaN,NaN,0,0,1,0,0,0
24,1988,485,12,NaN,NaN,NaN,0,0,1,0,0,0
24,1988,850,3,NaN,NaN,NaN,0,0,1,1,0,0
24,1988,47,18,NaN,NaN,NaN,0,0,1,0,0,11
24,1988,1439,3,NaN,NaN,NaN,0,0,1,1,0,0
24,1988,1016,9,NaN,NaN,NaN,0,0,1,1,0,0
24,1988,569,9,NaN,NaN,NaN,0,0,1,1,0,0
24,1988,625,21,NaN,NaN,NaN,0,0,1,1,0,18
24,1988,276,21,NaN,NaN,NaN,0,0,1,0,0,4
24,1988,1268,18,NaN,NaN,NaN,0,0,1,1,0,13
24,1988,1229,8,NaN,NaN,NaN,0,0,1,0,0,17
24,1988,813,22,NaN,NaN,NaN,0,0,1,1,0,19
24,1988,815,21,NaN,NaN,NaN,0,0,1,1,0,0
24,1988,1264,5,NaN,NaN,NaN,0,0,1,1,0,0
24,1988,956,6,NaN,NaN,NaN,0,0,1,1,0,0
24,1988,403,9,NaN,NaN,NaN,0,0,1,1,0,12
24,1988,811,17,NaN,NaN,NaN,0,0,1,0,0,0
24,1988,272,11,NaN,NaN,NaN,0,0,1,1,0,0
24,1988,18,7,NaN,NaN,NaN,0,0,1,1,0,0
24,1988,634,6,NaN,NaN,NaN,0,0,1,1,0,16
24,1988,245,11,NaN,NaN,NaN,0,0,1,1,0,20
24,1988,1034,1,NaN,NaN,NaN,0,0,1,1,0,10
24,1988,1391,7,NaN,NaN,NaN,0,0,1,0,0,0
24,1988,1368,21,NaN,NaN,NaN,0,0,1,0,0,5
24,1988,282,13,NaN,NaN,NaN,0,0,1,1,0,0
24,1988,1113,5,NaN,NaN,NaN,0,0,1,1,0,0
24,1988,976,19,NaN,NaN,NaN,0,0,1,0,0,0
24,1988,300,3,NaN,NaN,NaN,0,0,1,1,0,1
24,1988,1008,18,NaN,NaN,NaN,0,0,1,0,0,5
24,1988,1497,21,NaN,NaN,NaN,0,0,1,1,0,1
24,1988,151,19,NaN,NaN,NaN,0,0,1,0,0,14
24,1988,978,8,NaN,NaN,NaN,0,0,1,0,0,15
24,1988,427,22,NaN,NaN,NaN,0,0,1,1,0,0
24,1988,1580,19,NaN,NaN,NaN,0,5.07658358476617,1,1,0,0
25,1988,447,19,NaN,NaN,NaN,0,1.31434584745821,1,1,1,6
25,1988,1439,3,NaN,NaN,NaN,0,0.968032481233282,1,1,1,8
25,1988,18,7,NaN,NaN,NaN,0,3.56339432251796,1,1,1,20
25,1988,803,16,NaN,NaN,NaN,0,0,1,1,0,12
25,1988,922,21,NaN,NaN,NaN,0,0,1,1,0,0
25,1988,245,20,NaN,NaN,NaN,0,0,1,1,0,0
25,1988,78,11,NaN,NaN,NaN,0,0,1,1,0,15
25,1988,766,5,NaN,NaN,NaN,0,8.4640356245243,1,0,0,0
25,1988,233,20,NaN,NaN,NaN,0,0.109852295733191,1,1,0,0
25,1988,1312,8,NaN,NaN,NaN,0,0,1,1,0,5
25,1988,134,11,NaN,NaN,NaN,0,5.50058697375647,1,1,1,6
25,1988,887,10,NaN,NaN,NaN,0,0,1,1,0,0
25,1988,485,12,NaN,NaN,NaN,0,8.70384208172915,1,1,1,17
25,1988,1465,3,NaN,NaN,NaN,0,7.94373381517748,1,1,1,18
25,1988,738,3,NaN,NaN,NaN,0,7.52507574438079,1,1,1,7
25,1988,1599,21,NaN,NaN,NaN,0,4.35402688446929,1,1,0,0
25,1988,272,11,NaN,NaN,NaN,0,0,1,1,0,5
25,1988,368,21,NaN,NaN,NaN,0,3.2050904058204,1,1,1,17
25,1988,858,13,NaN,NaN,NaN,0,7.76102726201211,1,0,0,4
25,1988,1584,20,NaN,NaN,NaN,0,5.0973023782249,1,1,0,0
25,1988,16,18,NaN,NaN,NaN,0,0,1,1,0,0
25,1988,1043,8,NaN,NaN,NaN,0,0,1,1,0,22
25,1988,508,5,NaN,NaN,NaN,0,0,1,1,0,0
25,1988,584,5,NaN,NaN,NaN,0,1.8244084398988,1,1,1,16
25,1988,968,21,NaN,NaN,NaN,0,0,1,1,0,5
25,1988,1497,1,NaN,NaN,NaN,0,0,1,1,0,2
25,1988,1122,4,NaN,NaN,NaN,0,0,1,1,0,0
25,1988,1132,18,NaN,NaN,NaN,0,6.4775109832929,1,1,1,11
25,1988,813,19,NaN,NaN,NaN,0,0,1,1,0,10
25,1988,545,6,NaN,NaN,NaN,0,0,1,1,0,17
25,1988,1021,12,NaN,NaN,NaN,0,1.88452564508432,1,0,0,7
25,1988,1448,14,NaN,NaN,NaN,0,0,1,1,0,19
25,1988,769,12,NaN,NaN,NaN,0,0,1,1,0,0
25,1988,106,1,NaN,NaN,NaN,0,0,1,1,0,5
25,1988,427,22,NaN,NaN,NaN,0,2.07872118562416,1,1,1,21
25,1988,985,18,NaN,NaN,NaN,0,0,1,1,0,19
25,1988,296,9,NaN,NaN,NaN,0,0,1,1,0,12
25,1988,487,20,NaN,NaN,NaN,0,0,1,1,0,0
25,1988,1598,21,NaN,NaN,NaN,0,3.64441345043263,1,1,0,0
25,1988,811,17,NaN,NaN,NaN,0,0,1,0,0,0
25,1988,12,8,NaN,NaN,NaN,0,0,1,0,0,0
25,1988,162,14,NaN,NaN,NaN,0,6.21589271011138,1,1,1,17
25,1988,1130,21,NaN,NaN,NaN,0,2.95444003444796,1,1,0,0
25,1988,821,6,NaN,NaN,NaN,0,0,1,1,0,16
25,1988,170,22,NaN,NaN,NaN,0,7.55557512303278,1,0,0,0
25,1988,931,2,NaN,NaN,NaN,0,0,1,1,0,9
25,1988,91,2,NaN,NaN,NaN,0,0,1,1,0,5
25,1988,1477,2,NaN,NaN,NaN,0,0,1,1,0,18
25,1988,247,22,NaN,NaN,NaN,0,6.55035878946259,1,1,1,14
25,1988,376,10,NaN,NaN,NaN,0,0,1,1,0,2
25,1988,850,3,NaN,NaN,NaN,0,0,1,1,0,0
25,1988,120,15,NaN,NaN,NaN,0,0,1,1,0,8
25,1988,1124,10,NaN,NaN,NaN,0,0,1,1,0,1
25,1988,1113,5,NaN,NaN,NaN,0,0,1,1,0,13
25,1988,310,20,NaN,NaN,NaN,0,0,1,1,0,3
25,1988,1229,17,NaN,NaN,NaN,0,5.53339497428009,1,1,1,19
25,1988,1280,21,NaN,NaN,NaN,0,0,1,1,0,9
25,1988,300,1,NaN,NaN,NaN,0,0,1,1,0,3
25,1988,800,7,NaN,NaN,NaN,0,0,1,1,0,0
25,1988,1368,5,NaN,NaN,NaN,0,4.5875929365912,1,0,0,0
25,1988,907,18,NaN,NaN,NaN,0,7.11626341607792,1,1,1,12
25,1988,776,17,NaN,NaN,NaN,0,0,1,1,0,8
25,1988,534,12,NaN,NaN,NaN,0,0,1,1,0,16
25,1988,763,21,NaN,NaN,NaN,0,3.76051318565528,1,1,0,0
25,1988,1186,21,NaN,NaN,NaN,0,1.85652598332342,1,1,0,0
25,1988,1279,1,NaN,NaN,NaN,0,5.19402760131377,1,1,1,19
25,1988,569,9,NaN,NaN,NaN,0,0,1,1,0,17
25,1988,1038,14,NaN,NaN,NaN,0,5.70439768274855,1,1,1,4
25,1988,1144,19,NaN,NaN,NaN,0,2.83706841871855,1,0,0,0
25,1988,144,9,NaN,NaN,NaN,0,0,1,1,0,0
25,1988,1199,3,NaN,NaN,NaN,0,0,1,1,0,11
25,1988,250,16,NaN,NaN,NaN,0,1.38485820725645,1,1,1,13
25,1988,501,14,NaN,NaN,NaN,0,0,1,1,0,0
25,1988,792,12,NaN,NaN,NaN,0,0,1,1,0,5
25,1988,1196,2,NaN,NaN,NaN,0,4.9719955716575,1,1,1,13
25,1988,96,5,NaN,NaN,NaN,0,4.23838398284576,1,1,1,8
25,1988,1195,4,NaN,NaN,NaN,0,7.85874400229069,1,1,1,1
25,1988,67,6,NaN,NaN,NaN,0,0,1,1,0,0
25,1988,1449,17,NaN,NaN,NaN,0,0,1,1,0,19
25,1988,671,16,NaN,NaN,NaN,0,1.90609882621124,1,1,1,13
25,1988,104,17,NaN,NaN,NaN,0,0,1,0,0,0
25,1988,1441,8,NaN,NaN,NaN,0,0,1,0,0,11
25,1988,1024,19,NaN,NaN,NaN,0,7.41765486381372,1,1,0,0
25,1988,690,21,NaN,NaN,NaN,0,1.16199455685448,1,1,1,5
25,1988,282,13,NaN,NaN,NaN,0,8.04781097132788,1,1,1,18
25,1988,956,6,NaN,NaN,NaN,0,0,1,1,0,0
25,1988,267,21,NaN,NaN,NaN,0,0,1,1,0,14
25,1988,86,7,NaN,NaN,NaN,0,0.262126915961339,1,1,0,22
25,1988,128,11,NaN,NaN,NaN,0,1.82715989601561,1,1,1,14
25,1988,185,3,NaN,NaN,NaN,0,0,1,1,0,11
25,1988,1479,16,NaN,NaN,NaN,0,0,1,1,0,0
25,1988,1252,17,NaN,NaN,NaN,0,3.75065194651221,1,1,1,21
25,1988,767,18,NaN,NaN,NaN,0,0,1,1,0,13
25,1988,925,6,NaN,NaN,NaN,0,2.39883184271443,1,1,1,20
25,1988,182,17,NaN,NaN,NaN,0,5.75098514118713,1,1,1,7
25,1988,1394,11,NaN,NaN,NaN,0,0,1,1,0,21
25,1988,80,21,NaN,NaN,NaN,0,0,1,1,0,0
25,1988,403,12,NaN,NaN,NaN,0,0,1,1,0,11
25,1988,1227,6,NaN,NaN,NaN,0,0,1,1,0,0
25,1988,1178,15,NaN,NaN,NaN,0,0,1,1,0,0
25,1988,87,21,NaN,NaN,NaN,0,0,1,1,0,0
25,1988,729,17,NaN,NaN,NaN,0,0,1,1,0,7
25,1988,1121,5,NaN,NaN,NaN,0,0,1,1,0,6
25,1988,625,18,NaN,NaN,NaN,0,0,1,1,0,0
25,1988,27,19,NaN,NaN,NaN,0,0,1,1,0,20
25,1988,1170,12,NaN,NaN,NaN,0,0,1,1,0,9
25,1988,444,6,NaN,NaN,NaN,0,0,1,1,0,4
25,1988,1391,7,NaN,NaN,NaN,0,0,1,0,0,11
25,1988,1271,18,NaN,NaN,NaN,0,0,1,1,0,0
25,1988,541,13,NaN,NaN,NaN,0,2.94216457399873,1,1,1,2
25,1988,745,17,NaN,NaN,NaN,0,0,1,1,0,15
25,1988,243,7,NaN,NaN,NaN,0,0,1,1,0,13
25,1988,1107,4,NaN,NaN,NaN,0,0,1,1,0,9
25,1988,595,4,NaN,NaN,NaN,0,2.42132761514235,1,1,1,1
25,1988,978,15,NaN,NaN,NaN,0,0,1,0,0,0
25,1988,1483,16,NaN,NaN,NaN,0,0,1,0,0,21
25,1988,210,12,NaN,NaN,NaN,0,0,1,1,0,6
25,1988,1396,6,NaN,NaN,NaN,0,0,1,1,0,0
25,1988,255,3,NaN,NaN,NaN,0,3.21341453812438,1,1,1,18
25,1988,607,17,NaN,NaN,NaN,0,0,1,1,0,13
25,1988,429,14,NaN,NaN,NaN,0,0,1,1,0,19
25,1988,323,10,NaN,NaN,NaN,0,9.67748825832665,1,1,1,4
25,1988,1535,21,NaN,NaN,NaN,0,2.4189396168676,1,1,0,0
25,1988,1215,21,NaN,NaN,NaN,0,0,1,1,0,0
25,1988,1008,5,NaN,NaN,NaN,0,0.781925260210347,1,0,0,0
25,1988,554,5,NaN,NaN,NaN,0,0,1,1,0,0
25,1988,59,5,NaN,NaN,NaN,0,4.81176056178021,1,1,1,6
25,1988,346,20,NaN,NaN,NaN,0,4.85577155252002,1,1,1,17
25,1988,138,4,NaN,NaN,NaN,0,0,1,1,0,19
25,1988,1580,19,NaN,NaN,NaN,0,7.74107479527626,1,1,0,0
25,1988,151,14,NaN,NaN,NaN,0,0,1,1,0,17
25,1988,372,7,NaN,NaN,NaN,0,0,1,1,0,0
25,1988,253,17,NaN,NaN,NaN,0,0,1,1,0,0
25,1988,593,11,NaN,NaN,NaN,0,6.18277604186411,1,0,0,0
25,1988,1457,17,NaN,NaN,NaN,0,0,1,1,0,21
25,1988,278,9,NaN,NaN,NaN,0,0.809265563842063,1,1,1,14
25,1988,1345,7,NaN,NaN,NaN,0,2.62280413730093,1,0,0,11
25,1988,347,6,NaN,NaN,NaN,0,6.59617076058865,1,0,0,3
25,1988,801,10,NaN,NaN,NaN,0,0,1,1,0,7
25,1988,156,13,NaN,NaN,NaN,0,0,1,0,0,6
25,1988,1034,10,NaN,NaN,NaN,0,6.04240944062568,1,1,1,9
25,1988,815,21,NaN,NaN,NaN,0,0,1,1,0,0
25,1988,333,19,NaN,NaN,NaN,0,1.75844296453707,1,1,1,21
25,1988,1364,15,NaN,NaN,NaN,0,0,1,1,0,13
25,1988,183,2,NaN,NaN,NaN,0,1.19135883539427,1,1,1,13
25,1988,634,16,NaN,NaN,NaN,0,0,1,1,0,0
25,1988,142,5,NaN,NaN,NaN,0,8.47909634474134,1,0,0,17
25,1988,20,10,NaN,NaN,NaN,0,0,1,1,0,1
25,1988,1003,7,NaN,NaN,NaN,0,0,1,1,0,0
25,1988,976,19,NaN,NaN,NaN,0,9.08970657316392,1,1,1,3
25,1988,102,19,NaN,NaN,NaN,0,7.88713369876013,1,1,0,0
25,1988,47,11,NaN,NaN,NaN,0,0,1,0,0,0
25,1988,1169,17,NaN,NaN,NaN,0,0,1,1,0,0
25,1988,410,14,NaN,NaN,NaN,0,0,1,1,0,7
25,1988,174,18,NaN,NaN,NaN,0,5.90243547328988,1,1,1,7
25,1988,544,1,NaN,NaN,NaN,0,1.78256264471258,1,1,1,5
25,1988,308,2,NaN,NaN,NaN,0,8.63102879574871,1,1,1,15
25,1988,461,13,NaN,NaN,NaN,0,6.35310682754457,1,1,1,5
25,1988,369,6,NaN,NaN,NaN,0,0,1,0,0,2
25,1988,722,7,NaN,NaN,NaN,0,0,1,1,0,16
25,1988,1264,5,NaN,NaN,NaN,0,0,1,1,0,11
25,1988,276,4,NaN,NaN,NaN,0,0,1,1,0,16
25,1988,44,3,NaN,NaN,NaN,0,1.02693082637451,1,1,1,16
25,1988,1240,13,NaN,NaN,NaN,0,0,1,1,0,0
25,1988,1356,17,NaN,NaN,NaN,0,0,1,1,0,0
25,1988,389,16,NaN,NaN,NaN,0,0,1,1,0,22
25,1988,1305,13,NaN,NaN,NaN,0,7.23903552604084,1,1,1,20
25,1988,390,6,NaN,NaN,NaN,0,0,1,1,0,18
25,1988,1222,17,NaN,NaN,NaN,0,0,1,1,0,8
25,1988,48,1,NaN,NaN,NaN,0,0,1,1,0,19
25,1988,500,5,NaN,NaN,NaN,0,1.84593629733834,1,1,1,16
25,1988,568,21,NaN,NaN,NaN,0,6.75873361841692,1,1,1,13
25,1988,1268,13,NaN,NaN,NaN,0,0,1,1,0,19
26,1989,508,5,NaN,NaN,NaN,0,0,1,1,0,0
26,1989,593,11,NaN,NaN,NaN,0,6.18277604186411,1,0,0,0
26,1989,390,18,NaN,NaN,NaN,0,0,1,1,0,4
26,1989,1170,9,NaN,NaN,NaN,0,0,1,1,0,3
26,1989,1169,17,NaN,NaN,NaN,0,0,1,1,0,0
26,1989,267,14,NaN,NaN,NaN,0,0,1,1,0,10
26,1989,102,19,NaN,NaN,NaN,0,7.88713369876013,1,1,0,0
26,1989,185,11,NaN,NaN,NaN,0,0,1,1,0,0
26,1989,1391,11,NaN,NaN,NaN,0,0,1,0,0,15
26,1989,1584,20,NaN,NaN,NaN,0,5.0973023782249,1,1,0,0
26,1989,1598,21,NaN,NaN,NaN,0,3.64441345043263,1,1,0,0
26,1989,447,6,NaN,NaN,NaN,0,0,1,0,0,16
26,1989,1264,11,NaN,NaN,NaN,0,0,1,1,0,9
26,1989,1186,21,NaN,NaN,NaN,0,1.85652598332342,1,1,0,0
26,1989,1240,13,NaN,NaN,NaN,0,0,1,1,0,0
26,1989,1580,19,NaN,NaN,NaN,0,7.74107479527626,1,1,0,0
26,1989,106,5,NaN,NaN,NaN,0,0,1,1,0,0
26,1989,1024,19,NaN,NaN,NaN,0,7.41765486381372,1,1,0,0
26,1989,182,7,NaN,NaN,NaN,0,0,1,0,0,17
26,1989,907,12,NaN,NaN,NaN,0,0,1,0,0,19
26,1989,690,5,NaN,NaN,NaN,0,0,1,0,0,0
26,1989,16,18,NaN,NaN,NaN,0,0,1,1,0,13
26,1989,1227,6,NaN,NaN,NaN,0,0,1,1,0,0
26,1989,1394,21,NaN,NaN,NaN,0,0,1,1,0,0
26,1989,1144,19,NaN,NaN,NaN,0,2.83706841871855,1,0,0,3
26,1989,545,17,NaN,NaN,NaN,0,0,1,1,0,13
26,1989,1279,19,NaN,NaN,NaN,0,0,1,0,0,20
26,1989,541,2,NaN,NaN,NaN,0,0,1,0,0,0
26,1989,554,5,NaN,NaN,NaN,0,0,1,1,0,0
26,1989,272,5,NaN,NaN,NaN,0,0,1,1,0,0
26,1989,766,5,NaN,NaN,NaN,0,8.4640356245243,1,0,0,0
26,1989,138,19,NaN,NaN,NaN,0,0,1,1,0,0
26,1989,174,7,NaN,NaN,NaN,0,0,1,0,0,0
26,1989,985,19,NaN,NaN,NaN,0,0,1,1,0,17
26,1989,144,9,NaN,NaN,NaN,0,0,1,1,0,0
26,1989,250,13,NaN,NaN,NaN,0,0,1,0,0,8
26,1989,1252,21,NaN,NaN,NaN,0,0,1,0,0,0
26,1989,1215,21,NaN,NaN,NaN,0,0,1,1,0,0
26,1989,1034,9,NaN,NaN,NaN,0,0,1,0,0,0
26,1989,887,10,NaN,NaN,NaN,0,0,1,1,0,3
26,1989,1280,9,NaN,NaN,NaN,0,0,1,1,0,0
26,1989,368,17,NaN,NaN,NaN,0,0,1,0,0,0
26,1989,769,12,NaN,NaN,NaN,0,0,1,1,0,0
26,1989,1107,9,NaN,NaN,NaN,0,0,1,1,0,1
26,1989,372,7,NaN,NaN,NaN,0,0,1,1,0,14
26,1989,1038,4,NaN,NaN,NaN,0,0,1,0,0,20
26,1989,634,16,NaN,NaN,NaN,0,0,1,1,0,14
26,1989,142,17,NaN,NaN,NaN,0,8.47909634474134,1,0,0,0
26,1989,347,3,NaN,NaN,NaN,0,6.59617076058865,1,0,0,6
26,1989,1356,17,NaN,NaN,NaN,0,0,1,1,0,14
26,1989,369,2,NaN,NaN,NaN,0,0,1,0,0,0
26,1989,1021,7,NaN,NaN,NaN,0,1.88452564508432,1,0,0,0
26,1989,956,6,NaN,NaN,NaN,0,0,1,1,0,1
26,1989,821,16,NaN,NaN,NaN,0,0,1,1,0,0
26,1989,813,10,NaN,NaN,NaN,0,0,1,1,0,0
26,1989,487,20,NaN,NaN,NaN,0,0,1,1,0,8
26,1989,968,5,NaN,NaN,NaN,0,0,1,1,0,1
26,1989,308,15,NaN,NaN,NaN,0,0,1,0,0,0
26,1989,96,8,NaN,NaN,NaN,0,0,1,0,0,5
26,1989,120,8,NaN,NaN,NaN,0,0,1,1,0,0
26,1989,27,20,NaN,NaN,NaN,0,0,1,1,0,0
26,1989,104,17,NaN,NaN,NaN,0,0,1,0,0,0
26,1989,86,22,NaN,NaN,NaN,0,0.262126915961339,1,1,0,2
26,1989,346,17,NaN,NaN,NaN,0,0,1,0,0,4
26,1989,1312,5,NaN,NaN,NaN,0,0,1,1,0,18
26,1989,1477,18,NaN,NaN,NaN,0,0,1,1,0,0
26,1989,767,13,NaN,NaN,NaN,0,0,1,1,0,0
26,1989,1222,8,NaN,NaN,NaN,0,0,1,1,0,10
26,1989,170,22,NaN,NaN,NaN,0,7.55557512303278,1,0,0,15
26,1989,792,5,NaN,NaN,NaN,0,0,1,1,0,7
26,1989,410,7,NaN,NaN,NaN,0,0,1,1,0,12
26,1989,1130,21,NaN,NaN,NaN,0,2.95444003444796,1,1,0,0
26,1989,1229,19,NaN,NaN,NaN,0,0,1,0,0,15
26,1989,1483,21,NaN,NaN,NaN,0,0,1,0,0,0
26,1989,20,1,NaN,NaN,NaN,0,0,1,1,0,11
26,1989,243,13,NaN,NaN,NaN,0,0,1,1,0,0
26,1989,1465,18,NaN,NaN,NaN,0,0,1,0,0,9
26,1989,1199,11,NaN,NaN,NaN,0,0,1,1,0,2
26,1989,1178,15,NaN,NaN,NaN,0,0,1,1,0,16
26,1989,1449,19,NaN,NaN,NaN,0,0,1,1,0,4
26,1989,78,15,NaN,NaN,NaN,0,0,1,1,0,9
26,1989,738,7,NaN,NaN,NaN,0,0,1,0,0,3
26,1989,18,20,NaN,NaN,NaN,0,0,1,0,0,4
26,1989,255,18,NaN,NaN,NaN,0,0,1,0,0,15
26,1989,978,15,NaN,NaN,NaN,0,0,1,0,0,0
26,1989,128,14,NaN,NaN,NaN,0,0,1,0,0,11
26,1989,1121,6,NaN,NaN,NaN,0,0,1,1,0,0
26,1989,1457,21,NaN,NaN,NaN,0,0,1,1,0,0
26,1989,427,21,NaN,NaN,NaN,0,0,1,0,0,6
26,1989,1124,1,NaN,NaN,NaN,0,0,1,1,0,0
26,1989,1364,13,NaN,NaN,NaN,0,0,1,1,0,3
26,1989,183,13,NaN,NaN,NaN,0,0,1,0,0,1
26,1989,1113,13,NaN,NaN,NaN,0,0,1,1,0,4
26,1989,584,16,NaN,NaN,NaN,0,0,1,0,0,2
26,1989,1008,5,NaN,NaN,NaN,0,0.781925260210347,1,0,0,0
26,1989,1441,11,NaN,NaN,NaN,0,0,1,0,0,16
26,1989,1196,13,NaN,NaN,NaN,0,0,1,0,0,17
26,1989,763,21,NaN,NaN,NaN,0,3.76051318565528,1,1,0,0
26,1989,376,2,NaN,NaN,NaN,0,0,1,1,0,0
26,1989,44,16,NaN,NaN,NaN,0,0,1,0,0,13
26,1989,444,4,NaN,NaN,NaN,0,0,1,1,0,9
26,1989,534,16,NaN,NaN,NaN,0,0,1,1,0,14
26,1989,253,17,NaN,NaN,NaN,0,0,1,1,0,13
26,1989,485,17,NaN,NaN,NaN,0,0,1,0,0,12
26,1989,925,20,NaN,NaN,NaN,0,0,1,0,0,6
26,1989,1535,21,NaN,NaN,NaN,0,2.4189396168676,1,1,0,0
26,1989,333,21,NaN,NaN,NaN,0,0,1,0,0,6
26,1989,1132,11,NaN,NaN,NaN,0,0,1,0,0,8
26,1989,815,21,NaN,NaN,NaN,0,0,1,1,0,10
26,1989,1599,21,NaN,NaN,NaN,0,4.35402688446929,1,1,0,0
26,1989,811,17,NaN,NaN,NaN,0,0,1,0,0,0
26,1989,1396,6,NaN,NaN,NaN,0,0,1,1,0,4
26,1989,389,22,NaN,NaN,NaN,0,0,1,1,0,14
26,1989,595,1,NaN,NaN,NaN,0,0,1,0,0,0
26,1989,59,6,NaN,NaN,NaN,0,0,1,0,0,20
26,1989,931,9,NaN,NaN,NaN,0,0,1,1,0,14
26,1989,500,16,NaN,NaN,NaN,0,0,1,0,0,13
26,1989,296,12,NaN,NaN,NaN,0,0,1,1,0,10
26,1989,245,20,NaN,NaN,NaN,0,0,1,1,0,0
26,1989,461,5,NaN,NaN,NaN,0,0,1,0,0,11
26,1989,607,13,NaN,NaN,NaN,0,0,1,1,0,19
26,1989,1195,1,NaN,NaN,NaN,0,0,1,0,0,0
26,1989,1305,20,NaN,NaN,NaN,0,0,1,0,0,0
26,1989,568,13,NaN,NaN,NaN,0,0,1,0,0,0
26,1989,1368,5,NaN,NaN,NaN,0,4.5875929365912,1,0,0,22
26,1989,429,19,NaN,NaN,NaN,0,0,1,1,0,11
26,1989,12,8,NaN,NaN,NaN,0,0,1,0,0,4
26,1989,801,7,NaN,NaN,NaN,0,0,1,1,0,0
26,1989,282,18,NaN,NaN,NaN,0,0,1,0,0,0
26,1989,80,21,NaN,NaN,NaN,0,0,1,1,0,4
26,1989,323,4,NaN,NaN,NaN,0,0,1,0,0,10
26,1989,1268,19,NaN,NaN,NaN,0,0,1,1,0,18
26,1989,1043,22,NaN,NaN,NaN,0,0,1,1,0,17
26,1989,276,16,NaN,NaN,NaN,0,0,1,1,0,0
26,1989,501,14,NaN,NaN,NaN,0,0,1,1,0,0
26,1989,803,12,NaN,NaN,NaN,0,0,1,1,0,0
26,1989,233,20,NaN,NaN,NaN,0,0.109852295733191,1,1,0,0
26,1989,850,3,NaN,NaN,NaN,0,0,1,1,0,0
26,1989,156,6,NaN,NaN,NaN,0,0,1,0,0,13
26,1989,569,17,NaN,NaN,NaN,0,0,1,1,0,0
26,1989,745,15,NaN,NaN,NaN,0,0,1,1,0,12
26,1989,722,16,NaN,NaN,NaN,0,0,1,1,0,22
26,1989,278,14,NaN,NaN,NaN,0,0,1,0,0,3
26,1989,48,19,NaN,NaN,NaN,0,0,1,1,0,22
26,1989,922,21,NaN,NaN,NaN,0,0,1,1,0,0
26,1989,858,4,NaN,NaN,NaN,0,7.76102726201211,1,0,0,0
26,1989,210,6,NaN,NaN,NaN,0,0,1,1,0,18
26,1989,300,3,NaN,NaN,NaN,0,0,1,1,0,21
26,1989,247,14,NaN,NaN,NaN,0,0,1,0,0,18
26,1989,403,11,NaN,NaN,NaN,0,0,1,1,0,4
26,1989,1345,11,NaN,NaN,NaN,0,2.62280413730093,1,0,0,17
26,1989,671,13,NaN,NaN,NaN,0,0,1,0,0,16
26,1989,91,5,NaN,NaN,NaN,0,0,1,1,0,15
26,1989,67,6,NaN,NaN,NaN,0,0,1,1,0,10
26,1989,151,17,NaN,NaN,NaN,0,0,1,1,0,0
26,1989,134,6,NaN,NaN,NaN,0,0,1,0,0,0
26,1989,162,17,NaN,NaN,NaN,0,0,1,0,0,14
26,1989,625,18,NaN,NaN,NaN,0,0,1,1,0,0
26,1989,1448,19,NaN,NaN,NaN,0,0,1,1,0,9
26,1989,47,11,NaN,NaN,NaN,0,0,1,0,0,18
26,1989,1439,8,NaN,NaN,NaN,0,0,1,0,0,15
26,1989,776,8,NaN,NaN,NaN,0,0,1,1,0,19
26,1989,310,3,NaN,NaN,NaN,0,0,1,1,0,0
26,1989,544,5,NaN,NaN,NaN,0,0,1,0,0,1
26,1989,1122,4,NaN,NaN,NaN,0,0,1,1,0,0
26,1989,800,7,NaN,NaN,NaN,0,0,1,1,0,19
26,1989,1271,18,NaN,NaN,NaN,0,0,1,1,0,1
26,1989,1003,7,NaN,NaN,NaN,0,0,1,1,0,2
26,1989,1497,2,NaN,NaN,NaN,0,0,1,1,0,12
26,1989,729,7,NaN,NaN,NaN,0,0,1,1,0,20
26,1989,976,3,NaN,NaN,NaN,0,0,1,0,0,19
26,1989,87,21,NaN,NaN,NaN,0,0,1,1,0,0
27,1989,300,21,NaN,NaN,NaN,0,0,1,1,0,13
27,1989,247,18,NaN,NaN,NaN,0,0,1,0,0,0
27,1989,978,15,NaN,NaN,NaN,0,0,1,1,0,6
27,1989,1368,22,NaN,NaN,NaN,0,4.5875929365912,1,1,1,5
27,1989,243,13,NaN,NaN,NaN,0,0,1,1,0,1
27,1989,931,14,NaN,NaN,NaN,0,0,1,1,0,0
27,1989,368,17,NaN,NaN,NaN,0,0,1,0,0,9
27,1989,59,20,NaN,NaN,NaN,0,0,1,0,0,0
27,1989,1178,16,NaN,NaN,NaN,0,0,1,1,0,0
27,1989,44,13,NaN,NaN,NaN,0,0,1,0,0,2
27,1989,554,5,NaN,NaN,NaN,0,0,1,1,0,0
27,1989,347,6,NaN,NaN,NaN,0,6.59617076058865,1,1,1,7
27,1989,1124,1,NaN,NaN,NaN,0,0,1,1,0,0
27,1989,544,1,NaN,NaN,NaN,0,0,1,0,0,0
27,1989,1034,9,NaN,NaN,NaN,0,0,1,0,0,11
27,1989,1043,17,NaN,NaN,NaN,0,0,1,1,0,2
27,1989,86,2,NaN,NaN,NaN,0,0.262126915961339,1,1,0,18
27,1989,1441,16,NaN,NaN,NaN,0,0,1,1,0,20
27,1989,296,10,NaN,NaN,NaN,0,0,1,1,0,0
27,1989,20,11,NaN,NaN,NaN,0,0,1,1,0,21
27,1989,410,12,NaN,NaN,NaN,0,0,1,1,0,2
27,1989,607,19,NaN,NaN,NaN,0,0,1,1,0,0
27,1989,67,10,NaN,NaN,NaN,0,0,1,1,0,12
27,1989,278,3,NaN,NaN,NaN,0,0,1,0,0,8
27,1989,500,13,NaN,NaN,NaN,0,0,1,0,0,6
27,1989,729,20,NaN,NaN,NaN,0,0,1,1,0,5
27,1989,185,11,NaN,NaN,NaN,0,0,1,1,0,0
27,1989,276,16,NaN,NaN,NaN,0,0,1,1,0,20
27,1989,887,3,NaN,NaN,NaN,0,0,1,1,0,15
27,1989,922,21,NaN,NaN,NaN,0,0,1,1,0,0
27,1989,487,8,NaN,NaN,NaN,0,0,1,1,0,17
27,1989,1465,9,NaN,NaN,NaN,0,0,1,0,0,3
27,1989,485,12,NaN,NaN,NaN,0,0,1,0,0,0
27,1989,800,19,NaN,NaN,NaN,0,0,1,1,0,10
27,1989,128,11,NaN,NaN,NaN,0,0,1,0,0,0
27,1989,690,5,NaN,NaN,NaN,0,0,1,0,0,18
27,1989,634,14,NaN,NaN,NaN,0,0,1,1,0,0
27,1989,1396,4,NaN,NaN,NaN,0,0,1,1,0,10
27,1989,138,19,NaN,NaN,NaN,0,0,1,1,0,5
27,1989,250,8,NaN,NaN,NaN,0,0,1,0,0,0
27,1989,1024,19,NaN,NaN,NaN,0,7.41765486381372,1,1,1,8
27,1989,1280,9,NaN,NaN,NaN,0,0,1,1,0,3
27,1989,48,22,NaN,NaN,NaN,0,0,1,1,0,15
27,1989,104,17,NaN,NaN,NaN,0,0,1,1,0,6
27,1989,956,1,NaN,NaN,NaN,0,0,1,1,0,11
27,1989,245,20,NaN,NaN,NaN,0,0,1,1,0,0
27,1989,1008,5,NaN,NaN,NaN,0,0.781925260210347,1,1,1,13
27,1989,461,11,NaN,NaN,NaN,0,0,1,0,0,0
27,1989,91,15,NaN,NaN,NaN,0,0,1,1,0,0
27,1989,376,2,NaN,NaN,NaN,0,0,1,1,0,0
27,1989,18,4,NaN,NaN,NaN,0,0,1,0,0,13
27,1989,1305,20,NaN,NaN,NaN,0,0,1,0,0,15
27,1989,12,4,NaN,NaN,NaN,0,0,1,1,0,13
27,1989,858,4,NaN,NaN,NaN,0,7.76102726201211,1,1,1,6
27,1989,508,5,NaN,NaN,NaN,0,0,1,1,0,16
27,1989,1252,21,NaN,NaN,NaN,0,0,1,0,0,0
27,1989,763,21,NaN,NaN,NaN,0,3.76051318565528,1,1,0,0
27,1989,625,18,NaN,NaN,NaN,0,0,1,1,0,14
27,1989,429,11,NaN,NaN,NaN,0,0,1,1,0,21
27,1989,534,14,NaN,NaN,NaN,0,0,1,1,0,3
27,1989,47,18,NaN,NaN,NaN,0,0,1,1,0,12
27,1989,1199,2,NaN,NaN,NaN,0,0,1,1,0,0
27,1989,210,18,NaN,NaN,NaN,0,0,1,1,0,2
27,1989,403,4,NaN,NaN,NaN,0,0,1,1,0,0
27,1989,267,10,NaN,NaN,NaN,0,0,1,1,0,20
27,1989,80,4,NaN,NaN,NaN,0,0,1,1,0,11
27,1989,308,15,NaN,NaN,NaN,0,0,1,0,0,0
27,1989,1113,4,NaN,NaN,NaN,0,0,1,1,0,12
27,1989,541,2,NaN,NaN,NaN,0,0,1,0,0,1
27,1989,390,4,NaN,NaN,NaN,0,0,1,1,0,0
27,1989,1312,18,NaN,NaN,NaN,0,0,1,1,0,12
27,1989,255,15,NaN,NaN,NaN,0,0,1,0,0,0
27,1989,738,3,NaN,NaN,NaN,0,0,1,0,0,0
27,1989,142,17,NaN,NaN,NaN,0,8.47909634474134,1,1,1,9
27,1989,162,14,NaN,NaN,NaN,0,0,1,0,0,19
27,1989,1215,21,NaN,NaN,NaN,0,0,1,1,0,0
27,1989,134,6,NaN,NaN,NaN,0,0,1,0,0,3
27,1989,925,6,NaN,NaN,NaN,0,0,1,0,0,0
27,1989,96,5,NaN,NaN,NaN,0,0,1,0,0,0
27,1989,1439,15,NaN,NaN,NaN,0,0,1,0,0,9
27,1989,323,10,NaN,NaN,NaN,0,0,1,0,0,0
27,1989,1391,15,NaN,NaN,NaN,0,0,1,1,0,21
27,1989,813,10,NaN,NaN,NaN,0,0,1,1,0,21
27,1989,444,9,NaN,NaN,NaN,0,0,1,1,0,5
27,1989,769,12,NaN,NaN,NaN,0,0,1,1,0,10
27,1989,745,12,NaN,NaN,NaN,0,0,1,1,0,21
27,1989,976,19,NaN,NaN,NaN,0,0,1,0,0,0
27,1989,120,8,NaN,NaN,NaN,0,0,1,1,0,1
27,1989,968,1,NaN,NaN,NaN,0,0,1,1,0,0
27,1989,1107,1,NaN,NaN,NaN,0,0,1,1,0,12
27,1989,427,6,NaN,NaN,NaN,0,0,1,0,0,14
27,1989,1477,18,NaN,NaN,NaN,0,0,1,1,0,22
27,1989,907,19,NaN,NaN,NaN,0,0,1,0,0,20
27,1989,803,12,NaN,NaN,NaN,0,0,1,1,0,6
27,1989,1580,19,NaN,NaN,NaN,0,7.74107479527626,1,1,0,0
27,1989,584,2,NaN,NaN,NaN,0,0,1,0,0,0
27,1989,182,17,NaN,NaN,NaN,0,0,1,0,0,0
27,1989,1449,4,NaN,NaN,NaN,0,0,1,1,0,15
27,1989,1497,12,NaN,NaN,NaN,0,0,1,1,0,0
27,1989,1279,20,NaN,NaN,NaN,0,0,1,0,0,1
27,1989,174,7,NaN,NaN,NaN,0,0,1,0,0,3
27,1989,1227,6,NaN,NaN,NaN,0,0,1,1,0,0
27,1989,595,1,NaN,NaN,NaN,0,0,1,0,0,19
27,1989,1121,6,NaN,NaN,NaN,0,0,1,1,0,0
27,1989,27,20,NaN,NaN,NaN,0,0,1,1,0,0
27,1989,766,5,NaN,NaN,NaN,0,8.4640356245243,1,1,1,1
27,1989,1584,20,NaN,NaN,NaN,0,5.0973023782249,1,1,0,0
27,1989,102,19,NaN,NaN,NaN,0,7.88713369876013,1,1,0,0
27,1989,1222,10,NaN,NaN,NaN,0,0,1,1,0,3
27,1989,1144,3,NaN,NaN,NaN,0,2.83706841871855,1,1,1,4
27,1989,821,16,NaN,NaN,NaN,0,0,1,1,0,0
27,1989,1364,3,NaN,NaN,NaN,0,0,1,1,0,16
27,1989,144,9,NaN,NaN,NaN,0,0,1,1,0,0
27,1989,183,1,NaN,NaN,NaN,0,0,1,0,0,7
27,1989,233,20,NaN,NaN,NaN,0,0.109852295733191,1,1,0,0
27,1989,1457,21,NaN,NaN,NaN,0,0,1,1,0,0
27,1989,1132,8,NaN,NaN,NaN,0,0,1,0,0,2
27,1989,1345,17,NaN,NaN,NaN,0,2.62280413730093,1,1,1,12
27,1989,1169,17,NaN,NaN,NaN,0,0,1,1,0,0
27,1989,1599,21,NaN,NaN,NaN,0,4.35402688446929,1,1,0,0
27,1989,1598,21,NaN,NaN,NaN,0,3.64441345043263,1,1,0,0
27,1989,1240,13,NaN,NaN,NaN,0,0,1,1,0,0
27,1989,389,14,NaN,NaN,NaN,0,0,1,1,0,0
27,1989,1271,1,NaN,NaN,NaN,0,0,1,1,0,4
27,1989,1170,3,NaN,NaN,NaN,0,0,1,1,0,9
27,1989,1268,18,NaN,NaN,NaN,0,0,1,1,0,0
27,1989,501,14,NaN,NaN,NaN,0,0,1,1,0,8
27,1989,87,21,NaN,NaN,NaN,0,0,1,1,0,0
27,1989,447,16,NaN,NaN,NaN,0,0,1,0,0,22
27,1989,850,3,NaN,NaN,NaN,0,0,1,1,0,0
27,1989,568,13,NaN,NaN,NaN,0,0,1,0,0,17
27,1989,372,14,NaN,NaN,NaN,0,0,1,1,0,5
27,1989,170,15,NaN,NaN,NaN,0,7.55557512303278,1,1,1,22
27,1989,569,17,NaN,NaN,NaN,0,0,1,1,0,0
27,1989,815,10,NaN,NaN,NaN,0,0,1,1,0,11
27,1989,1130,21,NaN,NaN,NaN,0,2.95444003444796,1,1,0,0
27,1989,671,16,NaN,NaN,NaN,0,0,1,0,0,0
27,1989,78,9,NaN,NaN,NaN,0,0,1,1,0,1
27,1989,722,22,NaN,NaN,NaN,0,0,1,1,0,3
27,1989,333,6,NaN,NaN,NaN,0,0,1,0,0,7
27,1989,593,11,NaN,NaN,NaN,0,6.18277604186411,1,1,1,4
27,1989,346,4,NaN,NaN,NaN,0,0,1,0,0,6
27,1989,1483,21,NaN,NaN,NaN,0,0,1,1,0,20
27,1989,253,13,NaN,NaN,NaN,0,0,1,1,0,20
27,1989,1229,15,NaN,NaN,NaN,0,0,1,0,0,8
27,1989,156,13,NaN,NaN,NaN,0,0,1,1,0,0
27,1989,1003,2,NaN,NaN,NaN,0,0,1,1,0,21
27,1989,811,17,NaN,NaN,NaN,0,0,1,1,0,0
27,1989,1038,20,NaN,NaN,NaN,0,0,1,0,0,4
27,1989,1356,14,NaN,NaN,NaN,0,0,1,1,0,0
27,1989,985,17,NaN,NaN,NaN,0,0,1,1,0,9
27,1989,1196,17,NaN,NaN,NaN,0,0,1,0,0,11
27,1989,792,7,NaN,NaN,NaN,0,0,1,1,0,17
27,1989,801,7,NaN,NaN,NaN,0,0,1,1,0,1
27,1989,16,13,NaN,NaN,NaN,0,0,1,1,0,1
27,1989,310,3,NaN,NaN,NaN,0,0,1,1,0,21
27,1989,106,5,NaN,NaN,NaN,0,0,1,1,0,0
27,1989,282,18,NaN,NaN,NaN,0,0,1,0,0,9
27,1989,1186,21,NaN,NaN,NaN,0,1.85652598332342,1,1,1,16
27,1989,151,17,NaN,NaN,NaN,0,0,1,1,0,13
27,1989,1264,9,NaN,NaN,NaN,0,0,1,1,0,17
27,1989,776,19,NaN,NaN,NaN,0,0,1,1,0,0
27,1989,1535,21,NaN,NaN,NaN,0,2.4189396168676,1,1,0,0
27,1989,767,13,NaN,NaN,NaN,0,0,1,1,0,3
27,1989,1448,9,NaN,NaN,NaN,0,0,1,1,0,0
27,1989,545,13,NaN,NaN,NaN,0,0,1,1,0,21
27,1989,1394,21,NaN,NaN,NaN,0,0,1,1,0,4
27,1989,272,5,NaN,NaN,NaN,0,0,1,1,0,0
27,1989,1122,4,NaN,NaN,NaN,0,0,1,1,0,0
27,1989,1021,7,NaN,NaN,NaN,0,1.88452564508432,1,1,1,3
27,1989,1195,1,NaN,NaN,NaN,0,0,1,0,0,12
28,1989,545,21,NaN,NaN,NaN,0,0,1,1,0,10
28,1989,811,17,NaN,NaN,NaN,0,0,1,1,0,0
28,1989,729,5,NaN,NaN,NaN,0,0,1,1,0,0
28,1989,267,20,NaN,NaN,NaN,0,0,1,1,0,0
28,1989,1227,6,NaN,NaN,NaN,0,0,1,1,0,0
28,1989,91,15,NaN,NaN,NaN,0,0,1,1,0,0
28,1989,44,2,NaN,NaN,NaN,0,0,1,0,0,21
28,1989,1199,2,NaN,NaN,NaN,0,0,1,1,0,9
28,1989,1312,12,NaN,NaN,NaN,0,0,1,1,0,17
28,1989,803,6,NaN,NaN,NaN,0,0,1,1,0,4
28,1989,1598,21,NaN,NaN,NaN,0,3.64441345043263,1,1,0,0
28,1989,1448,9,NaN,NaN,NaN,0,0,1,1,0,13
28,1989,500,6,NaN,NaN,NaN,0,0,1,0,0,5
28,1989,48,15,NaN,NaN,NaN,0,0,1,1,0,22
28,1989,461,11,NaN,NaN,NaN,0,0,1,0,0,17
28,1989,745,21,NaN,NaN,NaN,0,0,1,1,0,10
28,1989,104,6,NaN,NaN,NaN,0,0,1,1,0,15
28,1989,1535,21,NaN,NaN,NaN,0,2.4189396168676,1,1,0,0
28,1989,534,3,NaN,NaN,NaN,0,0,1,1,0,1
28,1989,1394,4,NaN,NaN,NaN,0,0,1,1,0,17
28,1989,185,11,NaN,NaN,NaN,0,0,1,1,0,12
28,1989,634,14,NaN,NaN,NaN,0,0,1,1,0,0
28,1989,1144,4,NaN,NaN,NaN,0,0,1,0,0,0
28,1989,976,19,NaN,NaN,NaN,0,0,1,0,0,0
28,1989,20,21,NaN,NaN,NaN,0,0,1,1,0,0
28,1989,390,4,NaN,NaN,NaN,0,0,1,1,0,18
28,1989,1280,3,NaN,NaN,NaN,0,0,1,1,0,0
28,1989,1264,17,NaN,NaN,NaN,0,0,1,1,0,1
28,1989,389,14,NaN,NaN,NaN,0,0,1,1,0,0
28,1989,1477,22,NaN,NaN,NaN,0,0,1,1,0,12
28,1989,233,20,NaN,NaN,NaN,0,0.109852295733191,1,1,0,14
28,1989,347,7,NaN,NaN,NaN,0,0,1,0,0,0
28,1989,372,5,NaN,NaN,NaN,0,0,1,1,0,0
28,1989,1497,12,NaN,NaN,NaN,0,0,1,1,0,18
28,1989,47,12,NaN,NaN,NaN,0,0,1,1,0,0
28,1989,1196,11,NaN,NaN,NaN,0,0,1,0,0,0
28,1989,1439,9,NaN,NaN,NaN,0,0,1,0,0,4
28,1989,170,22,NaN,NaN,NaN,0,0,1,0,0,0
28,1989,763,21,NaN,NaN,NaN,0,3.76051318565528,1,1,1,5
28,1989,1271,4,NaN,NaN,NaN,0,0,1,1,0,0
28,1989,151,13,NaN,NaN,NaN,0,0,1,1,0,17
28,1989,250,8,NaN,NaN,NaN,0,0,1,0,0,21
28,1989,272,5,NaN,NaN,NaN,0,0,1,1,0,0
28,1989,138,5,NaN,NaN,NaN,0,0,1,1,0,0
28,1989,174,3,NaN,NaN,NaN,0,0,1,0,0,0
28,1989,410,2,NaN,NaN,NaN,0,0,1,1,0,16
28,1989,1391,21,NaN,NaN,NaN,0,0,1,1,0,0
28,1989,800,10,NaN,NaN,NaN,0,0,1,1,0,0
28,1989,142,9,NaN,NaN,NaN,0,0,1,0,0,16
28,1989,120,1,NaN,NaN,NaN,0,0,1,1,0,22
28,1989,544,1,NaN,NaN,NaN,0,0,1,0,0,0
28,1989,487,17,NaN,NaN,NaN,0,0,1,1,0,8
28,1989,1279,1,NaN,NaN,NaN,0,0,1,0,0,15
28,1989,1121,6,NaN,NaN,NaN,0,0,1,1,0,19
28,1989,1584,20,NaN,NaN,NaN,0,5.0973023782249,1,1,0,0
28,1989,182,17,NaN,NaN,NaN,0,0,1,0,0,0
28,1989,67,12,NaN,NaN,NaN,0,0,1,1,0,1
28,1989,296,10,NaN,NaN,NaN,0,0,1,1,0,6
28,1989,310,21,NaN,NaN,NaN,0,0,1,1,0,6
28,1989,1107,12,NaN,NaN,NaN,0,0,1,1,0,0
28,1989,1580,19,NaN,NaN,NaN,0,7.74107479527626,1,1,0,0
28,1989,1024,8,NaN,NaN,NaN,0,0,1,0,0,21
28,1989,776,19,NaN,NaN,NaN,0,0,1,1,0,0
28,1989,162,19,NaN,NaN,NaN,0,0,1,0,0,15
28,1989,1132,2,NaN,NaN,NaN,0,0,1,0,0,0
28,1989,323,10,NaN,NaN,NaN,0,0,1,0,0,0
28,1989,1240,13,NaN,NaN,NaN,0,0,1,1,0,0
28,1989,80,11,NaN,NaN,NaN,0,0,1,1,0,16
28,1989,985,9,NaN,NaN,NaN,0,0,1,1,0,14
28,1989,1305,15,NaN,NaN,NaN,0,0,1,0,0,13
28,1989,87,21,NaN,NaN,NaN,0,0,1,1,0,0
28,1989,376,2,NaN,NaN,NaN,0,0,1,1,0,22
28,1989,907,20,NaN,NaN,NaN,0,0,1,0,0,16
28,1989,1268,18,NaN,NaN,NaN,0,0,1,1,0,0
28,1989,106,5,NaN,NaN,NaN,0,0,1,1,0,7
28,1989,554,5,NaN,NaN,NaN,0,0,1,1,0,0
28,1989,925,6,NaN,NaN,NaN,0,0,1,0,0,0
28,1989,255,15,NaN,NaN,NaN,0,0,1,0,0,4
28,1989,569,17,NaN,NaN,NaN,0,0,1,1,0,0
28,1989,1364,16,NaN,NaN,NaN,0,0,1,1,0,0
28,1989,102,19,NaN,NaN,NaN,0,7.88713369876013,1,1,0,0
28,1989,1178,16,NaN,NaN,NaN,0,0,1,1,0,2
28,1989,1396,10,NaN,NaN,NaN,0,0,1,1,0,9
28,1989,333,7,NaN,NaN,NaN,0,0,1,0,0,6
28,1989,541,1,NaN,NaN,NaN,0,0,1,0,0,0
28,1989,508,16,NaN,NaN,NaN,0,0,1,1,0,6
28,1989,247,18,NaN,NaN,NaN,0,0,1,0,0,3
28,1989,595,19,NaN,NaN,NaN,0,0,1,0,0,1
28,1989,308,15,NaN,NaN,NaN,0,0,1,0,0,0
28,1989,922,21,NaN,NaN,NaN,0,0,1,1,0,0
28,1989,1222,3,NaN,NaN,NaN,0,0,1,1,0,13
28,1989,403,4,NaN,NaN,NaN,0,0,1,1,0,6
28,1989,625,14,NaN,NaN,NaN,0,0,1,1,0,18
28,1989,1368,5,NaN,NaN,NaN,0,0,1,0,0,0
28,1989,767,3,NaN,NaN,NaN,0,0,1,1,0,15
28,1989,1195,12,NaN,NaN,NaN,0,0,1,0,0,0
28,1989,801,1,NaN,NaN,NaN,0,0,1,1,0,15
28,1989,210,2,NaN,NaN,NaN,0,0,1,1,0,1
28,1989,1252,21,NaN,NaN,NaN,0,0,1,0,0,0
28,1989,447,22,NaN,NaN,NaN,0,0,1,0,0,0
28,1989,346,6,NaN,NaN,NaN,0,0,1,0,0,0
28,1989,593,4,NaN,NaN,NaN,0,0,1,0,0,10
28,1989,134,3,NaN,NaN,NaN,0,0,1,0,0,10
28,1989,1345,12,NaN,NaN,NaN,0,0,1,0,0,0
28,1989,1169,17,NaN,NaN,NaN,0,0,1,1,0,0
28,1989,769,10,NaN,NaN,NaN,0,0,1,1,0,12
28,1989,368,9,NaN,NaN,NaN,0,0,1,0,0,13
28,1989,813,21,NaN,NaN,NaN,0,0,1,1,0,19
28,1989,584,2,NaN,NaN,NaN,0,0,1,0,0,0
28,1989,766,1,NaN,NaN,NaN,0,0,1,0,0,0
28,1989,978,6,NaN,NaN,NaN,0,0,1,1,0,15
28,1989,931,14,NaN,NaN,NaN,0,0,1,1,0,0
28,1989,1483,20,NaN,NaN,NaN,0,0,1,1,0,18
28,1989,156,13,NaN,NaN,NaN,0,0,1,1,0,0
28,1989,1008,13,NaN,NaN,NaN,0,0,1,0,0,0
28,1989,956,11,NaN,NaN,NaN,0,0,1,1,0,1
28,1989,607,19,NaN,NaN,NaN,0,0,1,1,0,17
28,1989,501,8,NaN,NaN,NaN,0,0,1,1,0,14
28,1989,86,18,NaN,NaN,NaN,0,0.262126915961339,1,1,0,0
28,1989,1034,11,NaN,NaN,NaN,0,0,1,0,0,6
28,1989,1599,21,NaN,NaN,NaN,0,4.35402688446929,1,1,0,0
28,1989,427,14,NaN,NaN,NaN,0,0,1,0,0,0
28,1989,821,16,NaN,NaN,NaN,0,0,1,1,0,0
28,1989,1038,4,NaN,NaN,NaN,0,0,1,0,0,19
28,1989,1457,21,NaN,NaN,NaN,0,0,1,1,0,11
28,1989,12,13,NaN,NaN,NaN,0,0,1,1,0,0
28,1989,792,17,NaN,NaN,NaN,0,0,1,1,0,0
28,1989,245,20,NaN,NaN,NaN,0,0,1,1,0,7
28,1989,128,11,NaN,NaN,NaN,0,0,1,0,0,0
28,1989,444,5,NaN,NaN,NaN,0,0,1,1,0,4
28,1989,278,8,NaN,NaN,NaN,0,0,1,0,0,0
28,1989,253,20,NaN,NaN,NaN,0,0,1,1,0,21
28,1989,887,15,NaN,NaN,NaN,0,0,1,1,0,0
28,1989,243,1,NaN,NaN,NaN,0,0,1,1,0,0
28,1989,1186,16,NaN,NaN,NaN,0,0,1,0,0,12
28,1989,18,13,NaN,NaN,NaN,0,0,1,0,0,5
28,1989,276,20,NaN,NaN,NaN,0,0,1,1,0,0
28,1989,1124,1,NaN,NaN,NaN,0,0,1,1,0,21
28,1989,1021,3,NaN,NaN,NaN,0,0,1,0,0,7
28,1989,968,1,NaN,NaN,NaN,0,0,1,1,0,0
28,1989,858,6,NaN,NaN,NaN,0,0,1,0,0,13
28,1989,568,17,NaN,NaN,NaN,0,0,1,0,0,2
28,1989,429,21,NaN,NaN,NaN,0,0,1,1,0,0
28,1989,1122,4,NaN,NaN,NaN,0,0,1,1,0,18
28,1989,1130,21,NaN,NaN,NaN,0,2.95444003444796,1,1,0,0
28,1989,671,16,NaN,NaN,NaN,0,0,1,0,0,2
28,1989,1465,3,NaN,NaN,NaN,0,0,1,0,0,9
28,1989,16,1,NaN,NaN,NaN,0,0,1,1,0,0
28,1989,1043,2,NaN,NaN,NaN,0,0,1,1,0,0
28,1989,59,20,NaN,NaN,NaN,0,0,1,0,0,13
28,1989,1003,21,NaN,NaN,NaN,0,0,1,1,0,0
28,1989,96,5,NaN,NaN,NaN,0,0,1,0,0,0
28,1989,485,12,NaN,NaN,NaN,0,0,1,0,0,0
28,1989,300,13,NaN,NaN,NaN,0,0,1,1,0,1
28,1989,1215,21,NaN,NaN,NaN,0,0,1,1,0,0
28,1989,282,9,NaN,NaN,NaN,0,0,1,0,0,0
28,1989,1449,15,NaN,NaN,NaN,0,0,1,1,0,0
28,1989,144,9,NaN,NaN,NaN,0,0,1,1,0,0
28,1989,27,20,NaN,NaN,NaN,0,0,1,1,0,0
28,1989,815,11,NaN,NaN,NaN,0,0,1,1,0,17
28,1989,1441,20,NaN,NaN,NaN,0,0,1,1,0,3
28,1989,1229,8,NaN,NaN,NaN,0,0,1,0,0,14
28,1989,850,3,NaN,NaN,NaN,0,0,1,1,0,0
28,1989,690,18,NaN,NaN,NaN,0,0,1,0,0,0
28,1989,1113,12,NaN,NaN,NaN,0,0,1,1,0,15
28,1989,722,3,NaN,NaN,NaN,0,0,1,1,0,22
28,1989,183,7,NaN,NaN,NaN,0,0,1,0,0,0
28,1989,78,1,NaN,NaN,NaN,0,0,1,1,0,6
28,1989,1356,14,NaN,NaN,NaN,0,0,1,1,0,9
28,1989,738,3,NaN,NaN,NaN,0,0,1,0,0,0
29,1989,584,2,NaN,NaN,NaN,0,0,1,1,0,0
29,1989,554,5,NaN,NaN,NaN,0,0,1,1,0,0
29,1989,16,1,NaN,NaN,NaN,0,0,1,1,0,17
29,1989,368,13,NaN,NaN,NaN,0,0,1,1,0,0
29,1989,210,1,NaN,NaN,NaN,0,0,1,1,0,19
29,1989,1034,6,NaN,NaN,NaN,0,0,1,1,0,11
29,1989,850,3,NaN,NaN,NaN,0,0,1,1,0,0
29,1989,745,10,NaN,NaN,NaN,0,0,1,1,0,18
29,1989,245,7,NaN,NaN,NaN,0,0,1,1,0,4
29,1989,769,12,NaN,NaN,NaN,0,0,1,1,0,0
29,1989,534,1,NaN,NaN,NaN,0,0,1,1,0,18
29,1989,1021,7,NaN,NaN,NaN,0,0,1,0,0,0
29,1989,1268,18,NaN,NaN,NaN,0,0,1,1,0,2
29,1989,461,17,NaN,NaN,NaN,0,0,1,1,0,9
29,1989,1394,17,NaN,NaN,NaN,0,3.03884777622911,1,1,1,13
29,1989,1264,1,NaN,NaN,NaN,0,0,1,1,0,14
29,1989,722,22,NaN,NaN,NaN,0,0,1,1,0,13
29,1989,20,21,NaN,NaN,NaN,0,0,1,1,0,17
29,1989,296,6,NaN,NaN,NaN,0,0,1,1,0,0
29,1989,278,8,NaN,NaN,NaN,0,0.865951307566132,1,1,1,18
29,1989,595,1,NaN,NaN,NaN,0,0,1,1,0,0
29,1989,12,13,NaN,NaN,NaN,0,0,1,1,0,0
29,1989,569,17,NaN,NaN,NaN,0,0.944883596438075,1,1,1,3
29,1989,1178,2,NaN,NaN,NaN,0,0,1,1,0,17
29,1989,185,12,NaN,NaN,NaN,0,0,1,1,0,0
29,1989,1038,19,NaN,NaN,NaN,0,0,1,1,0,21
29,1989,500,5,NaN,NaN,NaN,0,0,1,1,0,1
29,1989,1227,6,NaN,NaN,NaN,0,2.02197772943458,1,1,1,4
29,1989,738,3,NaN,NaN,NaN,0,0,1,1,0,0
29,1989,1535,21,NaN,NaN,NaN,0,1.07899022620699,1,1,0,0
29,1989,1240,13,NaN,NaN,NaN,0,1.948269351022,1,1,1,18
29,1989,634,14,NaN,NaN,NaN,0,0,1,1,0,0
29,1989,985,14,NaN,NaN,NaN,0,0,1,1,0,18
29,1989,91,15,NaN,NaN,NaN,0,0,1,1,0,21
29,1989,67,1,NaN,NaN,NaN,0,0,1,1,0,0
29,1989,766,1,NaN,NaN,NaN,0,0,1,0,0,0
29,1989,568,2,NaN,NaN,NaN,0,7.68703463836638,1,1,1,18
29,1989,427,14,NaN,NaN,NaN,0,0,1,1,0,0
29,1989,487,8,NaN,NaN,NaN,0,0,1,1,0,13
29,1989,1345,12,NaN,NaN,NaN,0,5.01995886210535,1,0,0,0
29,1989,1024,21,NaN,NaN,NaN,0,0,1,0,0,0
29,1989,18,5,NaN,NaN,NaN,0,3.17340000971855,1,1,1,10
29,1989,485,12,NaN,NaN,NaN,0,5.62050289271336,1,1,1,4
29,1989,183,7,NaN,NaN,NaN,0,0,1,1,0,12
29,1989,1132,2,NaN,NaN,NaN,0,7.05266848517662,1,1,1,21
29,1989,48,22,NaN,NaN,NaN,0,0,1,1,0,0
29,1989,243,1,NaN,NaN,NaN,0,0,1,1,0,0
29,1989,170,22,NaN,NaN,NaN,0,5.68182968178367,1,0,0,0
29,1989,887,15,NaN,NaN,NaN,0,0,1,1,0,0
29,1989,233,14,NaN,NaN,NaN,0,0,1,1,0,13
29,1989,922,21,NaN,NaN,NaN,0,0,1,1,0,0
29,1989,447,22,NaN,NaN,NaN,0,0,1,1,0,7
29,1989,1130,21,NaN,NaN,NaN,0,2.8479032354159,1,1,0,0
29,1989,390,18,NaN,NaN,NaN,0,0,1,1,0,10
29,1989,333,6,NaN,NaN,NaN,0,0,1,1,0,0
29,1989,1229,14,NaN,NaN,NaN,0,4.30346829792671,1,1,1,10
29,1989,47,12,NaN,NaN,NaN,0,0,1,1,0,21
29,1989,346,6,NaN,NaN,NaN,0,0,1,1,0,11
29,1989,87,21,NaN,NaN,NaN,0,0,1,1,0,0
29,1989,151,17,NaN,NaN,NaN,0,0,1,1,0,18
29,1989,1195,12,NaN,NaN,NaN,0,0,1,1,0,4
29,1989,372,5,NaN,NaN,NaN,0,0,1,1,0,4
29,1989,978,15,NaN,NaN,NaN,0,0,1,1,0,0
29,1989,80,16,NaN,NaN,NaN,0,0,1,1,0,20
29,1989,27,20,NaN,NaN,NaN,0,3.87811954218377,1,1,1,16
29,1989,763,5,NaN,NaN,NaN,0,3.89799521626934,1,0,0,9
29,1989,156,13,NaN,NaN,NaN,0,0,1,1,0,0
29,1989,1497,18,NaN,NaN,NaN,0,0,1,1,0,0
29,1989,821,16,NaN,NaN,NaN,0,0,1,1,0,21
29,1989,767,15,NaN,NaN,NaN,0,0,1,1,0,0
29,1989,78,6,NaN,NaN,NaN,0,0,1,1,0,20
29,1989,544,1,NaN,NaN,NaN,0,4.44829800561387,1,1,1,15
29,1989,1113,15,NaN,NaN,NaN,0,0,1,1,0,0
29,1989,282,9,NaN,NaN,NaN,0,0,1,1,0,18
29,1989,104,15,NaN,NaN,NaN,0,0,1,1,0,6
29,1989,1280,3,NaN,NaN,NaN,0,0,1,1,0,0
29,1989,247,3,NaN,NaN,NaN,0,0,1,1,0,8
29,1989,1122,18,NaN,NaN,NaN,0,0,1,1,0,5
29,1989,1196,11,NaN,NaN,NaN,0,0,1,1,0,0
29,1989,801,15,NaN,NaN,NaN,0,0,1,1,0,0
29,1989,931,14,NaN,NaN,NaN,0,0,1,1,0,16
29,1989,138,5,NaN,NaN,NaN,0,0,1,1,0,2
29,1989,1215,21,NaN,NaN,NaN,0,0,1,1,0,0
29,1989,323,10,NaN,NaN,NaN,0,4.66217805095795,1,1,1,8
29,1989,1439,4,NaN,NaN,NaN,0,0,1,1,0,0
29,1989,858,13,NaN,NaN,NaN,0,0,1,0,0,0
29,1989,144,9,NaN,NaN,NaN,0,0,1,1,0,2
29,1989,410,16,NaN,NaN,NaN,0,0,1,1,0,0
29,1989,1448,13,NaN,NaN,NaN,0,0,1,1,0,6
29,1989,1580,19,NaN,NaN,NaN,0,4.40829477796772,1,1,0,0
29,1989,106,7,NaN,NaN,NaN,0,0,1,1,0,0
29,1989,1107,12,NaN,NaN,NaN,0,0,1,1,0,14
29,1989,1457,11,NaN,NaN,NaN,0,0.436229045021192,1,1,0,12
29,1989,1356,9,NaN,NaN,NaN,0,0,1,1,0,6
29,1989,800,10,NaN,NaN,NaN,0,0,1,1,0,20
29,1989,1124,21,NaN,NaN,NaN,0,0,1,1,0,3
29,1989,267,20,NaN,NaN,NaN,0,0,1,1,0,14
29,1989,250,21,NaN,NaN,NaN,0,4.36188097457237,1,1,1,7
29,1989,142,16,NaN,NaN,NaN,0,0,1,0,0,0
29,1989,776,19,NaN,NaN,NaN,0,0,1,1,0,9
29,1989,128,11,NaN,NaN,NaN,0,3.36117283664851,1,1,1,20
29,1989,182,17,NaN,NaN,NaN,0,4.67390387439697,1,1,1,15
29,1989,102,19,NaN,NaN,NaN,0,6.30863361682986,1,1,0,0
29,1989,1483,18,NaN,NaN,NaN,0,0,1,1,0,7
29,1989,1477,12,NaN,NaN,NaN,0,0,1,1,0,11
29,1989,1271,4,NaN,NaN,NaN,0,0,1,1,0,0
29,1989,792,17,NaN,NaN,NaN,0,0,1,1,0,8
29,1989,1279,15,NaN,NaN,NaN,0,0,1,1,0,7
29,1989,1222,13,NaN,NaN,NaN,0,0,1,1,0,0
29,1989,1396,9,NaN,NaN,NaN,0,0,1,1,0,10
29,1989,925,6,NaN,NaN,NaN,0,0,1,1,0,0
29,1989,96,5,NaN,NaN,NaN,0,2.91800893505575,1,1,1,6
29,1989,1121,19,NaN,NaN,NaN,0,0,1,1,0,6
29,1989,1043,2,NaN,NaN,NaN,0,0,1,1,0,16
29,1989,625,18,NaN,NaN,NaN,0,0,1,1,0,5
29,1989,174,3,NaN,NaN,NaN,0,0,1,1,0,18
29,1989,44,21,NaN,NaN,NaN,0,0,1,1,0,11
29,1989,276,20,NaN,NaN,NaN,0,0,1,1,0,0
29,1989,671,2,NaN,NaN,NaN,0,0,1,1,0,22
29,1989,1144,4,NaN,NaN,NaN,0,0,1,0,0,21
29,1989,1003,21,NaN,NaN,NaN,0,0,1,1,0,3
29,1989,811,17,NaN,NaN,NaN,0,0,1,1,0,0
29,1989,803,4,NaN,NaN,NaN,0,3.45319974653939,1,1,1,11
29,1989,134,10,NaN,NaN,NaN,0,6.97994530109636,1,1,1,18
29,1989,501,14,NaN,NaN,NaN,0,0,1,1,0,0
29,1989,347,7,NaN,NaN,NaN,0,0,1,0,0,18
29,1989,86,18,NaN,NaN,NaN,0,0,1,1,0,0
29,1989,813,19,NaN,NaN,NaN,0,0,1,1,0,0
29,1989,1599,21,NaN,NaN,NaN,0,3.81002465762827,1,1,0,0
29,1989,1364,16,NaN,NaN,NaN,0,0,1,1,0,0
29,1989,607,17,NaN,NaN,NaN,0,0,1,1,0,0
29,1989,120,22,NaN,NaN,NaN,0,0,1,1,0,10
29,1989,907,16,NaN,NaN,NaN,0,5.50629253614685,1,1,1,7
29,1989,1368,5,NaN,NaN,NaN,0,2.27134768531296,1,0,0,0
29,1989,976,19,NaN,NaN,NaN,0,4.41475963955371,1,1,1,1
29,1989,508,6,NaN,NaN,NaN,0,0,1,1,0,17
29,1989,1584,20,NaN,NaN,NaN,0,1.07473973042893,1,1,0,0
29,1989,376,22,NaN,NaN,NaN,0,0,1,1,0,10
29,1989,1186,12,NaN,NaN,NaN,0,0,1,0,0,3
29,1989,1449,15,NaN,NaN,NaN,0,0,1,1,0,0
29,1989,1252,21,NaN,NaN,NaN,0,0,1,1,0,0
29,1989,389,14,NaN,NaN,NaN,0,0,1,1,0,0
29,1989,956,1,NaN,NaN,NaN,0,0,1,1,0,18
29,1989,1598,21,NaN,NaN,NaN,0,2.74681466736517,1,1,0,0
29,1989,162,15,NaN,NaN,NaN,0,0,1,1,0,4
29,1989,1441,3,NaN,NaN,NaN,0,0,1,1,0,6
29,1989,1199,9,NaN,NaN,NaN,0,0,1,1,0,2
29,1989,593,10,NaN,NaN,NaN,0,0,1,0,0,11
29,1989,1305,13,NaN,NaN,NaN,0,4.43428477471133,1,1,1,15
29,1989,815,17,NaN,NaN,NaN,0,0,1,1,0,0
29,1989,272,5,NaN,NaN,NaN,0,0,1,1,0,8
29,1989,253,21,NaN,NaN,NaN,0,0,1,1,0,20
29,1989,444,4,NaN,NaN,NaN,0,0,1,1,0,12
29,1989,308,15,NaN,NaN,NaN,0,3.3629207764556,1,1,1,3
29,1989,690,18,NaN,NaN,NaN,0,0,1,1,0,5
29,1989,300,1,NaN,NaN,NaN,0,0,1,1,0,7
29,1989,1391,21,NaN,NaN,NaN,0,0,1,1,0,0
29,1989,729,5,NaN,NaN,NaN,0,0,1,1,0,0
29,1989,1008,13,NaN,NaN,NaN,0,4.5158122311675,1,0,0,5
29,1989,403,6,NaN,NaN,NaN,0,0,1,1,0,7
29,1989,1312,17,NaN,NaN,NaN,0,0,1,1,0,18
29,1989,1169,17,NaN,NaN,NaN,0,0,1,1,0,0
29,1989,968,1,NaN,NaN,NaN,0,0,1,1,0,5
29,1989,310,6,NaN,NaN,NaN,0,0,1,1,0,3
29,1989,541,1,NaN,NaN,NaN,0,5.16247167857341,1,1,1,18
29,1989,255,4,NaN,NaN,NaN,0,0.240383060628684,1,1,0,7
29,1989,545,10,NaN,NaN,NaN,0,0.555935454459219,1,1,0,13
29,1989,1465,9,NaN,NaN,NaN,0,0,1,1,0,0
30,1990,792,8,NaN,NaN,NaN,0,0,1,1,0,0
30,1990,985,18,NaN,NaN,NaN,0,0,1,1,0,0
30,1990,144,2,NaN,NaN,NaN,0,0,1,1,0,18
30,1990,1195,4,NaN,NaN,NaN,0,0,1,1,0,7
30,1990,1584,20,NaN,NaN,NaN,0,1.07473973042893,1,1,0,0
30,1990,1132,21,NaN,NaN,NaN,0,0,1,0,0,11
30,1990,183,12,NaN,NaN,NaN,0,0,1,1,0,1
30,1990,1396,10,NaN,NaN,NaN,0,0,1,1,0,7
30,1990,922,21,NaN,NaN,NaN,0,0,1,1,0,0
30,1990,745,18,NaN,NaN,NaN,0,0,1,1,0,13
30,1990,233,13,NaN,NaN,NaN,0,0,1,1,0,17
30,1990,390,10,NaN,NaN,NaN,0,0,1,1,0,12
30,1990,767,15,NaN,NaN,NaN,0,0,1,1,0,3
30,1990,86,18,NaN,NaN,NaN,0,0,1,1,0,0
30,1990,210,19,NaN,NaN,NaN,0,0,1,1,0,12
30,1990,1364,16,NaN,NaN,NaN,0,0,1,1,0,17
30,1990,308,3,NaN,NaN,NaN,0,0,1,0,0,15
30,1990,444,12,NaN,NaN,NaN,0,0,1,1,0,2
30,1990,1178,17,NaN,NaN,NaN,0,0,1,1,0,0
30,1990,1144,21,NaN,NaN,NaN,0,0,1,0,0,14
30,1990,1252,21,NaN,NaN,NaN,0,0,1,1,0,0
30,1990,1215,21,NaN,NaN,NaN,0,0,1,1,0,0
30,1990,185,12,NaN,NaN,NaN,0,0,1,1,0,6
30,1990,1107,14,NaN,NaN,NaN,0,0,1,1,0,21
30,1990,976,1,NaN,NaN,NaN,0,0,1,0,0,19
30,1990,1124,3,NaN,NaN,NaN,0,0,1,1,0,7
30,1990,671,22,NaN,NaN,NaN,0,0,1,1,0,1
30,1990,20,17,NaN,NaN,NaN,0,0,1,1,0,11
30,1990,956,18,NaN,NaN,NaN,0,0,1,1,0,20
30,1990,447,7,NaN,NaN,NaN,0,0,1,1,0,0
30,1990,803,11,NaN,NaN,NaN,0,0,1,0,0,0
30,1990,1199,2,NaN,NaN,NaN,0,0,1,1,0,0
30,1990,593,11,NaN,NaN,NaN,0,0,1,0,0,8
30,1990,931,16,NaN,NaN,NaN,0,0,1,1,0,8
30,1990,501,14,NaN,NaN,NaN,0,0,1,1,0,10
30,1990,769,12,NaN,NaN,NaN,0,0,1,1,0,0
30,1990,800,20,NaN,NaN,NaN,0,0,1,1,0,17
30,1990,1312,18,NaN,NaN,NaN,0,0,1,1,0,20
30,1990,267,14,NaN,NaN,NaN,0,0,1,1,0,0
30,1990,625,5,NaN,NaN,NaN,0,0,1,1,0,15
30,1990,368,13,NaN,NaN,NaN,0,0,1,1,0,3
30,1990,487,13,NaN,NaN,NaN,0,0,1,1,0,0
30,1990,48,22,NaN,NaN,NaN,0,0,1,1,0,13
30,1990,102,19,NaN,NaN,NaN,0,6.30863361682986,1,1,0,0
30,1990,925,6,NaN,NaN,NaN,0,0,1,1,0,19
30,1990,12,13,NaN,NaN,NaN,0,0,1,1,0,5
30,1990,427,14,NaN,NaN,NaN,0,0,1,1,0,0
30,1990,255,7,NaN,NaN,NaN,0,0.240383060628684,1,1,0,0
30,1990,1441,6,NaN,NaN,NaN,0,0,1,1,0,21
30,1990,1122,5,NaN,NaN,NaN,0,0,1,1,0,15
30,1990,544,15,NaN,NaN,NaN,0,0,1,0,0,1
30,1990,1457,12,NaN,NaN,NaN,0,0.436229045021192,1,1,0,7
30,1990,763,9,NaN,NaN,NaN,0,3.89799521626934,1,0,0,1
30,1990,850,3,NaN,NaN,NaN,0,0,1,1,0,0
30,1990,821,21,NaN,NaN,NaN,0,0,1,1,0,0
30,1990,1003,3,NaN,NaN,NaN,0,0,1,1,0,8
30,1990,485,4,NaN,NaN,NaN,0,0,1,0,0,12
30,1990,67,1,NaN,NaN,NaN,0,0,1,1,0,0
30,1990,1483,7,NaN,NaN,NaN,0,0,1,1,0,0
30,1990,534,18,NaN,NaN,NaN,0,0,1,1,0,13
30,1990,1477,11,NaN,NaN,NaN,0,0,1,1,0,12
30,1990,722,13,NaN,NaN,NaN,0,0,1,1,0,4
30,1990,500,1,NaN,NaN,NaN,0,0,1,1,0,13
30,1990,347,18,NaN,NaN,NaN,0,0,1,0,0,8
30,1990,1356,6,NaN,NaN,NaN,0,0,1,1,0,0
30,1990,245,4,NaN,NaN,NaN,0,0,1,1,0,20
30,1990,729,5,NaN,NaN,NaN,0,0,1,1,0,13
30,1990,182,15,NaN,NaN,NaN,0,0,1,0,0,17
30,1990,128,20,NaN,NaN,NaN,0,0,1,0,0,11
30,1990,333,6,NaN,NaN,NaN,0,0,1,1,0,13
30,1990,376,10,NaN,NaN,NaN,0,0,1,1,0,0
30,1990,1240,18,NaN,NaN,NaN,0,0,1,0,0,13
30,1990,310,3,NaN,NaN,NaN,0,0,1,1,0,0
30,1990,1043,16,NaN,NaN,NaN,0,0,1,1,0,11
30,1990,156,13,NaN,NaN,NaN,0,0,1,1,0,1
30,1990,1598,21,NaN,NaN,NaN,0,2.74681466736517,1,1,0,0
30,1990,1580,19,NaN,NaN,NaN,0,4.40829477796772,1,1,0,0
30,1990,1391,21,NaN,NaN,NaN,0,0,1,1,0,18
30,1990,1038,21,NaN,NaN,NaN,0,0,1,1,0,0
30,1990,247,8,NaN,NaN,NaN,0,0,1,1,0,0
30,1990,134,18,NaN,NaN,NaN,0,0,1,0,0,6
30,1990,690,5,NaN,NaN,NaN,0,0,1,1,0,0
30,1990,1222,13,NaN,NaN,NaN,0,0,1,1,0,2
30,1990,174,18,NaN,NaN,NaN,0,0,1,1,0,0
30,1990,541,18,NaN,NaN,NaN,0,0,1,0,0,1
30,1990,1394,13,NaN,NaN,NaN,0,0,1,0,0,1
30,1990,346,11,NaN,NaN,NaN,0,0,1,1,0,0
30,1990,907,7,NaN,NaN,NaN,0,0,1,0,0,18
30,1990,766,1,NaN,NaN,NaN,0,0,1,0,0,17
30,1990,968,5,NaN,NaN,NaN,0,0,1,1,0,0
30,1990,27,16,NaN,NaN,NaN,0,0,1,0,0,20
30,1990,16,17,NaN,NaN,NaN,0,0,1,1,0,0
30,1990,776,9,NaN,NaN,NaN,0,0,1,1,0,11
30,1990,978,15,NaN,NaN,NaN,0,0,1,1,0,0
30,1990,1280,3,NaN,NaN,NaN,0,0,1,1,0,22
30,1990,1449,15,NaN,NaN,NaN,0,0,1,1,0,8
30,1990,1229,10,NaN,NaN,NaN,0,0,1,0,0,0
30,1990,1227,4,NaN,NaN,NaN,0,0,1,0,0,6
30,1990,1448,6,NaN,NaN,NaN,0,0,1,1,0,18
30,1990,569,3,NaN,NaN,NaN,0,0,1,0,0,17
30,1990,1465,9,NaN,NaN,NaN,0,0,1,1,0,0
30,1990,1271,4,NaN,NaN,NaN,0,0,1,1,0,9
30,1990,278,18,NaN,NaN,NaN,0,0,1,0,0,9
30,1990,104,6,NaN,NaN,NaN,0,0,1,1,0,20
30,1990,323,8,NaN,NaN,NaN,0,0,1,0,0,10
30,1990,170,22,NaN,NaN,NaN,0,5.68182968178367,1,0,0,7
30,1990,272,8,NaN,NaN,NaN,0,0,1,1,0,16
30,1990,142,16,NaN,NaN,NaN,0,0,1,0,0,4
30,1990,1497,18,NaN,NaN,NaN,0,0,1,1,0,7
30,1990,887,15,NaN,NaN,NaN,0,0,1,1,0,12
30,1990,1279,7,NaN,NaN,NaN,0,0,1,1,0,20
30,1990,1034,11,NaN,NaN,NaN,0,0,1,1,0,2
30,1990,1186,3,NaN,NaN,NaN,0,0,1,0,0,16
30,1990,1130,21,NaN,NaN,NaN,0,2.8479032354159,1,1,0,0
30,1990,1264,14,NaN,NaN,NaN,0,0,1,1,0,2
30,1990,243,1,NaN,NaN,NaN,0,0,1,1,0,0
30,1990,80,20,NaN,NaN,NaN,0,0,1,1,0,22
30,1990,607,17,NaN,NaN,NaN,0,0,1,1,0,6
30,1990,78,20,NaN,NaN,NaN,0,0,1,1,0,0
30,1990,813,19,NaN,NaN,NaN,0,0,1,1,0,5
30,1990,282,18,NaN,NaN,NaN,0,0,1,1,0,0
30,1990,584,2,NaN,NaN,NaN,0,0,1,1,0,4
30,1990,461,9,NaN,NaN,NaN,0,0,1,1,0,11
30,1990,403,7,NaN,NaN,NaN,0,0,1,1,0,0
30,1990,253,20,NaN,NaN,NaN,0,0,1,1,0,0
30,1990,1535,21,NaN,NaN,NaN,0,1.07899022620699,1,1,0,0
30,1990,47,21,NaN,NaN,NaN,0,0,1,1,0,18
30,1990,96,6,NaN,NaN,NaN,0,0,1,0,0,5
30,1990,568,18,NaN,NaN,NaN,0,0,1,0,0,0
30,1990,1439,4,NaN,NaN,NaN,0,0,1,1,0,0
30,1990,634,14,NaN,NaN,NaN,0,0,1,1,0,0
30,1990,801,15,NaN,NaN,NaN,0,0,1,1,0,11
30,1990,595,1,NaN,NaN,NaN,0,0,1,1,0,0
30,1990,18,10,NaN,NaN,NaN,0,0,1,0,0,21
30,1990,410,16,NaN,NaN,NaN,0,0,1,1,0,5
30,1990,389,14,NaN,NaN,NaN,0,0,1,1,0,17
30,1990,276,20,NaN,NaN,NaN,0,0,1,1,0,0
30,1990,372,4,NaN,NaN,NaN,0,0,1,1,0,0
30,1990,1121,6,NaN,NaN,NaN,0,0,1,1,0,5
30,1990,1305,15,NaN,NaN,NaN,0,0,1,0,0,13
30,1990,1169,17,NaN,NaN,NaN,0,0,1,1,0,0
30,1990,250,7,NaN,NaN,NaN,0,0,1,0,0,0
30,1990,162,4,NaN,NaN,NaN,0,0,1,1,0,1
30,1990,296,6,NaN,NaN,NaN,0,0,1,1,0,2
30,1990,1021,7,NaN,NaN,NaN,0,0,1,0,0,0
30,1990,508,17,NaN,NaN,NaN,0,0,1,1,0,0
30,1990,1196,11,NaN,NaN,NaN,0,0,1,1,0,0
30,1990,1268,2,NaN,NaN,NaN,0,0,1,1,0,3
30,1990,1345,12,NaN,NaN,NaN,0,5.01995886210535,1,0,0,0
30,1990,811,17,NaN,NaN,NaN,0,0,1,1,0,0
30,1990,815,17,NaN,NaN,NaN,0,0,1,1,0,7
30,1990,300,7,NaN,NaN,NaN,0,0,1,1,0,6
30,1990,738,3,NaN,NaN,NaN,0,0,1,1,0,0
30,1990,106,7,NaN,NaN,NaN,0,0,1,1,0,1
30,1990,1113,15,NaN,NaN,NaN,0,0,1,1,0,16
30,1990,858,13,NaN,NaN,NaN,0,0,1,0,0,0
30,1990,545,13,NaN,NaN,NaN,0,0.555935454459219,1,1,0,14
30,1990,120,10,NaN,NaN,NaN,0,0,1,1,0,14
30,1990,1024,21,NaN,NaN,NaN,0,0,1,0,0,15
30,1990,1599,21,NaN,NaN,NaN,0,3.81002465762827,1,1,0,0
30,1990,1008,5,NaN,NaN,NaN,0,4.5158122311675,1,0,0,13
30,1990,1368,5,NaN,NaN,NaN,0,2.27134768531296,1,0,0,0
30,1990,554,5,NaN,NaN,NaN,0,0,1,1,0,0
30,1990,44,11,NaN,NaN,NaN,0,0,1,1,0,0
30,1990,87,21,NaN,NaN,NaN,0,0,1,1,0,0
30,1990,151,18,NaN,NaN,NaN,0,0,1,1,0,6
30,1990,138,2,NaN,NaN,NaN,0,0,1,1,0,0
31,1990,1144,14,NaN,NaN,NaN,0,0,1,1,0,0
31,1990,104,20,NaN,NaN,NaN,0,0,1,1,0,5
31,1990,174,18,NaN,NaN,NaN,0,0,1,1,0,0
31,1990,272,16,NaN,NaN,NaN,0,0,1,1,0,6
31,1990,87,21,NaN,NaN,NaN,0,0,1,1,0,17
31,1990,792,8,NaN,NaN,NaN,0,0,1,1,0,5
31,1990,1268,3,NaN,NaN,NaN,0,0,1,1,0,6
31,1990,243,1,NaN,NaN,NaN,0,0,1,1,0,12
31,1990,1368,5,NaN,NaN,NaN,0,2.27134768531296,1,1,1,17
31,1990,368,3,NaN,NaN,NaN,0,0,1,1,0,21
31,1990,1305,13,NaN,NaN,NaN,0,0,1,0,0,0
31,1990,1584,20,NaN,NaN,NaN,0,1.07473973042893,1,1,0,0
31,1990,444,2,NaN,NaN,NaN,0,0,1,1,0,0
31,1990,1449,8,NaN,NaN,NaN,0,0,1,1,0,20
31,1990,333,13,NaN,NaN,NaN,0,0,1,1,0,7
31,1990,346,11,NaN,NaN,NaN,0,0,1,1,0,20
31,1990,1264,2,NaN,NaN,NaN,0,0,1,1,0,22
31,1990,86,18,NaN,NaN,NaN,0,0,1,1,0,0
31,1990,541,1,NaN,NaN,NaN,0,0,1,0,0,18
31,1990,815,7,NaN,NaN,NaN,0,0,1,1,0,0
31,1990,151,6,NaN,NaN,NaN,0,0,1,1,0,0
31,1990,1043,11,NaN,NaN,NaN,0,0,1,1,0,0
31,1990,182,17,NaN,NaN,NaN,0,0,1,0,0,0
31,1990,210,12,NaN,NaN,NaN,0,0,1,1,0,0
31,1990,403,7,NaN,NaN,NaN,0,0,1,1,0,13
31,1990,1124,7,NaN,NaN,NaN,0,0,1,1,0,0
31,1990,1391,18,NaN,NaN,NaN,0,0,1,1,0,9
31,1990,310,3,NaN,NaN,NaN,0,0,1,1,0,16
31,1990,1271,9,NaN,NaN,NaN,0,0,1,1,0,0
31,1990,1497,7,NaN,NaN,NaN,0,0,1,1,0,18
31,1990,267,14,NaN,NaN,NaN,0,0,1,1,0,16
31,1990,282,18,NaN,NaN,NaN,0,0,1,1,0,1
31,1990,1222,2,NaN,NaN,NaN,0,0,1,1,0,17
31,1990,607,6,NaN,NaN,NaN,0,0,1,1,0,0
31,1990,247,8,NaN,NaN,NaN,0,0,1,1,0,15
31,1990,821,21,NaN,NaN,NaN,0,0,1,1,0,17
31,1990,745,13,NaN,NaN,NaN,0,0,1,1,0,11
31,1990,1008,13,NaN,NaN,NaN,0,4.5158122311675,1,1,1,5
31,1990,1169,17,NaN,NaN,NaN,0,0,1,1,0,0
31,1990,410,5,NaN,NaN,NaN,0,0,1,1,0,0
31,1990,128,11,NaN,NaN,NaN,0,0,1,0,0,0
31,1990,500,13,NaN,NaN,NaN,0,0,1,1,0,5
31,1990,1364,17,NaN,NaN,NaN,0,0,1,1,0,0
31,1990,487,13,NaN,NaN,NaN,0,0,1,1,0,2
31,1990,16,17,NaN,NaN,NaN,0,0,1,1,0,9
31,1990,44,11,NaN,NaN,NaN,0,0,1,1,0,16
31,1990,800,17,NaN,NaN,NaN,0,0,1,1,0,0
31,1990,803,11,NaN,NaN,NaN,0,0,1,0,0,2
31,1990,1003,8,NaN,NaN,NaN,0,0,1,1,0,0
31,1990,501,10,NaN,NaN,NaN,0,0,1,1,0,0
31,1990,690,5,NaN,NaN,NaN,0,0,1,1,0,0
31,1990,729,13,NaN,NaN,NaN,0,0,1,1,0,18
31,1990,968,5,NaN,NaN,NaN,0,0,1,1,0,1
31,1990,245,20,NaN,NaN,NaN,0,0,1,1,0,21
31,1990,1195,7,NaN,NaN,NaN,0,0,1,1,0,0
31,1990,12,5,NaN,NaN,NaN,0,0,1,1,0,0
31,1990,801,11,NaN,NaN,NaN,0,0,1,1,0,1
31,1990,27,20,NaN,NaN,NaN,0,0,1,0,0,0
31,1990,120,14,NaN,NaN,NaN,0,0,1,1,0,9
31,1990,300,6,NaN,NaN,NaN,0,0,1,1,0,0
31,1990,1465,9,NaN,NaN,NaN,0,0,1,1,0,0
31,1990,554,5,NaN,NaN,NaN,0,0,1,1,0,0
31,1990,1021,7,NaN,NaN,NaN,0,0,1,1,0,0
31,1990,1598,21,NaN,NaN,NaN,0,2.74681466736517,1,1,0,0
31,1990,106,1,NaN,NaN,NaN,0,0,1,1,0,6
31,1990,978,15,NaN,NaN,NaN,0,0,1,1,0,0
31,1990,763,1,NaN,NaN,NaN,0,3.89799521626934,1,0,0,13
31,1990,1229,10,NaN,NaN,NaN,0,0,1,0,0,15
31,1990,1122,15,NaN,NaN,NaN,0,0,1,1,0,12
31,1990,376,10,NaN,NaN,NaN,0,0,1,1,0,0
31,1990,308,15,NaN,NaN,NaN,0,0,1,0,0,0
31,1990,811,17,NaN,NaN,NaN,0,0,1,1,0,0
31,1990,985,18,NaN,NaN,NaN,0,0,1,1,0,0
31,1990,545,14,NaN,NaN,NaN,0,0.555935454459219,1,1,0,16
31,1990,1599,21,NaN,NaN,NaN,0,3.81002465762827,1,1,0,0
31,1990,1215,21,NaN,NaN,NaN,0,0,1,1,0,0
31,1990,20,11,NaN,NaN,NaN,0,0,1,1,0,0
31,1990,134,6,NaN,NaN,NaN,0,0,1,0,0,18
31,1990,1312,20,NaN,NaN,NaN,0,0,1,1,0,21
31,1990,544,1,NaN,NaN,NaN,0,0,1,0,0,0
31,1990,1441,21,NaN,NaN,NaN,0,0,1,1,0,0
31,1990,67,1,NaN,NaN,NaN,0,0,1,1,0,5
31,1990,1034,2,NaN,NaN,NaN,0,0,1,1,0,18
31,1990,584,4,NaN,NaN,NaN,0,0,1,1,0,0
31,1990,769,12,NaN,NaN,NaN,0,0,1,1,0,0
31,1990,296,2,NaN,NaN,NaN,0,0,1,1,0,17
31,1990,170,7,NaN,NaN,NaN,0,5.68182968178367,1,1,1,2
31,1990,1199,2,NaN,NaN,NaN,0,0,1,1,0,17
31,1990,78,20,NaN,NaN,NaN,0,0,1,1,0,12
31,1990,595,1,NaN,NaN,NaN,0,0,1,1,0,0
31,1990,1457,7,NaN,NaN,NaN,0,0.436229045021192,1,1,0,21
31,1990,389,17,NaN,NaN,NaN,0,0,1,1,0,13
31,1990,534,13,NaN,NaN,NaN,0,0,1,1,0,18
31,1990,956,20,NaN,NaN,NaN,0,0,1,1,0,12
31,1990,976,19,NaN,NaN,NaN,0,0,1,0,0,0
31,1990,1356,6,NaN,NaN,NaN,0,0,1,1,0,0
31,1990,144,18,NaN,NaN,NaN,0,0,1,1,0,0
31,1990,48,13,NaN,NaN,NaN,0,0,1,1,0,16
31,1990,461,11,NaN,NaN,NaN,0,0,1,1,0,22
31,1990,625,15,NaN,NaN,NaN,0,0,1,1,0,0
31,1990,253,20,NaN,NaN,NaN,0,0,1,1,0,13
31,1990,1280,22,NaN,NaN,NaN,0,0,1,1,0,0
31,1990,96,5,NaN,NaN,NaN,0,0,1,0,0,6
31,1990,738,3,NaN,NaN,NaN,0,0,1,1,0,0
31,1990,634,14,NaN,NaN,NaN,0,0,1,1,0,0
31,1990,1477,12,NaN,NaN,NaN,0,0,1,1,0,8
31,1990,1439,4,NaN,NaN,NaN,0,0,1,1,0,9
31,1990,185,6,NaN,NaN,NaN,0,0,1,1,0,0
31,1990,907,18,NaN,NaN,NaN,0,0,1,0,0,16
31,1990,372,4,NaN,NaN,NaN,0,0,1,1,0,1
31,1990,1394,1,NaN,NaN,NaN,0,0,1,0,0,22
31,1990,250,7,NaN,NaN,NaN,0,0,1,0,0,13
31,1990,102,19,NaN,NaN,NaN,0,6.30863361682986,1,1,0,0
31,1990,767,3,NaN,NaN,NaN,0,0,1,1,0,0
31,1990,142,4,NaN,NaN,NaN,0,0,1,1,0,20
31,1990,347,8,NaN,NaN,NaN,0,0,1,1,0,0
31,1990,80,22,NaN,NaN,NaN,0,0,1,1,0,0
31,1990,813,5,NaN,NaN,NaN,0,0,1,1,0,0
31,1990,568,18,NaN,NaN,NaN,0,0,1,0,0,0
31,1990,447,7,NaN,NaN,NaN,0,0,1,1,0,0
31,1990,931,8,NaN,NaN,NaN,0,0,1,1,0,0
31,1990,1196,11,NaN,NaN,NaN,0,0,1,1,0,13
31,1990,1130,21,NaN,NaN,NaN,0,2.8479032354159,1,1,0,0
31,1990,485,12,NaN,NaN,NaN,0,0,1,0,0,0
31,1990,671,1,NaN,NaN,NaN,0,0,1,1,0,3
31,1990,323,10,NaN,NaN,NaN,0,0,1,0,0,0
31,1990,925,19,NaN,NaN,NaN,0,0,1,1,0,6
31,1990,1483,7,NaN,NaN,NaN,0,0,1,1,0,18
31,1990,722,4,NaN,NaN,NaN,0,0,1,1,0,0
31,1990,1345,12,NaN,NaN,NaN,0,5.01995886210535,1,1,1,14
31,1990,1178,17,NaN,NaN,NaN,0,0,1,1,0,0
31,1990,1107,21,NaN,NaN,NaN,0,0,1,1,0,0
31,1990,1024,15,NaN,NaN,NaN,0,0,1,1,0,7
31,1990,255,7,NaN,NaN,NaN,0,0.240383060628684,1,1,0,16
31,1990,1396,7,NaN,NaN,NaN,0,0,1,1,0,4
31,1990,1448,18,NaN,NaN,NaN,0,0,1,1,0,19
31,1990,1227,6,NaN,NaN,NaN,0,0,1,0,0,0
31,1990,276,20,NaN,NaN,NaN,0,0,1,1,0,0
31,1990,1279,20,NaN,NaN,NaN,0,0,1,1,0,8
31,1990,156,1,NaN,NaN,NaN,0,0,1,1,0,15
31,1990,887,12,NaN,NaN,NaN,0,0,1,1,0,7
31,1990,776,11,NaN,NaN,NaN,0,0,1,1,0,2
31,1990,569,17,NaN,NaN,NaN,0,0,1,0,0,7
31,1990,1252,21,NaN,NaN,NaN,0,0,1,1,0,0
31,1990,138,2,NaN,NaN,NaN,0,0,1,1,0,0
31,1990,1121,5,NaN,NaN,NaN,0,0,1,1,0,20
31,1990,278,9,NaN,NaN,NaN,0,0,1,0,0,16
31,1990,922,21,NaN,NaN,NaN,0,0,1,1,0,0
31,1990,593,8,NaN,NaN,NaN,0,0,1,1,0,10
31,1990,508,17,NaN,NaN,NaN,0,0,1,1,0,1
31,1990,1186,16,NaN,NaN,NaN,0,0,1,1,0,12
31,1990,47,18,NaN,NaN,NaN,0,0,1,1,0,12
31,1990,850,3,NaN,NaN,NaN,0,0,1,1,0,0
31,1990,233,17,NaN,NaN,NaN,0,0,1,1,0,20
31,1990,858,13,NaN,NaN,NaN,0,0,1,1,0,9
31,1990,1038,21,NaN,NaN,NaN,0,0,1,1,0,0
31,1990,766,17,NaN,NaN,NaN,0,0,1,1,0,11
31,1990,1535,21,NaN,NaN,NaN,0,1.07899022620699,1,1,0,0
31,1990,1580,19,NaN,NaN,NaN,0,4.40829477796772,1,1,0,0
31,1990,427,14,NaN,NaN,NaN,0,0,1,1,0,20
31,1990,1240,13,NaN,NaN,NaN,0,0,1,0,0,0
31,1990,162,1,NaN,NaN,NaN,0,0,1,1,0,2
31,1990,390,12,NaN,NaN,NaN,0,0,1,1,0,21
31,1990,1113,16,NaN,NaN,NaN,0,0,1,1,0,3
31,1990,183,1,NaN,NaN,NaN,0,0,1,1,0,12
32,1990,276,20,NaN,NaN,NaN,0,0,1,1,0,0
32,1990,185,6,NaN,NaN,NaN,0,0,1,1,0,0
32,1990,247,15,NaN,NaN,NaN,0,0,1,1,0,20
32,1990,87,17,NaN,NaN,NaN,0,0,1,1,0,0
32,1990,1483,18,NaN,NaN,NaN,0,0,1,1,0,0
32,1990,1024,7,NaN,NaN,NaN,0,0,1,1,0,17
32,1990,296,17,NaN,NaN,NaN,0,0,1,1,0,10
32,1990,1215,21,NaN,NaN,NaN,0,0,1,1,0,0
32,1990,282,1,NaN,NaN,NaN,0,0,1,1,0,9
32,1990,106,6,NaN,NaN,NaN,0,0,1,1,0,17
32,1990,151,6,NaN,NaN,NaN,0,0,1,1,0,17
32,1990,1465,9,NaN,NaN,NaN,0,0,1,1,0,0
32,1990,278,16,NaN,NaN,NaN,0,0,1,0,0,9
32,1990,310,16,NaN,NaN,NaN,0,0,1,1,0,8
32,1990,1122,12,NaN,NaN,NaN,0,0,1,1,0,13
32,1990,769,12,NaN,NaN,NaN,0,0,1,1,0,16
32,1990,1439,9,NaN,NaN,NaN,0,0,1,1,0,0
32,1990,1227,6,NaN,NaN,NaN,0,0,1,0,0,0
32,1990,801,1,NaN,NaN,NaN,0,0,1,1,0,12
32,1990,44,16,NaN,NaN,NaN,0,0,1,1,0,11
32,1990,671,3,NaN,NaN,NaN,0,0,1,1,0,13
32,1990,170,2,NaN,NaN,NaN,0,0,1,0,0,7
32,1990,368,21,NaN,NaN,NaN,0,0,1,1,0,0
32,1990,1196,13,NaN,NaN,NaN,0,0,1,1,0,20
32,1990,267,16,NaN,NaN,NaN,0,0,1,1,0,0
32,1990,1034,18,NaN,NaN,NaN,0,0,1,1,0,0
32,1990,584,4,NaN,NaN,NaN,0,0,1,1,0,0
32,1990,595,1,NaN,NaN,NaN,0,0,1,1,0,0
32,1990,634,14,NaN,NaN,NaN,0,0,1,1,0,0
32,1990,738,3,NaN,NaN,NaN,0,0,1,1,0,0
32,1990,162,2,NaN,NaN,NaN,0,0,1,1,0,14
32,1990,1271,9,NaN,NaN,NaN,0,0,1,1,0,16
32,1990,233,20,NaN,NaN,NaN,0,0,1,1,0,18
32,1990,1003,8,NaN,NaN,NaN,0,0,1,1,0,7
32,1990,907,16,NaN,NaN,NaN,0,0,1,0,0,0
32,1990,78,12,NaN,NaN,NaN,0,0,1,1,0,6
32,1990,80,22,NaN,NaN,NaN,0,0,1,1,0,0
32,1990,813,5,NaN,NaN,NaN,0,0,1,1,0,13
32,1990,1598,21,NaN,NaN,NaN,0,2.74681466736517,1,1,0,0
32,1990,1394,22,NaN,NaN,NaN,0,0,1,0,0,1
32,1990,508,1,NaN,NaN,NaN,0,0,1,1,0,0
32,1990,138,2,NaN,NaN,NaN,0,0,1,1,0,0
32,1990,978,15,NaN,NaN,NaN,0,0,1,1,0,0
32,1990,976,19,NaN,NaN,NaN,0,0,1,0,0,0
32,1990,1448,19,NaN,NaN,NaN,0,0,1,1,0,0
32,1990,243,12,NaN,NaN,NaN,0,0,1,1,0,0
32,1990,501,10,NaN,NaN,NaN,0,0,1,1,0,0
32,1990,27,20,NaN,NaN,NaN,0,0,1,0,0,0
32,1990,858,9,NaN,NaN,NaN,0,0,1,1,0,0
32,1990,376,10,NaN,NaN,NaN,0,0,1,1,0,18
32,1990,776,2,NaN,NaN,NaN,0,0,1,1,0,9
32,1990,1178,17,NaN,NaN,NaN,0,0,1,1,0,0
32,1990,1441,21,NaN,NaN,NaN,0,0,1,1,0,13
32,1990,12,5,NaN,NaN,NaN,0,0,1,1,0,15
32,1990,444,2,NaN,NaN,NaN,0,0,1,1,0,18
32,1990,104,5,NaN,NaN,NaN,0,0,1,1,0,12
32,1990,1368,17,NaN,NaN,NaN,0,0,1,0,0,0
32,1990,1449,20,NaN,NaN,NaN,0,0,1,1,0,0
32,1990,545,16,NaN,NaN,NaN,0,0.555935454459219,1,1,0,15
32,1990,1121,20,NaN,NaN,NaN,0,0,1,1,0,11
32,1990,1195,7,NaN,NaN,NaN,0,0,1,1,0,1
32,1990,134,18,NaN,NaN,NaN,0,0,1,0,0,0
32,1990,800,17,NaN,NaN,NaN,0,0,1,1,0,0
32,1990,1584,20,NaN,NaN,NaN,0,1.07473973042893,1,1,0,0
32,1990,1580,19,NaN,NaN,NaN,0,4.40829477796772,1,1,0,0
32,1990,1535,21,NaN,NaN,NaN,0,1.07899022620699,1,1,0,0
32,1990,485,12,NaN,NaN,NaN,0,0,1,0,0,0
32,1990,931,8,NaN,NaN,NaN,0,0,1,1,0,0
32,1990,1268,6,NaN,NaN,NaN,0,0,1,1,0,0
32,1990,403,13,NaN,NaN,NaN,0,0,1,1,0,7
32,1990,142,20,NaN,NaN,NaN,0,0,1,1,0,0
32,1990,48,16,NaN,NaN,NaN,0,0,1,1,0,0
32,1990,1169,17,NaN,NaN,NaN,0,0,1,1,0,0
32,1990,390,21,NaN,NaN,NaN,0,0,1,1,0,0
32,1990,745,11,NaN,NaN,NaN,0,0,1,1,0,18
32,1990,1497,18,NaN,NaN,NaN,0,0,1,1,0,7
32,1990,410,5,NaN,NaN,NaN,0,0,1,1,0,8
32,1990,183,12,NaN,NaN,NaN,0,0,1,1,0,0
32,1990,245,21,NaN,NaN,NaN,0,0,1,1,0,0
32,1990,255,16,NaN,NaN,NaN,0,0.240383060628684,1,1,0,19
32,1990,625,15,NaN,NaN,NaN,0,0,1,1,0,1
32,1990,500,5,NaN,NaN,NaN,0,0,1,1,0,0
32,1990,1457,21,NaN,NaN,NaN,0,0.436229045021192,1,1,0,7
32,1990,102,19,NaN,NaN,NaN,0,6.30863361682986,1,1,0,0
32,1990,1252,21,NaN,NaN,NaN,0,0,1,1,0,0
32,1990,1124,7,NaN,NaN,NaN,0,0,1,1,0,0
32,1990,729,18,NaN,NaN,NaN,0,0,1,1,0,8
32,1990,1113,3,NaN,NaN,NaN,0,0,1,1,0,5
32,1990,803,2,NaN,NaN,NaN,0,0,1,0,0,1
32,1990,389,13,NaN,NaN,NaN,0,0,1,1,0,4
32,1990,1038,21,NaN,NaN,NaN,0,0,1,1,0,0
32,1990,1396,4,NaN,NaN,NaN,0,0,1,1,0,16
32,1990,1264,22,NaN,NaN,NaN,0,0,1,1,0,4
32,1990,182,17,NaN,NaN,NaN,0,0,1,0,0,0
32,1990,253,13,NaN,NaN,NaN,0,0,1,1,0,16
32,1990,534,18,NaN,NaN,NaN,0,0,1,1,0,0
32,1990,568,18,NaN,NaN,NaN,0,0,1,0,0,16
32,1990,544,1,NaN,NaN,NaN,0,0,1,0,0,0
32,1990,447,7,NaN,NaN,NaN,0,0,1,1,0,0
32,1990,1391,9,NaN,NaN,NaN,0,0,1,1,0,1
32,1990,968,1,NaN,NaN,NaN,0,0,1,1,0,0
32,1990,323,10,NaN,NaN,NaN,0,0,1,0,0,0
32,1990,1144,14,NaN,NaN,NaN,0,0,1,1,0,0
32,1990,850,3,NaN,NaN,NaN,0,0,1,1,0,0
32,1990,593,10,NaN,NaN,NaN,0,0,1,1,0,0
32,1990,1312,21,NaN,NaN,NaN,0,0,1,1,0,0
32,1990,1477,8,NaN,NaN,NaN,0,0,1,1,0,0
32,1990,887,7,NaN,NaN,NaN,0,0,1,1,0,6
32,1990,811,17,NaN,NaN,NaN,0,0,1,1,0,0
32,1990,1345,14,NaN,NaN,NaN,0,0,1,0,0,12
32,1990,1199,17,NaN,NaN,NaN,0,0,1,1,0,16
32,1990,985,18,NaN,NaN,NaN,0,0,1,1,0,10
32,1990,1043,11,NaN,NaN,NaN,0,0,1,1,0,0
32,1990,925,6,NaN,NaN,NaN,0,0,1,1,0,0
32,1990,1008,5,NaN,NaN,NaN,0,0,1,0,0,13
32,1990,461,22,NaN,NaN,NaN,0,0,1,1,0,13
32,1990,1222,17,NaN,NaN,NaN,0,0,1,1,0,9
32,1990,1280,22,NaN,NaN,NaN,0,0,1,1,0,0
32,1990,1356,6,NaN,NaN,NaN,0,0,1,1,0,0
32,1990,922,21,NaN,NaN,NaN,0,0,1,1,0,0
32,1990,67,5,NaN,NaN,NaN,0,0,1,1,0,14
32,1990,792,5,NaN,NaN,NaN,0,0,1,1,0,12
32,1990,766,11,NaN,NaN,NaN,0,0,1,1,0,0
32,1990,300,6,NaN,NaN,NaN,0,0,1,1,0,4
32,1990,1279,8,NaN,NaN,NaN,0,0,1,1,0,15
32,1990,767,3,NaN,NaN,NaN,0,0,1,1,0,15
32,1990,427,20,NaN,NaN,NaN,0,0,1,1,0,0
32,1990,1130,21,NaN,NaN,NaN,0,2.8479032354159,1,1,0,0
32,1990,346,20,NaN,NaN,NaN,0,0,1,1,0,21
32,1990,1186,12,NaN,NaN,NaN,0,0,1,1,0,0
32,1990,487,2,NaN,NaN,NaN,0,0,1,1,0,9
32,1990,372,1,NaN,NaN,NaN,0,0,1,1,0,8
32,1990,210,12,NaN,NaN,NaN,0,0,1,1,0,0
32,1990,347,8,NaN,NaN,NaN,0,0,1,1,0,19
32,1990,722,4,NaN,NaN,NaN,0,0,1,1,0,0
32,1990,1107,21,NaN,NaN,NaN,0,0,1,1,0,5
32,1990,815,7,NaN,NaN,NaN,0,0,1,1,0,3
32,1990,156,15,NaN,NaN,NaN,0,0,1,1,0,1
32,1990,821,17,NaN,NaN,NaN,0,0,1,1,0,13
32,1990,47,12,NaN,NaN,NaN,0,0,1,1,0,18
32,1990,1021,7,NaN,NaN,NaN,0,0,1,1,0,12
32,1990,120,9,NaN,NaN,NaN,0,0,1,1,0,20
32,1990,272,6,NaN,NaN,NaN,0,0,1,1,0,0
32,1990,763,13,NaN,NaN,NaN,0,3.89799521626934,1,1,1,16
32,1990,1305,13,NaN,NaN,NaN,0,0,1,0,0,0
32,1990,1229,15,NaN,NaN,NaN,0,0,1,0,0,0
32,1990,308,15,NaN,NaN,NaN,0,0,1,0,0,0
32,1990,1240,13,NaN,NaN,NaN,0,0,1,0,0,0
32,1990,174,18,NaN,NaN,NaN,0,0,1,1,0,0
32,1990,607,6,NaN,NaN,NaN,0,0,1,1,0,3
32,1990,20,11,NaN,NaN,NaN,0,0,1,1,0,0
32,1990,250,13,NaN,NaN,NaN,0,0,1,0,0,22
32,1990,1599,21,NaN,NaN,NaN,0,3.81002465762827,1,1,0,0
32,1990,86,18,NaN,NaN,NaN,0,0,1,1,0,9
32,1990,569,7,NaN,NaN,NaN,0,0,1,0,0,0
32,1990,1364,17,NaN,NaN,NaN,0,0,1,1,0,9
32,1990,554,5,NaN,NaN,NaN,0,0,1,1,0,0
32,1990,333,7,NaN,NaN,NaN,0,0,1,1,0,11
32,1990,144,18,NaN,NaN,NaN,0,0,1,1,0,0
32,1990,128,11,NaN,NaN,NaN,0,0,1,0,0,0
32,1990,541,18,NaN,NaN,NaN,0,0,1,0,0,0
32,1990,96,6,NaN,NaN,NaN,0,0,1,0,0,5
32,1990,956,12,NaN,NaN,NaN,0,0,1,1,0,3
32,1990,16,9,NaN,NaN,NaN,0,0,1,1,0,1
32,1990,690,5,NaN,NaN,NaN,0,0,1,1,0,21
33,1990,1584,20,NaN,NaN,NaN,0,2.68020784076787,1,1,0,0
33,1990,308,15,NaN,NaN,NaN,0,4.21774241458995,1,1,1,3
33,1990,976,19,NaN,NaN,NaN,0,0,1,1,0,0
33,1990,333,11,NaN,NaN,NaN,0,0,1,1,0,6
33,1990,766,11,NaN,NaN,NaN,0,1.05609422225274,1,1,1,5
33,1990,722,4,NaN,NaN,NaN,0,0,1,1,0,19
33,1990,368,21,NaN,NaN,NaN,0,0,1,1,0,15
33,1990,1130,21,NaN,NaN,NaN,0,3.92907206080258,1,1,1,22
33,1990,67,14,NaN,NaN,NaN,0,0,1,1,0,0
33,1990,813,13,NaN,NaN,NaN,0,0,1,1,0,4
33,1990,276,20,NaN,NaN,NaN,0,0,1,1,0,15
33,1990,44,11,NaN,NaN,NaN,0,0,1,1,0,14
33,1990,769,16,NaN,NaN,NaN,0,0,1,1,0,12
33,1990,144,18,NaN,NaN,NaN,0,0,1,1,0,1
33,1990,508,1,NaN,NaN,NaN,0,0,1,1,0,0
33,1990,1229,15,NaN,NaN,NaN,0,0,1,1,0,21
33,1990,300,4,NaN,NaN,NaN,0,0,1,1,0,9
33,1990,1483,18,NaN,NaN,NaN,0,0,1,1,0,1
33,1990,323,10,NaN,NaN,NaN,0,5.88596423152115,1,1,1,2
33,1990,1305,13,NaN,NaN,NaN,0,5.66628030294207,1,1,1,9
33,1990,850,3,NaN,NaN,NaN,0,0,1,1,0,0
33,1990,738,3,NaN,NaN,NaN,0,4.71356567935288,1,1,1,11
33,1990,541,18,NaN,NaN,NaN,0,0,1,1,0,0
33,1990,245,21,NaN,NaN,NaN,0,0,1,1,0,16
33,1990,1280,22,NaN,NaN,NaN,0,0,1,1,0,0
33,1990,1227,6,NaN,NaN,NaN,0,0,1,1,0,0
33,1990,1345,12,NaN,NaN,NaN,0,0,1,0,0,0
33,1990,1599,21,NaN,NaN,NaN,0,3.01806014743217,1,1,0,0
33,1990,1196,20,NaN,NaN,NaN,0,0,1,1,0,13
33,1990,858,9,NaN,NaN,NaN,0,0,1,1,0,15
33,1990,1264,4,NaN,NaN,NaN,0,0,1,1,0,3
33,1990,595,1,NaN,NaN,NaN,0,0,1,1,0,6
33,1990,78,6,NaN,NaN,NaN,0,0,1,1,0,2
33,1990,1448,19,NaN,NaN,NaN,0,0,1,1,0,0
33,1990,444,18,NaN,NaN,NaN,0,0,1,1,0,4
33,1990,763,16,NaN,NaN,NaN,0,0,1,0,0,0
33,1990,811,17,NaN,NaN,NaN,0,0,1,1,0,0
33,1990,1465,9,NaN,NaN,NaN,0,0,1,1,0,0
33,1990,1124,7,NaN,NaN,NaN,0,2.1632565763343,1,1,1,16
33,1990,1396,16,NaN,NaN,NaN,0,0,1,1,0,21
33,1990,1394,1,NaN,NaN,NaN,0,0,1,1,0,16
33,1990,427,20,NaN,NaN,NaN,0,0,1,1,0,0
33,1990,500,5,NaN,NaN,NaN,0,0,1,1,0,1
33,1990,1457,7,NaN,NaN,NaN,0,5.25728672382093,1,1,1,17
33,1990,1122,13,NaN,NaN,NaN,0,0,1,1,0,18
33,1990,390,21,NaN,NaN,NaN,0,0,1,1,0,16
33,1990,250,22,NaN,NaN,NaN,0,6.69613631714731,1,1,1,9
33,1990,142,20,NaN,NaN,NaN,0,0,1,1,0,0
33,1990,800,17,NaN,NaN,NaN,0,0,1,1,0,0
33,1990,625,1,NaN,NaN,NaN,0,0.371337959664813,1,1,0,18
33,1990,170,7,NaN,NaN,NaN,0,6.20626091417485,1,0,0,6
33,1990,593,10,NaN,NaN,NaN,0,0,1,1,0,5
33,1990,48,16,NaN,NaN,NaN,0,0,1,1,0,22
33,1990,151,17,NaN,NaN,NaN,0,0,1,1,0,4
33,1990,1121,11,NaN,NaN,NaN,0,0,1,1,0,8
33,1990,544,1,NaN,NaN,NaN,0,5.75381176619877,1,1,1,19
33,1990,907,16,NaN,NaN,NaN,0,6.94735182759091,1,1,1,9
33,1990,568,16,NaN,NaN,NaN,0,0,1,1,0,13
33,1990,1199,16,NaN,NaN,NaN,0,0,1,1,0,21
33,1990,1186,12,NaN,NaN,NaN,0,0,1,1,0,1
33,1990,174,18,NaN,NaN,NaN,0,2.05412271510787,1,1,1,16
33,1990,1279,15,NaN,NaN,NaN,0,0,1,1,0,1
33,1990,255,19,NaN,NaN,NaN,0,0,1,1,0,6
33,1990,1043,11,NaN,NaN,NaN,0,0,1,1,0,13
33,1990,803,1,NaN,NaN,NaN,0,0,1,1,0,0
33,1990,634,14,NaN,NaN,NaN,0,3.63276243997456,1,1,1,21
33,1990,16,1,NaN,NaN,NaN,0,0,1,1,0,0
33,1990,267,16,NaN,NaN,NaN,0,0,1,1,0,10
33,1990,1222,9,NaN,NaN,NaN,0,4.90580782479626,1,1,1,11
33,1990,1195,1,NaN,NaN,NaN,0,0,1,1,0,7
33,1990,767,15,NaN,NaN,NaN,0,0,1,1,0,5
33,1990,1169,17,NaN,NaN,NaN,0,0,1,1,0,0
33,1990,138,2,NaN,NaN,NaN,0,0,1,1,0,14
33,1990,1003,7,NaN,NaN,NaN,0,0,1,1,0,0
33,1990,607,3,NaN,NaN,NaN,0,0,1,1,0,21
33,1990,183,12,NaN,NaN,NaN,0,0,1,1,0,0
33,1990,403,7,NaN,NaN,NaN,0,0,1,1,0,13
33,1990,1356,6,NaN,NaN,NaN,0,1.54454814109886,1,1,1,1
33,1990,27,20,NaN,NaN,NaN,0,5.51858083855492,1,1,1,21
33,1990,815,3,NaN,NaN,NaN,0,0,1,1,0,0
33,1990,347,19,NaN,NaN,NaN,0,0,1,1,0,0
33,1990,120,20,NaN,NaN,NaN,0,0,1,1,0,13
33,1990,1497,7,NaN,NaN,NaN,0,0.750638603660251,1,1,1,18
33,1990,1312,21,NaN,NaN,NaN,0,0,1,1,0,0
33,1990,985,10,NaN,NaN,NaN,0,0,1,1,0,0
33,1990,1449,20,NaN,NaN,NaN,0,0,1,1,0,18
33,1990,346,21,NaN,NaN,NaN,0,0,1,1,0,0
33,1990,925,6,NaN,NaN,NaN,0,0,1,1,0,0
33,1990,461,13,NaN,NaN,NaN,0,0,1,1,0,2
33,1990,162,14,NaN,NaN,NaN,0,0,1,1,0,4
33,1990,272,6,NaN,NaN,NaN,0,0,1,1,0,8
33,1990,931,8,NaN,NaN,NaN,0,0,1,1,0,13
33,1990,534,18,NaN,NaN,NaN,0,0,1,1,0,0
33,1990,1107,5,NaN,NaN,NaN,0,0,1,1,0,13
33,1990,792,12,NaN,NaN,NaN,0,0,1,1,0,0
33,1990,210,12,NaN,NaN,NaN,0,0,1,1,0,0
33,1990,1215,21,NaN,NaN,NaN,0,2.40737471180611,1,1,1,22
33,1990,282,9,NaN,NaN,NaN,0,7.55976134860261,1,1,1,1
33,1990,310,8,NaN,NaN,NaN,0,0,1,1,0,0
33,1990,801,12,NaN,NaN,NaN,0,0,1,1,0,0
33,1990,1477,8,NaN,NaN,NaN,0,0,1,1,0,12
33,1990,485,12,NaN,NaN,NaN,0,5.22004932003522,1,1,1,18
33,1990,776,9,NaN,NaN,NaN,0,0,1,1,0,0
33,1990,501,10,NaN,NaN,NaN,0,0,1,1,0,0
33,1990,1113,5,NaN,NaN,NaN,0,0,1,1,0,3
33,1990,1439,9,NaN,NaN,NaN,0,0,1,1,0,0
33,1990,671,13,NaN,NaN,NaN,0,0,1,1,0,1
33,1990,922,21,NaN,NaN,NaN,0,0,1,1,0,0
33,1990,545,15,NaN,NaN,NaN,0,0,1,1,0,16
33,1990,20,11,NaN,NaN,NaN,0,0,1,1,0,4
33,1990,487,9,NaN,NaN,NaN,0,0,1,1,0,18
33,1990,1368,17,NaN,NaN,NaN,0,1.53047739156458,1,0,0,0
33,1990,185,6,NaN,NaN,NaN,0,0,1,1,0,8
33,1990,1144,14,NaN,NaN,NaN,0,7.20026194383462,1,1,1,11
33,1990,1038,21,NaN,NaN,NaN,0,1.57110746335646,1,1,1,9
33,1990,554,5,NaN,NaN,NaN,0,0,1,1,0,0
33,1990,96,5,NaN,NaN,NaN,0,2.66733232888909,1,1,1,6
33,1990,128,11,NaN,NaN,NaN,0,4.46985867761368,1,1,1,1
33,1990,729,8,NaN,NaN,NaN,0,0,1,1,0,2
33,1990,410,8,NaN,NaN,NaN,0,0,1,1,0,19
33,1990,1598,21,NaN,NaN,NaN,0,4.96939968999652,1,1,0,0
33,1990,978,15,NaN,NaN,NaN,0,0,1,1,0,0
33,1990,243,12,NaN,NaN,NaN,0,0,1,1,0,20
33,1990,102,19,NaN,NaN,NaN,0,5.38542822436994,1,1,0,0
33,1990,1364,9,NaN,NaN,NaN,0,0,1,1,0,21
33,1990,1034,18,NaN,NaN,NaN,0,0,1,1,0,16
33,1990,1391,1,NaN,NaN,NaN,0,0,1,1,0,0
33,1990,1441,13,NaN,NaN,NaN,0,0,1,1,0,22
33,1990,821,13,NaN,NaN,NaN,0,0,1,1,0,6
33,1990,1008,13,NaN,NaN,NaN,0,5.87993318309395,1,0,0,0
33,1990,372,8,NaN,NaN,NaN,0,0,1,1,0,1
33,1990,1240,13,NaN,NaN,NaN,0,0,1,1,0,0
33,1990,233,18,NaN,NaN,NaN,0,0,1,1,0,13
33,1990,887,6,NaN,NaN,NaN,0,0,1,1,0,0
33,1990,968,1,NaN,NaN,NaN,0,0,1,1,0,0
33,1990,253,16,NaN,NaN,NaN,0,0,1,1,0,9
33,1990,156,1,NaN,NaN,NaN,0,0,1,1,0,0
33,1990,296,10,NaN,NaN,NaN,0,4.00076898015969,1,1,1,16
33,1990,47,18,NaN,NaN,NaN,0,0,1,1,0,0
33,1990,278,9,NaN,NaN,NaN,0,0,1,1,0,12
33,1990,745,18,NaN,NaN,NaN,0,0,1,1,0,0
33,1990,87,17,NaN,NaN,NaN,0,0.420600315742052,1,1,0,0
33,1990,247,20,NaN,NaN,NaN,0,0,1,1,0,10
33,1990,389,4,NaN,NaN,NaN,0,0,1,1,0,0
33,1990,1021,12,NaN,NaN,NaN,0,0,1,1,0,7
33,1990,1268,6,NaN,NaN,NaN,0,0,1,1,0,7
33,1990,569,7,NaN,NaN,NaN,0,2.77368088369804,1,1,1,10
33,1990,1535,21,NaN,NaN,NaN,0,2.60293311919755,1,1,0,0
33,1990,86,9,NaN,NaN,NaN,0,0,1,1,0,4
33,1990,447,7,NaN,NaN,NaN,0,5.07938968350357,1,1,1,3
33,1990,956,3,NaN,NaN,NaN,0,0,1,1,0,18
33,1990,134,18,NaN,NaN,NaN,0,6.47619157762867,1,1,1,1
33,1990,376,18,NaN,NaN,NaN,0,0,1,1,0,16
33,1990,12,15,NaN,NaN,NaN,0,0,1,1,0,22
33,1990,182,17,NaN,NaN,NaN,0,0,1,1,0,0
33,1990,1178,17,NaN,NaN,NaN,0,0,1,1,0,16
33,1990,106,17,NaN,NaN,NaN,0,0,1,1,0,0
33,1990,1024,17,NaN,NaN,NaN,0,0,1,1,0,0
33,1990,1580,19,NaN,NaN,NaN,0,2.99282379470626,1,1,0,0
33,1990,1271,16,NaN,NaN,NaN,0,0,1,1,0,13
33,1990,690,21,NaN,NaN,NaN,0,0,1,1,0,0
33,1990,80,22,NaN,NaN,NaN,0,0,1,1,0,0
34,1991,1535,21,NaN,NaN,NaN,0,2.60293311919755,1,1,0,0
34,1991,634,21,NaN,NaN,NaN,0,0,1,0,0,14
34,1991,1222,11,NaN,NaN,NaN,0,0,1,0,0,15
34,1991,1196,13,NaN,NaN,NaN,0,0,1,1,0,0
34,1991,1394,16,NaN,NaN,NaN,0,0,1,1,0,0
34,1991,1021,7,NaN,NaN,NaN,0,0,1,1,0,0
34,1991,1439,9,NaN,NaN,NaN,0,0,1,1,0,6
34,1991,1279,1,NaN,NaN,NaN,0,0,1,1,0,11
34,1991,162,4,NaN,NaN,NaN,0,0,1,1,0,6
34,1991,1195,7,NaN,NaN,NaN,0,0,1,1,0,0
34,1991,801,12,NaN,NaN,NaN,0,0,1,1,0,11
34,1991,1441,22,NaN,NaN,NaN,0,0,1,1,0,18
34,1991,128,1,NaN,NaN,NaN,0,0,1,0,0,11
34,1991,1199,21,NaN,NaN,NaN,0,0,1,1,0,18
34,1991,333,6,NaN,NaN,NaN,0,0,1,1,0,3
34,1991,769,12,NaN,NaN,NaN,0,0,1,1,0,0
34,1991,255,6,NaN,NaN,NaN,0,0,1,1,0,2
34,1991,792,12,NaN,NaN,NaN,0,0,1,1,0,0
34,1991,569,10,NaN,NaN,NaN,0,0,1,0,0,14
34,1991,170,6,NaN,NaN,NaN,0,6.20626091417485,1,0,0,19
34,1991,1024,17,NaN,NaN,NaN,0,0,1,1,0,21
34,1991,722,19,NaN,NaN,NaN,0,0,1,1,0,17
34,1991,267,10,NaN,NaN,NaN,0,0,1,1,0,1
34,1991,738,11,NaN,NaN,NaN,0,0,1,0,0,3
34,1991,1268,7,NaN,NaN,NaN,0,0,1,1,0,0
34,1991,593,5,NaN,NaN,NaN,0,0,1,1,0,0
34,1991,545,16,NaN,NaN,NaN,0,0,1,1,0,11
34,1991,1364,21,NaN,NaN,NaN,0,0,1,1,0,3
34,1991,253,9,NaN,NaN,NaN,0,0,1,1,0,13
34,1991,182,17,NaN,NaN,NaN,0,0,1,1,0,0
34,1991,1271,13,NaN,NaN,NaN,0,0,1,1,0,22
34,1991,427,20,NaN,NaN,NaN,0,0,1,1,0,15
34,1991,278,12,NaN,NaN,NaN,0,0,1,1,0,0
34,1991,144,1,NaN,NaN,NaN,0,0,1,1,0,15
34,1991,690,21,NaN,NaN,NaN,0,0,1,1,0,0
34,1991,1598,21,NaN,NaN,NaN,0,4.96939968999652,1,1,0,0
34,1991,1584,20,NaN,NaN,NaN,0,2.68020784076787,1,1,0,0
34,1991,16,1,NaN,NaN,NaN,0,0,1,1,0,0
34,1991,1497,18,NaN,NaN,NaN,0,0,1,0,0,0
34,1991,250,9,NaN,NaN,NaN,0,0,1,0,0,7
34,1991,821,6,NaN,NaN,NaN,0,0,1,1,0,20
34,1991,243,20,NaN,NaN,NaN,0,0,1,1,0,1
34,1991,47,18,NaN,NaN,NaN,0,0,1,1,0,9
34,1991,12,22,NaN,NaN,NaN,0,0,1,1,0,0
34,1991,87,17,NaN,NaN,NaN,0,0.420600315742052,1,1,0,21
34,1991,1215,22,NaN,NaN,NaN,0,0,1,0,0,21
34,1991,1477,12,NaN,NaN,NaN,0,0,1,1,0,19
34,1991,80,22,NaN,NaN,NaN,0,0,1,1,0,13
34,1991,1122,18,NaN,NaN,NaN,0,0,1,1,0,0
34,1991,245,16,NaN,NaN,NaN,0,0,1,1,0,14
34,1991,800,17,NaN,NaN,NaN,0,0,1,1,0,7
34,1991,1449,18,NaN,NaN,NaN,0,0,1,1,0,0
34,1991,1345,12,NaN,NaN,NaN,0,0,1,0,0,3
34,1991,372,1,NaN,NaN,NaN,0,0,1,1,0,15
34,1991,1034,16,NaN,NaN,NaN,0,0,1,1,0,9
34,1991,568,13,NaN,NaN,NaN,0,0,1,1,0,22
34,1991,1144,11,NaN,NaN,NaN,0,0,1,0,0,10
34,1991,500,1,NaN,NaN,NaN,0,0,1,1,0,16
34,1991,766,5,NaN,NaN,NaN,0,0,1,0,0,20
34,1991,86,4,NaN,NaN,NaN,0,0,1,1,0,0
34,1991,1465,9,NaN,NaN,NaN,0,0,1,1,0,17
34,1991,410,19,NaN,NaN,NaN,0,0,1,1,0,18
34,1991,487,18,NaN,NaN,NaN,0,0,1,1,0,17
34,1991,210,12,NaN,NaN,NaN,0,0,1,1,0,0
34,1991,444,4,NaN,NaN,NaN,0,0,1,1,0,13
34,1991,1124,16,NaN,NaN,NaN,0,0,1,0,0,0
34,1991,811,17,NaN,NaN,NaN,0,0,1,1,0,0
34,1991,1169,17,NaN,NaN,NaN,0,0,1,1,0,0
34,1991,185,8,NaN,NaN,NaN,0,0,1,1,0,11
34,1991,554,5,NaN,NaN,NaN,0,0,1,1,0,1
34,1991,447,3,NaN,NaN,NaN,0,0,1,0,0,0
34,1991,1448,19,NaN,NaN,NaN,0,0,1,1,0,0
34,1991,308,3,NaN,NaN,NaN,0,0,1,0,0,15
34,1991,174,16,NaN,NaN,NaN,0,0,1,0,0,18
34,1991,1008,13,NaN,NaN,NaN,0,5.87993318309395,1,0,0,0
34,1991,120,13,NaN,NaN,NaN,0,0,1,1,0,3
34,1991,67,14,NaN,NaN,NaN,0,0,1,1,0,0
34,1991,729,2,NaN,NaN,NaN,0,0,1,1,0,12
34,1991,813,4,NaN,NaN,NaN,0,0,1,1,0,0
34,1991,1391,1,NaN,NaN,NaN,0,0,1,1,0,0
34,1991,403,13,NaN,NaN,NaN,0,0,1,1,0,4
34,1991,968,1,NaN,NaN,NaN,0,0,1,1,0,0
34,1991,501,10,NaN,NaN,NaN,0,0,1,1,0,9
34,1991,44,14,NaN,NaN,NaN,0,0,1,1,0,11
34,1991,1264,3,NaN,NaN,NaN,0,0,1,1,0,17
34,1991,671,1,NaN,NaN,NaN,0,0,1,1,0,0
34,1991,27,21,NaN,NaN,NaN,0,0,1,0,0,20
34,1991,541,18,NaN,NaN,NaN,0,0,1,1,0,0
34,1991,20,4,NaN,NaN,NaN,0,0,1,1,0,1
34,1991,346,21,NaN,NaN,NaN,0,0,1,1,0,20
34,1991,323,2,NaN,NaN,NaN,0,0,1,0,0,10
34,1991,978,15,NaN,NaN,NaN,0,0,1,1,0,12
34,1991,1003,7,NaN,NaN,NaN,0,0,1,1,0,19
34,1991,233,13,NaN,NaN,NaN,0,0,1,1,0,2
34,1991,508,1,NaN,NaN,NaN,0,0,1,1,0,17
34,1991,1130,22,NaN,NaN,NaN,0,0,1,0,0,0
34,1991,1457,17,NaN,NaN,NaN,0,0,1,0,0,7
34,1991,389,4,NaN,NaN,NaN,0,0,1,1,0,0
34,1991,625,18,NaN,NaN,NaN,0,0.371337959664813,1,1,0,14
34,1991,850,3,NaN,NaN,NaN,0,0,1,1,0,0
34,1991,1280,22,NaN,NaN,NaN,0,0,1,1,0,0
34,1991,1396,21,NaN,NaN,NaN,0,0,1,1,0,15
34,1991,1580,19,NaN,NaN,NaN,0,2.99282379470626,1,1,0,0
34,1991,976,19,NaN,NaN,NaN,0,0,1,1,0,0
34,1991,907,9,NaN,NaN,NaN,0,0,1,0,0,21
34,1991,534,18,NaN,NaN,NaN,0,0,1,1,0,0
34,1991,1356,1,NaN,NaN,NaN,0,0,1,0,0,9
34,1991,1038,9,NaN,NaN,NaN,0,0,1,0,0,10
34,1991,858,15,NaN,NaN,NaN,0,0,1,1,0,12
34,1991,776,9,NaN,NaN,NaN,0,0,1,1,0,1
34,1991,390,16,NaN,NaN,NaN,0,0,1,1,0,0
34,1991,1113,3,NaN,NaN,NaN,0,0,1,1,0,0
34,1991,1599,21,NaN,NaN,NaN,0,3.01806014743217,1,1,0,0
34,1991,138,14,NaN,NaN,NaN,0,0,1,1,0,0
34,1991,1312,21,NaN,NaN,NaN,0,0,1,1,0,8
34,1991,544,19,NaN,NaN,NaN,0,0,1,0,0,1
34,1991,276,15,NaN,NaN,NaN,0,0,1,1,0,0
34,1991,48,22,NaN,NaN,NaN,0,0,1,1,0,18
34,1991,461,2,NaN,NaN,NaN,0,0,1,1,0,18
34,1991,1178,16,NaN,NaN,NaN,0,0,1,1,0,20
34,1991,767,5,NaN,NaN,NaN,0,0,1,1,0,3
34,1991,272,8,NaN,NaN,NaN,0,0,1,1,0,9
34,1991,745,18,NaN,NaN,NaN,0,0,1,1,0,12
34,1991,595,6,NaN,NaN,NaN,0,0,1,1,0,1
34,1991,1107,13,NaN,NaN,NaN,0,0,1,1,0,21
34,1991,607,21,NaN,NaN,NaN,0,0,1,1,0,17
34,1991,96,6,NaN,NaN,NaN,0,0,1,0,0,0
34,1991,763,16,NaN,NaN,NaN,0,0,1,0,0,0
34,1991,347,19,NaN,NaN,NaN,0,0,1,1,0,0
34,1991,102,19,NaN,NaN,NaN,0,5.38542822436994,1,1,0,0
34,1991,1229,21,NaN,NaN,NaN,0,0,1,1,0,22
34,1991,368,15,NaN,NaN,NaN,0,0,1,1,0,22
34,1991,1240,13,NaN,NaN,NaN,0,0,1,1,0,0
34,1991,1043,13,NaN,NaN,NaN,0,0,1,1,0,2
34,1991,1227,6,NaN,NaN,NaN,0,0,1,1,0,0
34,1991,1368,17,NaN,NaN,NaN,0,1.53047739156458,1,0,0,0
34,1991,922,21,NaN,NaN,NaN,0,0,1,1,0,0
34,1991,956,18,NaN,NaN,NaN,0,0,1,1,0,20
34,1991,134,1,NaN,NaN,NaN,0,0,1,0,0,0
34,1991,78,2,NaN,NaN,NaN,0,0,1,1,0,12
34,1991,376,16,NaN,NaN,NaN,0,0,1,1,0,6
34,1991,142,20,NaN,NaN,NaN,0,0,1,1,0,5
34,1991,1305,9,NaN,NaN,NaN,0,0,1,0,0,13
34,1991,300,9,NaN,NaN,NaN,0,0,1,1,0,3
34,1991,1186,1,NaN,NaN,NaN,0,0,1,1,0,20
34,1991,183,12,NaN,NaN,NaN,0,0,1,1,0,0
34,1991,310,8,NaN,NaN,NaN,0,0,1,1,0,0
34,1991,247,10,NaN,NaN,NaN,0,0,1,1,0,22
34,1991,803,1,NaN,NaN,NaN,0,0,1,1,0,14
34,1991,106,17,NaN,NaN,NaN,0,0,1,1,0,0
34,1991,151,4,NaN,NaN,NaN,0,0,1,1,0,1
34,1991,985,10,NaN,NaN,NaN,0,0,1,1,0,0
34,1991,925,6,NaN,NaN,NaN,0,0,1,1,0,19
34,1991,931,13,NaN,NaN,NaN,0,0,1,1,0,14
34,1991,296,16,NaN,NaN,NaN,0,0,1,0,0,0
34,1991,485,18,NaN,NaN,NaN,0,0,1,0,0,12
34,1991,887,6,NaN,NaN,NaN,0,0,1,1,0,1
34,1991,282,1,NaN,NaN,NaN,0,0,1,0,0,18
34,1991,156,1,NaN,NaN,NaN,0,0,1,1,0,0
35,1991,308,15,NaN,NaN,NaN,0,0,1,0,0,0
35,1991,1122,18,NaN,NaN,NaN,0,0,1,1,0,21
35,1991,1356,9,NaN,NaN,NaN,0,0,1,0,0,0
35,1991,766,20,NaN,NaN,NaN,0,0,1,0,0,3
35,1991,568,22,NaN,NaN,NaN,0,0,1,1,0,5
35,1991,16,1,NaN,NaN,NaN,0,0,1,1,0,0
35,1991,729,12,NaN,NaN,NaN,0,0,1,1,0,0
35,1991,1144,10,NaN,NaN,NaN,0,0,1,0,0,4
35,1991,1222,15,NaN,NaN,NaN,0,0,1,0,0,16
35,1991,745,12,NaN,NaN,NaN,0,0,1,1,0,20
35,1991,461,18,NaN,NaN,NaN,0,0,1,1,0,22
35,1991,447,3,NaN,NaN,NaN,0,0,1,0,0,18
35,1991,545,11,NaN,NaN,NaN,0,0,1,1,0,20
35,1991,569,14,NaN,NaN,NaN,0,0,1,0,0,0
35,1991,811,17,NaN,NaN,NaN,0,0,1,1,0,0
35,1991,1196,13,NaN,NaN,NaN,0,0,1,1,0,0
35,1991,333,3,NaN,NaN,NaN,0,0,1,1,0,0
35,1991,925,19,NaN,NaN,NaN,0,0,1,1,0,6
35,1991,151,1,NaN,NaN,NaN,0,0,1,1,0,22
35,1991,1024,21,NaN,NaN,NaN,0,0,1,1,0,10
35,1991,485,12,NaN,NaN,NaN,0,0,1,0,0,0
35,1991,738,3,NaN,NaN,NaN,0,0,1,0,0,0
35,1991,67,14,NaN,NaN,NaN,0,0,1,1,0,15
35,1991,792,12,NaN,NaN,NaN,0,0,1,1,0,0
35,1991,634,14,NaN,NaN,NaN,0,0,1,0,0,0
35,1991,1580,19,NaN,NaN,NaN,0,2.99282379470626,1,1,0,0
35,1991,1043,2,NaN,NaN,NaN,0,0,1,1,0,15
35,1991,250,7,NaN,NaN,NaN,0,0,1,0,0,0
35,1991,1229,22,NaN,NaN,NaN,0,0,1,1,0,5
35,1991,1457,7,NaN,NaN,NaN,0,0,1,0,0,0
35,1991,162,6,NaN,NaN,NaN,0,0,1,1,0,18
35,1991,138,14,NaN,NaN,NaN,0,0,1,1,0,21
35,1991,803,14,NaN,NaN,NaN,0,0,1,1,0,0
35,1991,1497,18,NaN,NaN,NaN,0,0,1,0,0,0
35,1991,1477,19,NaN,NaN,NaN,0,0,1,1,0,22
35,1991,931,14,NaN,NaN,NaN,0,0,1,1,0,0
35,1991,156,1,NaN,NaN,NaN,0,0,1,1,0,0
35,1991,276,15,NaN,NaN,NaN,0,0,1,1,0,14
35,1991,722,17,NaN,NaN,NaN,0,0,1,1,0,0
35,1991,1195,7,NaN,NaN,NaN,0,0,1,1,0,9
35,1991,96,6,NaN,NaN,NaN,0,0,1,0,0,0
35,1991,487,17,NaN,NaN,NaN,0,0,1,1,0,0
35,1991,20,1,NaN,NaN,NaN,0,0,1,1,0,16
35,1991,170,19,NaN,NaN,NaN,0,6.20626091417485,1,1,1,15
35,1991,44,11,NaN,NaN,NaN,0,0,1,1,0,13
35,1991,1584,20,NaN,NaN,NaN,0,2.68020784076787,1,1,0,0
35,1991,346,20,NaN,NaN,NaN,0,0,1,1,0,0
35,1991,508,17,NaN,NaN,NaN,0,0,1,1,0,0
35,1991,444,13,NaN,NaN,NaN,0,0,1,1,0,16
35,1991,372,15,NaN,NaN,NaN,0,0,1,1,0,0
35,1991,106,17,NaN,NaN,NaN,0,0,1,1,0,0
35,1991,1598,21,NaN,NaN,NaN,0,4.96939968999652,1,1,0,0
35,1991,347,19,NaN,NaN,NaN,0,0,1,1,0,13
35,1991,769,12,NaN,NaN,NaN,0,0,1,1,0,0
35,1991,86,4,NaN,NaN,NaN,0,0,1,1,0,0
35,1991,247,22,NaN,NaN,NaN,0,0,1,1,0,19
35,1991,185,11,NaN,NaN,NaN,0,0,1,1,0,6
35,1991,1394,16,NaN,NaN,NaN,0,0,1,1,0,22
35,1991,1227,6,NaN,NaN,NaN,0,0,1,1,0,19
35,1991,1034,9,NaN,NaN,NaN,0,0,1,1,0,15
35,1991,985,10,NaN,NaN,NaN,0,0,1,1,0,17
35,1991,800,7,NaN,NaN,NaN,0,0,1,1,0,0
35,1991,1178,20,NaN,NaN,NaN,0,0,1,1,0,0
35,1991,968,1,NaN,NaN,NaN,0,0,1,1,0,0
35,1991,671,1,NaN,NaN,NaN,0,0,1,1,0,13
35,1991,541,18,NaN,NaN,NaN,0,0,1,1,0,5
35,1991,376,6,NaN,NaN,NaN,0,0,1,1,0,10
35,1991,922,21,NaN,NaN,NaN,0,0,1,1,0,0
35,1991,134,1,NaN,NaN,NaN,0,0,1,0,0,0
35,1991,310,8,NaN,NaN,NaN,0,0,1,1,0,7
35,1991,255,2,NaN,NaN,NaN,0,0,1,1,0,12
35,1991,554,1,NaN,NaN,NaN,0,0,1,1,0,5
35,1991,1441,18,NaN,NaN,NaN,0,0,1,1,0,16
35,1991,267,1,NaN,NaN,NaN,0,0,1,1,0,14
35,1991,595,1,NaN,NaN,NaN,0,0,1,1,0,0
35,1991,976,19,NaN,NaN,NaN,0,0,1,1,0,0
35,1991,1391,1,NaN,NaN,NaN,0,0,1,1,0,4
35,1991,534,18,NaN,NaN,NaN,0,0,1,1,0,0
35,1991,27,20,NaN,NaN,NaN,0,0,1,0,0,0
35,1991,1599,21,NaN,NaN,NaN,0,3.01806014743217,1,1,0,0
35,1991,389,4,NaN,NaN,NaN,0,0,1,1,0,0
35,1991,978,12,NaN,NaN,NaN,0,0,1,1,0,15
35,1991,767,3,NaN,NaN,NaN,0,0,1,1,0,12
35,1991,182,17,NaN,NaN,NaN,0,0,1,1,0,0
35,1991,210,12,NaN,NaN,NaN,0,0,1,1,0,0
35,1991,278,12,NaN,NaN,NaN,0,0,1,1,0,0
35,1991,323,10,NaN,NaN,NaN,0,0,1,0,0,0
35,1991,1169,17,NaN,NaN,NaN,0,0,1,1,0,0
35,1991,87,21,NaN,NaN,NaN,0,0.420600315742052,1,1,0,0
35,1991,1240,13,NaN,NaN,NaN,0,0,1,1,0,0
35,1991,1368,17,NaN,NaN,NaN,0,1.53047739156458,1,1,1,5
35,1991,1465,17,NaN,NaN,NaN,0,0,1,1,0,9
35,1991,80,13,NaN,NaN,NaN,0,0,1,1,0,12
35,1991,296,16,NaN,NaN,NaN,0,0,1,0,0,0
35,1991,78,12,NaN,NaN,NaN,0,0,1,1,0,4
35,1991,501,9,NaN,NaN,NaN,0,0,1,1,0,0
35,1991,368,22,NaN,NaN,NaN,0,0,1,1,0,16
35,1991,1268,7,NaN,NaN,NaN,0,0,1,1,0,0
35,1991,1271,22,NaN,NaN,NaN,0,0,1,1,0,4
35,1991,956,20,NaN,NaN,NaN,0,0,1,1,0,8
35,1991,1107,21,NaN,NaN,NaN,0,0,1,1,0,8
35,1991,272,9,NaN,NaN,NaN,0,0,1,1,0,0
35,1991,1264,17,NaN,NaN,NaN,0,0,1,1,0,15
35,1991,1279,11,NaN,NaN,NaN,0,0,1,1,0,12
35,1991,1312,8,NaN,NaN,NaN,0,0,1,1,0,12
35,1991,850,3,NaN,NaN,NaN,0,0,1,1,0,0
35,1991,183,12,NaN,NaN,NaN,0,0,1,1,0,7
35,1991,410,18,NaN,NaN,NaN,0,0,1,1,0,22
35,1991,243,1,NaN,NaN,NaN,0,0,1,1,0,0
35,1991,1535,21,NaN,NaN,NaN,0,2.60293311919755,1,1,0,0
35,1991,47,9,NaN,NaN,NaN,0,0,1,1,0,19
35,1991,142,5,NaN,NaN,NaN,0,0,1,1,0,0
35,1991,1364,3,NaN,NaN,NaN,0,0,1,1,0,0
35,1991,1124,16,NaN,NaN,NaN,0,0,1,0,0,12
35,1991,593,5,NaN,NaN,NaN,0,0,1,1,0,0
35,1991,1199,18,NaN,NaN,NaN,0,0,1,1,0,6
35,1991,245,14,NaN,NaN,NaN,0,0,1,1,0,0
35,1991,813,4,NaN,NaN,NaN,0,0,1,1,0,19
35,1991,128,11,NaN,NaN,NaN,0,0,1,0,0,0
35,1991,120,3,NaN,NaN,NaN,0,0,1,1,0,1
35,1991,1113,3,NaN,NaN,NaN,0,0,1,1,0,1
35,1991,12,22,NaN,NaN,NaN,0,0,1,1,0,0
35,1991,821,20,NaN,NaN,NaN,0,0,1,1,0,0
35,1991,174,18,NaN,NaN,NaN,0,0,1,0,0,0
35,1991,403,4,NaN,NaN,NaN,0,0,1,1,0,7
35,1991,1448,19,NaN,NaN,NaN,0,0,1,1,0,10
35,1991,690,21,NaN,NaN,NaN,0,0,1,1,0,0
35,1991,1003,19,NaN,NaN,NaN,0,0,1,1,0,9
35,1991,1215,21,NaN,NaN,NaN,0,0,1,0,0,0
35,1991,607,17,NaN,NaN,NaN,0,0,1,1,0,0
35,1991,48,18,NaN,NaN,NaN,0,0,1,1,0,15
35,1991,1345,3,NaN,NaN,NaN,0,0,1,1,0,4
35,1991,776,1,NaN,NaN,NaN,0,0,1,1,0,0
35,1991,1021,7,NaN,NaN,NaN,0,0,1,1,0,0
35,1991,858,12,NaN,NaN,NaN,0,0,1,1,0,1
35,1991,544,1,NaN,NaN,NaN,0,0,1,0,0,0
35,1991,282,18,NaN,NaN,NaN,0,0,1,0,0,1
35,1991,1449,18,NaN,NaN,NaN,0,0,1,1,0,0
35,1991,390,16,NaN,NaN,NaN,0,0,1,1,0,12
35,1991,1280,22,NaN,NaN,NaN,0,0,1,1,0,20
35,1991,1186,20,NaN,NaN,NaN,0,0,1,1,0,12
35,1991,427,15,NaN,NaN,NaN,0,0,1,1,0,0
35,1991,907,21,NaN,NaN,NaN,0,0,1,0,0,18
35,1991,253,13,NaN,NaN,NaN,0,0,1,1,0,5
35,1991,144,15,NaN,NaN,NaN,0,0,1,1,0,0
35,1991,1008,13,NaN,NaN,NaN,0,5.87993318309395,1,1,1,18
35,1991,102,19,NaN,NaN,NaN,0,5.38542822436994,1,1,0,0
35,1991,801,11,NaN,NaN,NaN,0,0,1,1,0,5
35,1991,1130,22,NaN,NaN,NaN,0,0,1,0,0,15
35,1991,1439,6,NaN,NaN,NaN,0,0,1,1,0,0
35,1991,625,14,NaN,NaN,NaN,0,0.371337959664813,1,1,0,5
35,1991,887,1,NaN,NaN,NaN,0,0,1,1,0,12
35,1991,233,2,NaN,NaN,NaN,0,0,1,1,0,0
35,1991,500,16,NaN,NaN,NaN,0,0,1,1,0,1
35,1991,1038,10,NaN,NaN,NaN,0,0,1,0,0,11
35,1991,1305,13,NaN,NaN,NaN,0,0,1,0,0,0
35,1991,763,16,NaN,NaN,NaN,0,0,1,0,0,13
36,1991,722,17,NaN,NaN,NaN,0,0,1,1,0,0
36,1991,245,14,NaN,NaN,NaN,0,0,1,1,0,0
36,1991,1240,13,NaN,NaN,NaN,0,0,1,1,0,0
36,1991,976,19,NaN,NaN,NaN,0,0,1,1,0,0
36,1991,296,16,NaN,NaN,NaN,0,0,1,0,0,12
36,1991,607,17,NaN,NaN,NaN,0,0,1,1,0,13
36,1991,233,2,NaN,NaN,NaN,0,0,1,1,0,0
36,1991,1043,15,NaN,NaN,NaN,0,0,1,1,0,1
36,1991,128,11,NaN,NaN,NaN,0,0,1,0,0,0
36,1991,1580,19,NaN,NaN,NaN,0,2.99282379470626,1,1,0,0
36,1991,1008,18,NaN,NaN,NaN,0,0,1,0,0,13
36,1991,569,14,NaN,NaN,NaN,0,0,1,0,0,21
36,1991,738,3,NaN,NaN,NaN,0,0,1,0,0,0
36,1991,595,1,NaN,NaN,NaN,0,0,1,1,0,0
36,1991,1034,15,NaN,NaN,NaN,0,0,1,1,0,9
36,1991,16,1,NaN,NaN,NaN,0,0,1,1,0,5
36,1991,985,17,NaN,NaN,NaN,0,0,1,1,0,0
36,1991,813,19,NaN,NaN,NaN,0,0,1,1,0,14
36,1991,1024,10,NaN,NaN,NaN,0,0,1,1,0,9
36,1991,1222,16,NaN,NaN,NaN,0,0,1,0,0,13
36,1991,1598,21,NaN,NaN,NaN,0,4.96939968999652,1,1,0,0
36,1991,1113,1,NaN,NaN,NaN,0,0,1,1,0,0
36,1991,80,12,NaN,NaN,NaN,0,0,1,1,0,17
36,1991,1107,8,NaN,NaN,NaN,0,0,1,1,0,1
36,1991,1457,7,NaN,NaN,NaN,0,0,1,0,0,0
36,1991,120,1,NaN,NaN,NaN,0,0,1,1,0,0
36,1991,170,15,NaN,NaN,NaN,0,0,1,0,0,0
36,1991,1356,9,NaN,NaN,NaN,0,0,1,0,0,8
36,1991,403,7,NaN,NaN,NaN,0,0,1,1,0,9
36,1991,485,12,NaN,NaN,NaN,0,0,1,0,0,0
36,1991,801,5,NaN,NaN,NaN,0,0,1,1,0,18
36,1991,1394,22,NaN,NaN,NaN,0,0,1,1,0,17
36,1991,185,6,NaN,NaN,NaN,0,0,1,1,0,21
36,1991,544,1,NaN,NaN,NaN,0,0,1,0,0,0
36,1991,821,20,NaN,NaN,NaN,0,0,1,1,0,12
36,1991,1021,7,NaN,NaN,NaN,0,0,1,1,0,0
36,1991,763,13,NaN,NaN,NaN,0,0,1,1,0,16
36,1991,1368,5,NaN,NaN,NaN,0,0,1,0,0,17
36,1991,792,12,NaN,NaN,NaN,0,0,1,1,0,0
36,1991,1279,12,NaN,NaN,NaN,0,0,1,1,0,0
36,1991,1271,4,NaN,NaN,NaN,0,0,1,1,0,0
36,1991,1196,13,NaN,NaN,NaN,0,0,1,1,0,1
36,1991,1038,11,NaN,NaN,NaN,0,0,1,0,0,0
36,1991,444,16,NaN,NaN,NaN,0,0,1,1,0,0
36,1991,144,15,NaN,NaN,NaN,0,0,1,1,0,0
36,1991,887,12,NaN,NaN,NaN,0,0,1,1,0,0
36,1991,1305,13,NaN,NaN,NaN,0,0,1,0,0,0
36,1991,811,17,NaN,NaN,NaN,0,0,1,1,0,0
36,1991,210,12,NaN,NaN,NaN,0,0,1,1,0,11
36,1991,253,5,NaN,NaN,NaN,0,0,1,1,0,0
36,1991,12,22,NaN,NaN,NaN,0,0,1,1,0,21
36,1991,134,1,NaN,NaN,NaN,0,0,1,0,0,18
36,1991,267,14,NaN,NaN,NaN,0,0,1,1,0,12
36,1991,850,3,NaN,NaN,NaN,0,0,1,1,0,0
36,1991,20,16,NaN,NaN,NaN,0,0,1,1,0,18
36,1991,1264,15,NaN,NaN,NaN,0,0,1,1,0,17
36,1991,44,13,NaN,NaN,NaN,0,0,1,1,0,0
36,1991,1439,6,NaN,NaN,NaN,0,0,1,1,0,0
36,1991,96,6,NaN,NaN,NaN,0,0,1,0,0,5
36,1991,487,17,NaN,NaN,NaN,0,0,1,1,0,18
36,1991,1364,3,NaN,NaN,NaN,0,0,1,1,0,0
36,1991,568,5,NaN,NaN,NaN,0,0,1,1,0,7
36,1991,310,7,NaN,NaN,NaN,0,0,1,1,0,8
36,1991,766,3,NaN,NaN,NaN,0,0,1,0,0,0
36,1991,1169,17,NaN,NaN,NaN,0,0,1,1,0,0
36,1991,1477,22,NaN,NaN,NaN,0,0,1,1,0,0
36,1991,1268,7,NaN,NaN,NaN,0,0,1,1,0,11
36,1991,1229,5,NaN,NaN,NaN,0,0,1,1,0,0
36,1991,554,5,NaN,NaN,NaN,0,0,1,1,0,0
36,1991,534,18,NaN,NaN,NaN,0,0,1,1,0,4
36,1991,1199,6,NaN,NaN,NaN,0,0,1,1,0,21
36,1991,1227,19,NaN,NaN,NaN,0,0,1,1,0,6
36,1991,1448,10,NaN,NaN,NaN,0,0,1,1,0,21
36,1991,968,1,NaN,NaN,NaN,0,0,1,1,0,11
36,1991,447,18,NaN,NaN,NaN,0,0,1,0,0,3
36,1991,272,9,NaN,NaN,NaN,0,0,1,1,0,0
36,1991,690,21,NaN,NaN,NaN,0,0,1,1,0,19
36,1991,907,18,NaN,NaN,NaN,0,0,1,0,0,20
36,1991,800,7,NaN,NaN,NaN,0,0,1,1,0,0
36,1991,162,18,NaN,NaN,NaN,0,0,1,1,0,0
36,1991,278,12,NaN,NaN,NaN,0,0,1,1,0,0
36,1991,346,20,NaN,NaN,NaN,0,0,1,1,0,22
36,1991,250,7,NaN,NaN,NaN,0,0,1,0,0,0
36,1991,1280,20,NaN,NaN,NaN,0,0,1,1,0,0
36,1991,323,10,NaN,NaN,NaN,0,0,1,0,0,0
36,1991,1449,18,NaN,NaN,NaN,0,0,1,1,0,12
36,1991,956,8,NaN,NaN,NaN,0,0,1,1,0,13
36,1991,729,12,NaN,NaN,NaN,0,0,1,1,0,0
36,1991,508,17,NaN,NaN,NaN,0,0,1,1,0,4
36,1991,247,19,NaN,NaN,NaN,0,0,1,1,0,14
36,1991,368,16,NaN,NaN,NaN,0,0,1,1,0,14
36,1991,500,1,NaN,NaN,NaN,0,0,1,1,0,2
36,1991,1122,21,NaN,NaN,NaN,0,0,1,1,0,6
36,1991,1391,4,NaN,NaN,NaN,0,0,1,1,0,0
36,1991,1130,15,NaN,NaN,NaN,0,0,1,0,0,0
36,1991,671,13,NaN,NaN,NaN,0,0,1,1,0,0
36,1991,243,1,NaN,NaN,NaN,0,0,1,1,0,0
36,1991,931,14,NaN,NaN,NaN,0,0,1,1,0,0
36,1991,47,19,NaN,NaN,NaN,0,0,1,1,0,3
36,1991,1535,21,NaN,NaN,NaN,0,2.60293311919755,1,1,0,0
36,1991,156,1,NaN,NaN,NaN,0,0,1,1,0,0
36,1991,106,17,NaN,NaN,NaN,0,0,1,1,0,21
36,1991,461,22,NaN,NaN,NaN,0,0,1,1,0,1
36,1991,376,10,NaN,NaN,NaN,0,0,1,1,0,6
36,1991,634,14,NaN,NaN,NaN,0,0,1,0,0,0
36,1991,1345,4,NaN,NaN,NaN,0,0,1,1,0,15
36,1991,1599,21,NaN,NaN,NaN,0,3.01806014743217,1,1,0,0
36,1991,1465,9,NaN,NaN,NaN,0,0,1,1,0,0
36,1991,625,5,NaN,NaN,NaN,0,0.371337959664813,1,1,0,1
36,1991,102,19,NaN,NaN,NaN,0,5.38542822436994,1,1,0,0
36,1991,183,7,NaN,NaN,NaN,0,0,1,1,0,5
36,1991,276,14,NaN,NaN,NaN,0,0,1,1,0,16
36,1991,1441,16,NaN,NaN,NaN,0,0,1,1,0,17
36,1991,390,12,NaN,NaN,NaN,0,0,1,1,0,20
36,1991,78,4,NaN,NaN,NaN,0,0,1,1,0,15
36,1991,978,15,NaN,NaN,NaN,0,0,1,1,0,0
36,1991,922,21,NaN,NaN,NaN,0,0,1,1,0,0
36,1991,182,17,NaN,NaN,NaN,0,0,1,1,0,0
36,1991,767,12,NaN,NaN,NaN,0,0,1,1,0,0
36,1991,1003,9,NaN,NaN,NaN,0,0,1,1,0,0
36,1991,776,1,NaN,NaN,NaN,0,0,1,1,0,0
36,1991,1144,4,NaN,NaN,NaN,0,0,1,0,0,0
36,1991,255,12,NaN,NaN,NaN,0,0,1,1,0,14
36,1991,1124,12,NaN,NaN,NaN,0,0,1,0,0,0
36,1991,803,14,NaN,NaN,NaN,0,0,1,1,0,13
36,1991,87,21,NaN,NaN,NaN,0,0.420600315742052,1,1,0,0
36,1991,1186,12,NaN,NaN,NaN,0,0,1,1,0,18
36,1991,333,3,NaN,NaN,NaN,0,0,1,1,0,21
36,1991,545,20,NaN,NaN,NaN,0,0,1,1,0,2
36,1991,1497,18,NaN,NaN,NaN,0,0,1,0,0,0
36,1991,925,6,NaN,NaN,NaN,0,0,1,1,0,0
36,1991,372,15,NaN,NaN,NaN,0,0,1,1,0,17
36,1991,1178,20,NaN,NaN,NaN,0,0,1,1,0,0
36,1991,174,18,NaN,NaN,NaN,0,0,1,0,0,0
36,1991,151,22,NaN,NaN,NaN,0,0,1,1,0,19
36,1991,282,1,NaN,NaN,NaN,0,0,1,0,0,0
36,1991,1312,12,NaN,NaN,NaN,0,0,1,1,0,18
36,1991,347,13,NaN,NaN,NaN,0,0,1,1,0,0
36,1991,1195,9,NaN,NaN,NaN,0,0,1,1,0,16
36,1991,1215,21,NaN,NaN,NaN,0,0,1,0,0,0
36,1991,1584,20,NaN,NaN,NaN,0,2.68020784076787,1,1,0,0
36,1991,27,20,NaN,NaN,NaN,0,0,1,0,0,0
36,1991,67,15,NaN,NaN,NaN,0,0,1,1,0,13
36,1991,541,5,NaN,NaN,NaN,0,0,1,1,0,11
36,1991,745,20,NaN,NaN,NaN,0,0,1,1,0,1
36,1991,389,4,NaN,NaN,NaN,0,0,1,1,0,0
36,1991,142,5,NaN,NaN,NaN,0,0,1,1,0,0
36,1991,410,22,NaN,NaN,NaN,0,0,1,1,0,3
36,1991,769,12,NaN,NaN,NaN,0,0,1,1,0,0
36,1991,48,15,NaN,NaN,NaN,0,0,1,1,0,22
36,1991,308,15,NaN,NaN,NaN,0,0,1,0,0,0
36,1991,427,15,NaN,NaN,NaN,0,0,1,1,0,0
36,1991,501,9,NaN,NaN,NaN,0,0,1,1,0,4
36,1991,593,5,NaN,NaN,NaN,0,0,1,1,0,0
36,1991,858,1,NaN,NaN,NaN,0,0,1,1,0,0
36,1991,86,4,NaN,NaN,NaN,0,0,1,1,0,5
36,1991,138,21,NaN,NaN,NaN,0,0,1,1,0,6
37,1991,1580,19,NaN,NaN,NaN,0,9.2742028721925,1,1,0,0
37,1991,634,14,NaN,NaN,NaN,0,5.10884870214682,1,1,1,15
37,1991,607,13,NaN,NaN,NaN,0,0,1,1,0,10
37,1991,485,12,NaN,NaN,NaN,0,8.04119006088284,1,1,1,17
37,1991,593,5,NaN,NaN,NaN,0,4.23016211466345,1,1,1,6
37,1991,671,13,NaN,NaN,NaN,0,0,1,1,0,18
37,1991,1169,17,NaN,NaN,NaN,0,0,1,1,0,0
37,1991,1034,9,NaN,NaN,NaN,0,0,1,1,0,0
37,1991,267,12,NaN,NaN,NaN,0,0,1,1,0,13
37,1991,1457,7,NaN,NaN,NaN,0,7.10712914998747,1,1,1,14
37,1991,12,21,NaN,NaN,NaN,0,0,1,1,0,22
37,1991,447,3,NaN,NaN,NaN,0,7.34420949983659,1,1,1,22
37,1991,1038,11,NaN,NaN,NaN,0,0,1,1,0,1
37,1991,444,16,NaN,NaN,NaN,0,0,1,1,0,15
37,1991,389,4,NaN,NaN,NaN,0,5.37145543243087,1,1,1,3
37,1991,625,1,NaN,NaN,NaN,0,0,1,1,0,17
37,1991,278,12,NaN,NaN,NaN,0,7.31992356913822,1,1,1,21
37,1991,247,14,NaN,NaN,NaN,0,0,1,1,0,7
37,1991,792,12,NaN,NaN,NaN,0,0.412489211450704,1,1,0,0
37,1991,500,2,NaN,NaN,NaN,0,0,1,1,0,1
37,1991,296,12,NaN,NaN,NaN,0,0.950029061763854,1,1,1,16
37,1991,925,6,NaN,NaN,NaN,0,0,1,1,0,19
37,1991,776,1,NaN,NaN,NaN,0,0.781114856570601,1,1,1,2
37,1991,1312,18,NaN,NaN,NaN,0,0,1,1,0,16
37,1991,501,4,NaN,NaN,NaN,0,0.511627814488137,1,1,0,9
37,1991,44,13,NaN,NaN,NaN,0,0,1,1,0,18
37,1991,1271,4,NaN,NaN,NaN,0,0,1,1,0,7
37,1991,1222,13,NaN,NaN,NaN,0,1.23613459068219,1,1,1,17
37,1991,427,15,NaN,NaN,NaN,0,0,1,1,0,0
37,1991,403,9,NaN,NaN,NaN,0,1.43419958232793,1,1,1,4
37,1991,569,21,NaN,NaN,NaN,0,0,1,1,0,8
37,1991,323,10,NaN,NaN,NaN,0,7.94497384213516,1,1,1,7
37,1991,174,18,NaN,NaN,NaN,0,5.77071593080779,1,1,1,4
37,1991,1268,11,NaN,NaN,NaN,0,0,1,1,0,13
37,1991,801,18,NaN,NaN,NaN,0,0,1,1,0,11
37,1991,487,18,NaN,NaN,NaN,0,0,1,1,0,0
37,1991,803,13,NaN,NaN,NaN,0,0,1,1,0,15
37,1991,554,5,NaN,NaN,NaN,0,0,1,1,0,0
37,1991,96,5,NaN,NaN,NaN,0,5.60363099513276,1,1,1,17
37,1991,310,8,NaN,NaN,NaN,0,0,1,1,0,7
37,1991,48,22,NaN,NaN,NaN,0,0,1,1,0,6
37,1991,1448,21,NaN,NaN,NaN,0,0,1,1,0,0
37,1991,86,5,NaN,NaN,NaN,0,0,1,1,0,22
37,1991,811,17,NaN,NaN,NaN,0,0,1,1,0,0
37,1991,1178,20,NaN,NaN,NaN,0,0,1,1,0,0
37,1991,67,13,NaN,NaN,NaN,0,0,1,1,0,0
37,1991,1124,12,NaN,NaN,NaN,0,6.261805259202,1,1,1,5
37,1991,1279,12,NaN,NaN,NaN,0,0,1,1,0,5
37,1991,1441,17,NaN,NaN,NaN,0,0,1,1,0,12
37,1991,144,15,NaN,NaN,NaN,0,0,1,1,0,1
37,1991,1196,1,NaN,NaN,NaN,0,0,1,1,0,17
37,1991,850,3,NaN,NaN,NaN,0,0,1,1,0,0
37,1991,821,12,NaN,NaN,NaN,0,0,1,1,0,0
37,1991,346,22,NaN,NaN,NaN,0,0,1,1,0,0
37,1991,729,12,NaN,NaN,NaN,0,0,1,1,0,3
37,1991,1497,18,NaN,NaN,NaN,0,4.61522114221836,1,1,1,15
37,1991,976,19,NaN,NaN,NaN,0,1.66287645864684,1,1,1,14
37,1991,1122,6,NaN,NaN,NaN,0,0,1,1,0,15
37,1991,410,3,NaN,NaN,NaN,0,1.97931703702895,1,1,1,11
37,1991,931,14,NaN,NaN,NaN,0,0,1,1,0,15
37,1991,128,11,NaN,NaN,NaN,0,5.0557681566268,1,1,1,1
37,1991,1144,4,NaN,NaN,NaN,0,3.83983538729229,1,1,1,11
37,1991,182,17,NaN,NaN,NaN,0,0,1,1,0,0
37,1991,1439,6,NaN,NaN,NaN,0,2.85305964941696,1,1,1,13
37,1991,922,21,NaN,NaN,NaN,0,0,1,1,0,0
37,1991,1240,13,NaN,NaN,NaN,0,0,1,1,0,22
37,1991,47,3,NaN,NaN,NaN,0,0,1,1,0,20
37,1991,276,16,NaN,NaN,NaN,0,0,1,1,0,0
37,1991,956,13,NaN,NaN,NaN,0,0,1,1,0,4
37,1991,1394,17,NaN,NaN,NaN,0,0,1,1,0,21
37,1991,1186,18,NaN,NaN,NaN,0,0,1,1,0,3
37,1991,1280,20,NaN,NaN,NaN,0,0.472869060343887,1,1,0,10
37,1991,1227,6,NaN,NaN,NaN,0,0,1,1,0,0
37,1991,78,15,NaN,NaN,NaN,0,0,1,1,0,4
37,1991,156,1,NaN,NaN,NaN,0,3.93777175497903,1,1,1,20
37,1991,1449,12,NaN,NaN,NaN,0,0,1,1,0,17
37,1991,1535,21,NaN,NaN,NaN,0,3.94256928404691,1,1,0,0
37,1991,210,11,NaN,NaN,NaN,0,0,1,1,0,22
37,1991,1021,7,NaN,NaN,NaN,0,3.42041615651482,1,1,1,19
37,1991,745,1,NaN,NaN,NaN,0,0,1,1,0,11
37,1991,534,4,NaN,NaN,NaN,0,0,1,1,0,20
37,1991,243,1,NaN,NaN,NaN,0,0,1,1,0,20
37,1991,595,1,NaN,NaN,NaN,0,0,1,1,0,0
37,1991,541,11,NaN,NaN,NaN,0,0,1,1,0,0
37,1991,1199,21,NaN,NaN,NaN,0,0.0584722795458088,1,1,0,0
37,1991,766,3,NaN,NaN,NaN,0,0,1,1,0,0
37,1991,87,21,NaN,NaN,NaN,0,0,1,1,0,0
37,1991,142,5,NaN,NaN,NaN,0,0,1,1,0,0
37,1991,272,9,NaN,NaN,NaN,0,0,1,1,0,11
37,1991,1024,9,NaN,NaN,NaN,0,5.1712691213096,1,1,1,3
37,1991,253,5,NaN,NaN,NaN,0,0,1,1,0,0
37,1991,106,21,NaN,NaN,NaN,0,0,1,1,0,4
37,1991,968,11,NaN,NaN,NaN,0,0,1,1,0,1
37,1991,368,14,NaN,NaN,NaN,0,0,1,1,0,8
37,1991,1195,16,NaN,NaN,NaN,0,1.6225785878646,1,1,1,21
37,1991,763,16,NaN,NaN,NaN,0,0.386196744305315,1,1,0,21
37,1991,1356,8,NaN,NaN,NaN,0,3.54854902853599,1,1,1,18
37,1991,813,14,NaN,NaN,NaN,0,0,1,1,0,0
37,1991,16,5,NaN,NaN,NaN,0,0,1,1,0,1
37,1991,372,17,NaN,NaN,NaN,0,0,1,1,0,20
37,1991,461,1,NaN,NaN,NaN,0,0,1,1,0,0
37,1991,183,5,NaN,NaN,NaN,0,0,1,1,0,0
37,1991,1345,15,NaN,NaN,NaN,0,4.13765035528506,1,1,1,22
37,1991,1003,9,NaN,NaN,NaN,0,1.05665870262668,1,1,1,2
37,1991,255,14,NaN,NaN,NaN,0,1.76535710660101,1,1,1,12
37,1991,233,2,NaN,NaN,NaN,0,0,1,1,0,13
37,1991,308,15,NaN,NaN,NaN,0,6.30299587911635,1,1,1,3
37,1991,1368,17,NaN,NaN,NaN,0,6.29546667795832,1,0,0,0
37,1991,151,19,NaN,NaN,NaN,0,4.05053164663184,1,1,1,7
37,1991,769,12,NaN,NaN,NaN,0,0,1,1,0,0
37,1991,508,4,NaN,NaN,NaN,0,0,1,1,0,17
37,1991,858,1,NaN,NaN,NaN,0,2.058857796226,1,1,1,6
37,1991,20,18,NaN,NaN,NaN,0,0,1,1,0,20
37,1991,568,7,NaN,NaN,NaN,0,0,1,1,0,11
37,1991,1391,4,NaN,NaN,NaN,0,0,1,1,0,16
37,1991,250,7,NaN,NaN,NaN,0,8.26870176906308,1,1,1,11
37,1991,1043,1,NaN,NaN,NaN,0,1.64631277941192,1,1,1,7
37,1991,138,6,NaN,NaN,NaN,0,0,1,1,0,13
37,1991,1364,3,NaN,NaN,NaN,0,0,1,1,0,11
37,1991,1584,20,NaN,NaN,NaN,0,5.82206637531462,1,1,0,0
37,1991,80,17,NaN,NaN,NaN,0,0,1,1,0,13
37,1991,738,3,NaN,NaN,NaN,0,7.56840913913334,1,1,1,4
37,1991,544,1,NaN,NaN,NaN,0,6.54610984684672,1,1,1,15
37,1991,185,21,NaN,NaN,NaN,0,0.461160775292819,1,1,0,0
37,1991,1305,13,NaN,NaN,NaN,0,4.57897261156604,1,1,1,11
37,1991,1477,22,NaN,NaN,NaN,0,0,1,1,0,21
37,1991,245,14,NaN,NaN,NaN,0,0,1,1,0,13
37,1991,27,20,NaN,NaN,NaN,0,5.27128655124691,1,1,1,17
37,1991,1598,21,NaN,NaN,NaN,0,4.02524919469785,1,1,0,0
37,1991,767,12,NaN,NaN,NaN,0,0,1,1,0,3
37,1991,1113,1,NaN,NaN,NaN,0,0,1,1,0,0
37,1991,134,18,NaN,NaN,NaN,0,3.01480511763201,1,1,1,1
37,1991,120,1,NaN,NaN,NaN,0,0,1,1,0,14
37,1991,985,17,NaN,NaN,NaN,0,0,1,1,0,0
37,1991,545,2,NaN,NaN,NaN,0,0,1,1,0,0
37,1991,282,1,NaN,NaN,NaN,0,2.17553810296623,1,1,1,2
37,1991,1008,13,NaN,NaN,NaN,0,7.04122740493394,1,0,0,0
37,1991,390,20,NaN,NaN,NaN,0,0.339940145217591,1,1,0,0
37,1991,800,7,NaN,NaN,NaN,0,0,1,1,0,0
37,1991,170,15,NaN,NaN,NaN,0,6.34170379977851,1,0,0,0
37,1991,1229,5,NaN,NaN,NaN,0,1.38742688245428,1,1,1,3
37,1991,102,19,NaN,NaN,NaN,0,9.96662635444223,1,1,0,0
37,1991,1465,9,NaN,NaN,NaN,0,1.31554911468263,1,1,1,20
37,1991,907,20,NaN,NaN,NaN,0,2.29751685584716,1,1,1,7
37,1991,978,15,NaN,NaN,NaN,0,0,1,1,0,0
37,1991,347,13,NaN,NaN,NaN,0,4.98254991420116,1,1,1,19
37,1991,1264,17,NaN,NaN,NaN,0,0,1,1,0,18
37,1991,1130,15,NaN,NaN,NaN,0,6.69767298379773,1,1,1,13
37,1991,1599,21,NaN,NaN,NaN,0,5.06863494617345,1,1,0,0
37,1991,690,19,NaN,NaN,NaN,0,6.18688378569794,1,1,1,7
37,1991,887,12,NaN,NaN,NaN,0,0,1,1,0,16
37,1991,333,21,NaN,NaN,NaN,0,0,1,1,0,11
37,1991,1215,21,NaN,NaN,NaN,0,0,1,1,0,0
37,1991,722,17,NaN,NaN,NaN,0,0,1,1,0,9
37,1991,376,6,NaN,NaN,NaN,0,0,1,1,0,0
37,1991,162,18,NaN,NaN,NaN,0,0,1,1,0,0
37,1991,1107,1,NaN,NaN,NaN,0,0,1,1,0,0
38,1992,907,7,NaN,NaN,NaN,0,0,1,0,0,9
38,1992,922,21,NaN,NaN,NaN,0,0,1,1,0,0
38,1992,403,4,NaN,NaN,NaN,0,0,1,0,0,9
38,1992,1229,3,NaN,NaN,NaN,0,0,1,0,0,8
38,1992,1199,21,NaN,NaN,NaN,0,0.0584722795458088,1,1,0,0
38,1992,607,10,NaN,NaN,NaN,0,0,1,1,0,0
38,1992,250,11,NaN,NaN,NaN,0,0,1,0,0,20
38,1992,174,4,NaN,NaN,NaN,0,0,1,0,0,6
38,1992,134,1,NaN,NaN,NaN,0,0,1,0,0,17
38,1992,1113,1,NaN,NaN,NaN,0,0,1,1,0,0
38,1992,20,20,NaN,NaN,NaN,0,0,1,1,0,4
38,1992,1043,7,NaN,NaN,NaN,0,0,1,0,0,0
38,1992,821,12,NaN,NaN,NaN,0,0,1,1,0,0
38,1992,447,22,NaN,NaN,NaN,0,0,1,0,0,15
38,1992,310,7,NaN,NaN,NaN,0,0,1,1,0,0
38,1992,183,5,NaN,NaN,NaN,0,0,1,1,0,0
38,1992,1279,5,NaN,NaN,NaN,0,0,1,1,0,21
38,1992,1465,20,NaN,NaN,NaN,0,0,1,0,0,9
38,1992,102,19,NaN,NaN,NaN,0,9.96662635444223,1,1,0,0
38,1992,444,15,NaN,NaN,NaN,0,0,1,1,0,4
38,1992,78,4,NaN,NaN,NaN,0,0,1,1,0,15
38,1992,210,22,NaN,NaN,NaN,0,0,1,1,0,0
38,1992,1196,17,NaN,NaN,NaN,0,0,1,1,0,7
38,1992,1599,21,NaN,NaN,NaN,0,5.06863494617345,1,1,0,0
38,1992,1178,20,NaN,NaN,NaN,0,0,1,1,0,17
38,1992,500,1,NaN,NaN,NaN,0,0,1,1,0,13
38,1992,766,3,NaN,NaN,NaN,0,0,1,1,0,0
38,1992,323,7,NaN,NaN,NaN,0,0,1,0,0,10
38,1992,1305,11,NaN,NaN,NaN,0,0,1,0,0,13
38,1992,86,22,NaN,NaN,NaN,0,0,1,1,0,0
38,1992,1441,12,NaN,NaN,NaN,0,0,1,1,0,4
38,1992,461,1,NaN,NaN,NaN,0,0,1,1,0,22
38,1992,690,7,NaN,NaN,NaN,0,0,1,0,0,20
38,1992,800,7,NaN,NaN,NaN,0,0,1,1,0,0
38,1992,534,20,NaN,NaN,NaN,0,0,1,1,0,11
38,1992,729,3,NaN,NaN,NaN,0,0,1,1,0,0
38,1992,390,20,NaN,NaN,NaN,0,0.339940145217591,1,1,0,0
38,1992,47,20,NaN,NaN,NaN,0,0,1,1,0,6
38,1992,1240,22,NaN,NaN,NaN,0,0,1,1,0,6
38,1992,120,14,NaN,NaN,NaN,0,0,1,1,0,13
38,1992,1391,16,NaN,NaN,NaN,0,0,1,1,0,3
38,1992,142,5,NaN,NaN,NaN,0,0,1,1,0,0
38,1992,722,9,NaN,NaN,NaN,0,0,1,1,0,11
38,1992,738,4,NaN,NaN,NaN,0,0,1,0,0,3
38,1992,625,17,NaN,NaN,NaN,0,0,1,1,0,21
38,1992,485,17,NaN,NaN,NaN,0,0,1,0,0,12
38,1992,1356,18,NaN,NaN,NaN,0,0,1,0,0,0
38,1992,763,21,NaN,NaN,NaN,0,0.386196744305315,1,1,0,22
38,1992,1345,22,NaN,NaN,NaN,0,0,1,0,0,0
38,1992,850,3,NaN,NaN,NaN,0,0,1,1,0,0
38,1992,1368,17,NaN,NaN,NaN,0,6.29546667795832,1,0,0,0
38,1992,811,17,NaN,NaN,NaN,0,0,1,1,0,0
38,1992,776,2,NaN,NaN,NaN,0,0,1,0,0,7
38,1992,272,11,NaN,NaN,NaN,0,0,1,1,0,0
38,1992,1477,21,NaN,NaN,NaN,0,0,1,1,0,0
38,1992,1122,15,NaN,NaN,NaN,0,0,1,1,0,12
38,1992,96,17,NaN,NaN,NaN,0,0,1,0,0,5
38,1992,956,4,NaN,NaN,NaN,0,0,1,1,0,13
38,1992,144,1,NaN,NaN,NaN,0,0,1,1,0,18
38,1992,595,1,NaN,NaN,NaN,0,0,1,1,0,0
38,1992,978,15,NaN,NaN,NaN,0,0,1,1,0,0
38,1992,792,12,NaN,NaN,NaN,0,0.412489211450704,1,1,0,0
38,1992,245,13,NaN,NaN,NaN,0,0,1,1,0,4
38,1992,1186,3,NaN,NaN,NaN,0,0,1,1,0,13
38,1992,1439,13,NaN,NaN,NaN,0,0,1,0,0,2
38,1992,243,20,NaN,NaN,NaN,0,0,1,1,0,12
38,1992,1227,6,NaN,NaN,NaN,0,0,1,1,0,0
38,1992,80,13,NaN,NaN,NaN,0,0,1,1,0,18
38,1992,48,6,NaN,NaN,NaN,0,0,1,1,0,20
38,1992,1008,13,NaN,NaN,NaN,0,7.04122740493394,1,0,0,0
38,1992,1130,13,NaN,NaN,NaN,0,0,1,0,0,20
38,1992,162,18,NaN,NaN,NaN,0,0,1,1,0,3
38,1992,501,9,NaN,NaN,NaN,0,0.511627814488137,1,1,0,0
38,1992,1195,21,NaN,NaN,NaN,0,0,1,0,0,16
38,1992,1364,11,NaN,NaN,NaN,0,0,1,1,0,3
38,1992,185,21,NaN,NaN,NaN,0,0.461160775292819,1,1,0,7
38,1992,745,11,NaN,NaN,NaN,0,0,1,1,0,1
38,1992,1268,13,NaN,NaN,NaN,0,0,1,1,0,8
38,1992,308,3,NaN,NaN,NaN,0,0,1,0,0,0
38,1992,1003,2,NaN,NaN,NaN,0,0,1,0,0,10
38,1992,1457,14,NaN,NaN,NaN,0,0,1,0,0,7
38,1992,282,2,NaN,NaN,NaN,0,0,1,0,0,0
38,1992,1584,20,NaN,NaN,NaN,0,5.82206637531462,1,1,0,0
38,1992,769,12,NaN,NaN,NaN,0,0,1,1,0,0
38,1992,1024,3,NaN,NaN,NaN,0,0,1,0,0,20
38,1992,346,22,NaN,NaN,NaN,0,0,1,1,0,20
38,1992,1034,9,NaN,NaN,NaN,0,0,1,1,0,2
38,1992,1021,19,NaN,NaN,NaN,0,0,1,0,0,7
38,1992,1598,21,NaN,NaN,NaN,0,4.02524919469785,1,1,0,0
38,1992,634,15,NaN,NaN,NaN,0,0,1,0,0,7
38,1992,1124,5,NaN,NaN,NaN,0,0,1,0,0,12
38,1992,1271,7,NaN,NaN,NaN,0,0,1,1,0,0
38,1992,1038,1,NaN,NaN,NaN,0,0,1,1,0,10
38,1992,1222,17,NaN,NaN,NaN,0,0,1,0,0,7
38,1992,671,18,NaN,NaN,NaN,0,0,1,1,0,0
38,1992,487,18,NaN,NaN,NaN,0,0,1,1,0,20
38,1992,276,16,NaN,NaN,NaN,0,0,1,1,0,17
38,1992,138,13,NaN,NaN,NaN,0,0,1,1,0,2
38,1992,368,8,NaN,NaN,NaN,0,0,1,1,0,19
38,1992,247,7,NaN,NaN,NaN,0,0,1,1,0,2
38,1992,858,6,NaN,NaN,NaN,0,0,1,0,0,12
38,1992,593,6,NaN,NaN,NaN,0,0,1,0,0,3
38,1992,803,15,NaN,NaN,NaN,0,0,1,1,0,0
38,1992,182,17,NaN,NaN,NaN,0,0,1,1,0,0
38,1992,156,20,NaN,NaN,NaN,0,0,1,0,0,1
38,1992,541,11,NaN,NaN,NaN,0,0,1,1,0,18
38,1992,985,17,NaN,NaN,NaN,0,0,1,1,0,0
38,1992,27,17,NaN,NaN,NaN,0,0,1,0,0,20
38,1992,278,21,NaN,NaN,NaN,0,0,1,0,0,19
38,1992,296,16,NaN,NaN,NaN,0,0,1,0,0,9
38,1992,389,3,NaN,NaN,NaN,0,0,1,0,0,13
38,1992,1497,15,NaN,NaN,NaN,0,0,1,0,0,18
38,1992,931,15,NaN,NaN,NaN,0,0,1,1,0,19
38,1992,410,11,NaN,NaN,NaN,0,0,1,0,0,0
38,1992,1169,17,NaN,NaN,NaN,0,0,1,1,0,6
38,1992,545,2,NaN,NaN,NaN,0,0,1,1,0,0
38,1992,253,5,NaN,NaN,NaN,0,0,1,1,0,0
38,1992,925,19,NaN,NaN,NaN,0,0,1,1,0,0
38,1992,333,11,NaN,NaN,NaN,0,0,1,1,0,18
38,1992,569,8,NaN,NaN,NaN,0,0,1,1,0,0
38,1992,151,7,NaN,NaN,NaN,0,0,1,0,0,13
38,1992,1215,21,NaN,NaN,NaN,0,0,1,1,0,0
38,1992,801,11,NaN,NaN,NaN,0,0,1,1,0,17
38,1992,16,1,NaN,NaN,NaN,0,0,1,1,0,0
38,1992,1107,1,NaN,NaN,NaN,0,0,1,1,0,13
38,1992,1448,21,NaN,NaN,NaN,0,0,1,1,0,0
38,1992,347,19,NaN,NaN,NaN,0,0,1,0,0,13
38,1992,508,17,NaN,NaN,NaN,0,0,1,1,0,0
38,1992,568,11,NaN,NaN,NaN,0,0,1,1,0,0
38,1992,267,13,NaN,NaN,NaN,0,0,1,1,0,18
38,1992,106,4,NaN,NaN,NaN,0,0,1,1,0,5
38,1992,372,20,NaN,NaN,NaN,0,0,1,1,0,14
38,1992,887,16,NaN,NaN,NaN,0,0,1,1,0,0
38,1992,233,13,NaN,NaN,NaN,0,0,1,1,0,3
38,1992,1312,16,NaN,NaN,NaN,0,0,1,1,0,0
38,1992,813,14,NaN,NaN,NaN,0,0,1,1,0,0
38,1992,67,13,NaN,NaN,NaN,0,0,1,1,0,20
38,1992,427,15,NaN,NaN,NaN,0,0,1,1,0,0
38,1992,1394,21,NaN,NaN,NaN,0,0,1,1,0,0
38,1992,87,21,NaN,NaN,NaN,0,0,1,1,0,22
38,1992,1535,21,NaN,NaN,NaN,0,3.94256928404691,1,1,0,0
38,1992,255,12,NaN,NaN,NaN,0,0,1,0,0,0
38,1992,376,6,NaN,NaN,NaN,0,0,1,1,0,0
38,1992,968,1,NaN,NaN,NaN,0,0,1,1,0,13
38,1992,1580,19,NaN,NaN,NaN,0,9.2742028721925,1,1,0,0
38,1992,1264,18,NaN,NaN,NaN,0,0,1,1,0,0
38,1992,767,3,NaN,NaN,NaN,0,0,1,1,0,1
38,1992,128,1,NaN,NaN,NaN,0,0,1,0,0,11
38,1992,44,18,NaN,NaN,NaN,0,0,1,1,0,9
38,1992,544,15,NaN,NaN,NaN,0,0,1,0,0,1
38,1992,1144,11,NaN,NaN,NaN,0,0,1,0,0,0
38,1992,170,15,NaN,NaN,NaN,0,6.34170379977851,1,0,0,0
38,1992,976,14,NaN,NaN,NaN,0,0,1,0,0,19
38,1992,554,5,NaN,NaN,NaN,0,0,1,1,0,17
39,1992,690,20,NaN,NaN,NaN,0,0,1,0,0,21
39,1992,1305,13,NaN,NaN,NaN,0,0,1,0,0,0
39,1992,174,6,NaN,NaN,NaN,0,0,1,0,0,0
39,1992,243,12,NaN,NaN,NaN,0,0,1,1,0,21
39,1992,120,13,NaN,NaN,NaN,0,0,1,1,0,0
39,1992,151,13,NaN,NaN,NaN,0,0,1,0,0,15
39,1992,811,17,NaN,NaN,NaN,0,0,1,1,0,0
39,1992,671,18,NaN,NaN,NaN,0,0,1,1,0,3
39,1992,767,1,NaN,NaN,NaN,0,0,1,1,0,0
39,1992,1271,7,NaN,NaN,NaN,0,0,1,1,0,17
39,1992,20,4,NaN,NaN,NaN,0,0,1,1,0,0
39,1992,372,14,NaN,NaN,NaN,0,0,1,1,0,12
39,1992,1391,3,NaN,NaN,NaN,0,0,1,1,0,14
39,1992,185,7,NaN,NaN,NaN,0,0.461160775292819,1,1,0,9
39,1992,800,7,NaN,NaN,NaN,0,0,1,1,0,0
39,1992,545,2,NaN,NaN,NaN,0,0,1,1,0,16
39,1992,1439,2,NaN,NaN,NaN,0,0,1,0,0,7
39,1992,1038,10,NaN,NaN,NaN,0,0,1,1,0,21
39,1992,427,15,NaN,NaN,NaN,0,0,1,1,0,21
39,1992,1312,16,NaN,NaN,NaN,0,0,1,1,0,13
39,1992,1124,12,NaN,NaN,NaN,0,0,1,0,0,0
39,1992,1113,1,NaN,NaN,NaN,0,0,1,1,0,19
39,1992,44,9,NaN,NaN,NaN,0,0,1,1,0,18
39,1992,1199,21,NaN,NaN,NaN,0,0.0584722795458088,1,1,0,22
39,1992,250,20,NaN,NaN,NaN,0,0,1,0,0,0
39,1992,968,13,NaN,NaN,NaN,0,0,1,1,0,1
39,1992,1229,8,NaN,NaN,NaN,0,0,1,0,0,0
39,1992,738,3,NaN,NaN,NaN,0,0,1,0,0,0
39,1992,534,11,NaN,NaN,NaN,0,0,1,1,0,13
39,1992,245,4,NaN,NaN,NaN,0,0,1,1,0,8
39,1992,142,5,NaN,NaN,NaN,0,0,1,1,0,0
39,1992,247,2,NaN,NaN,NaN,0,0,1,1,0,12
39,1992,554,17,NaN,NaN,NaN,0,0,1,1,0,18
39,1992,296,9,NaN,NaN,NaN,0,0,1,0,0,14
39,1992,210,22,NaN,NaN,NaN,0,0,1,1,0,20
39,1992,607,10,NaN,NaN,NaN,0,0,1,1,0,0
39,1992,1130,20,NaN,NaN,NaN,0,0,1,0,0,19
39,1992,485,12,NaN,NaN,NaN,0,0,1,0,0,0
39,1992,389,13,NaN,NaN,NaN,0,0,1,0,0,0
39,1992,1598,21,NaN,NaN,NaN,0,4.02524919469785,1,1,0,0
39,1992,1457,7,NaN,NaN,NaN,0,0,1,0,0,0
39,1992,956,13,NaN,NaN,NaN,0,0,1,1,0,22
39,1992,1465,9,NaN,NaN,NaN,0,0,1,0,0,0
39,1992,1107,13,NaN,NaN,NaN,0,0,1,1,0,4
39,1992,813,14,NaN,NaN,NaN,0,0,1,1,0,11
39,1992,233,3,NaN,NaN,NaN,0,0,1,1,0,22
39,1992,162,3,NaN,NaN,NaN,0,0,1,1,0,0
39,1992,745,1,NaN,NaN,NaN,0,0,1,1,0,6
39,1992,170,15,NaN,NaN,NaN,0,6.34170379977851,1,1,1,7
39,1992,1043,7,NaN,NaN,NaN,0,0,1,0,0,20
39,1992,1268,8,NaN,NaN,NaN,0,0,1,1,0,17
39,1992,282,2,NaN,NaN,NaN,0,0,1,0,0,1
39,1992,801,17,NaN,NaN,NaN,0,0,1,1,0,18
39,1992,323,10,NaN,NaN,NaN,0,0,1,0,0,0
39,1992,985,17,NaN,NaN,NaN,0,0,1,1,0,0
39,1992,850,3,NaN,NaN,NaN,0,0,1,1,0,6
39,1992,1448,21,NaN,NaN,NaN,0,0,1,1,0,0
39,1992,1144,11,NaN,NaN,NaN,0,0,1,0,0,0
39,1992,508,17,NaN,NaN,NaN,0,0,1,1,0,21
39,1992,86,22,NaN,NaN,NaN,0,0,1,1,0,0
39,1992,1264,18,NaN,NaN,NaN,0,0,1,1,0,5
39,1992,272,11,NaN,NaN,NaN,0,0,1,1,0,0
39,1992,96,5,NaN,NaN,NaN,0,0,1,0,0,0
39,1992,1345,22,NaN,NaN,NaN,0,0,1,0,0,0
39,1992,1599,21,NaN,NaN,NaN,0,5.06863494617345,1,1,0,0
39,1992,47,6,NaN,NaN,NaN,0,0,1,1,0,22
39,1992,501,9,NaN,NaN,NaN,0,0.511627814488137,1,1,0,0
39,1992,310,7,NaN,NaN,NaN,0,0,1,1,0,13
39,1992,541,18,NaN,NaN,NaN,0,0,1,1,0,5
39,1992,763,22,NaN,NaN,NaN,0,0.386196744305315,1,1,0,0
39,1992,276,17,NaN,NaN,NaN,0,0,1,1,0,0
39,1992,1169,6,NaN,NaN,NaN,0,0,1,1,0,1
39,1992,976,19,NaN,NaN,NaN,0,0,1,0,0,0
39,1992,803,15,NaN,NaN,NaN,0,0,1,1,0,0
39,1992,1024,20,NaN,NaN,NaN,0,0,1,0,0,0
39,1992,1222,7,NaN,NaN,NaN,0,0,1,0,0,3
39,1992,333,18,NaN,NaN,NaN,0,0,1,1,0,0
39,1992,922,21,NaN,NaN,NaN,0,0,1,1,0,0
39,1992,1227,6,NaN,NaN,NaN,0,0,1,1,0,0
39,1992,1122,12,NaN,NaN,NaN,0,0,1,1,0,7
39,1992,1364,3,NaN,NaN,NaN,0,0,1,1,0,21
39,1992,769,12,NaN,NaN,NaN,0,0,1,1,0,0
39,1992,347,13,NaN,NaN,NaN,0,0,1,0,0,0
39,1992,308,3,NaN,NaN,NaN,0,0,1,0,0,15
39,1992,1584,20,NaN,NaN,NaN,0,5.82206637531462,1,1,0,0
39,1992,182,17,NaN,NaN,NaN,0,0,1,1,0,0
39,1992,1368,17,NaN,NaN,NaN,0,6.29546667795832,1,1,1,5
39,1992,568,11,NaN,NaN,NaN,0,0,1,1,0,9
39,1992,766,3,NaN,NaN,NaN,0,0,1,1,0,20
39,1992,156,1,NaN,NaN,NaN,0,0,1,0,0,0
39,1992,183,5,NaN,NaN,NaN,0,0,1,1,0,20
39,1992,390,20,NaN,NaN,NaN,0,0.339940145217591,1,1,0,0
39,1992,144,18,NaN,NaN,NaN,0,0,1,1,0,0
39,1992,138,2,NaN,NaN,NaN,0,0,1,1,0,0
39,1992,403,9,NaN,NaN,NaN,0,0,1,0,0,19
39,1992,887,16,NaN,NaN,NaN,0,0,1,1,0,0
39,1992,368,19,NaN,NaN,NaN,0,0,1,1,0,0
39,1992,102,19,NaN,NaN,NaN,0,9.96662635444223,1,1,0,0
39,1992,544,1,NaN,NaN,NaN,0,0,1,0,0,0
39,1992,487,20,NaN,NaN,NaN,0,0,1,1,0,18
39,1992,1178,17,NaN,NaN,NaN,0,0,1,1,0,0
39,1992,792,12,NaN,NaN,NaN,0,0.412489211450704,1,1,0,0
39,1992,461,22,NaN,NaN,NaN,0,0,1,1,0,12
39,1992,1535,21,NaN,NaN,NaN,0,3.94256928404691,1,1,0,0
39,1992,1196,7,NaN,NaN,NaN,0,0,1,1,0,22
39,1992,1279,21,NaN,NaN,NaN,0,0,1,1,0,0
39,1992,500,13,NaN,NaN,NaN,0,0,1,1,0,1
39,1992,593,3,NaN,NaN,NaN,0,0,1,0,0,5
39,1992,87,22,NaN,NaN,NaN,0,0,1,1,0,0
39,1992,1003,10,NaN,NaN,NaN,0,0,1,0,0,11
39,1992,253,5,NaN,NaN,NaN,0,0,1,1,0,0
39,1992,27,20,NaN,NaN,NaN,0,0,1,0,0,17
39,1992,1580,19,NaN,NaN,NaN,0,9.2742028721925,1,1,0,0
39,1992,267,18,NaN,NaN,NaN,0,0,1,1,0,1
39,1992,106,5,NaN,NaN,NaN,0,0,1,1,0,0
39,1992,1186,13,NaN,NaN,NaN,0,0,1,1,0,0
39,1992,858,12,NaN,NaN,NaN,0,0,1,0,0,20
39,1992,376,6,NaN,NaN,NaN,0,0,1,1,0,0
39,1992,1195,16,NaN,NaN,NaN,0,0,1,0,0,17
39,1992,1394,21,NaN,NaN,NaN,0,0,1,1,0,0
39,1992,931,19,NaN,NaN,NaN,0,0,1,1,0,0
39,1992,722,11,NaN,NaN,NaN,0,0,1,1,0,0
39,1992,134,17,NaN,NaN,NaN,0,0,1,0,0,10
39,1992,255,12,NaN,NaN,NaN,0,0,1,0,0,0
39,1992,78,15,NaN,NaN,NaN,0,0,1,1,0,0
39,1992,1240,6,NaN,NaN,NaN,0,0,1,1,0,17
39,1992,447,15,NaN,NaN,NaN,0,0,1,0,0,3
39,1992,1441,4,NaN,NaN,NaN,0,0,1,1,0,0
39,1992,1497,18,NaN,NaN,NaN,0,0,1,0,0,0
39,1992,821,12,NaN,NaN,NaN,0,0,1,1,0,0
39,1992,925,19,NaN,NaN,NaN,0,0,1,1,0,0
39,1992,1215,21,NaN,NaN,NaN,0,0,1,1,0,0
39,1992,278,19,NaN,NaN,NaN,0,0,1,0,0,0
39,1992,634,7,NaN,NaN,NaN,0,0,1,0,0,0
39,1992,1477,21,NaN,NaN,NaN,0,0,1,1,0,0
39,1992,907,9,NaN,NaN,NaN,0,0,1,0,0,0
39,1992,67,20,NaN,NaN,NaN,0,0,1,1,0,2
39,1992,569,8,NaN,NaN,NaN,0,0,1,1,0,0
39,1992,1008,13,NaN,NaN,NaN,0,7.04122740493394,1,1,1,18
39,1992,346,20,NaN,NaN,NaN,0,0,1,1,0,0
39,1992,444,4,NaN,NaN,NaN,0,0,1,1,0,20
39,1992,595,1,NaN,NaN,NaN,0,0,1,1,0,0
39,1992,978,15,NaN,NaN,NaN,0,0,1,1,0,0
39,1992,80,18,NaN,NaN,NaN,0,0,1,1,0,22
39,1992,776,7,NaN,NaN,NaN,0,0,1,0,0,4
39,1992,1356,18,NaN,NaN,NaN,0,0,1,0,0,8
39,1992,625,21,NaN,NaN,NaN,0,0,1,1,0,3
39,1992,1034,2,NaN,NaN,NaN,0,0,1,1,0,9
39,1992,1021,7,NaN,NaN,NaN,0,0,1,0,0,14
39,1992,729,3,NaN,NaN,NaN,0,0,1,1,0,0
39,1992,16,1,NaN,NaN,NaN,0,0,1,1,0,13
39,1992,410,11,NaN,NaN,NaN,0,0,1,0,0,2
39,1992,48,20,NaN,NaN,NaN,0,0,1,1,0,19
39,1992,128,11,NaN,NaN,NaN,0,0,1,0,0,0
40,1992,333,18,NaN,NaN,NaN,0,0,1,1,0,4
40,1992,1021,14,NaN,NaN,NaN,0,0,1,0,0,7
40,1992,1008,18,NaN,NaN,NaN,0,0,1,0,0,13
40,1992,278,19,NaN,NaN,NaN,0,0,1,0,0,0
40,1992,243,21,NaN,NaN,NaN,0,0,1,1,0,18
40,1992,323,10,NaN,NaN,NaN,0,0,1,0,0,0
40,1992,27,17,NaN,NaN,NaN,0,0,1,0,0,20
40,1992,671,3,NaN,NaN,NaN,0,0,1,1,0,18
40,1992,1107,4,NaN,NaN,NaN,0,0,1,1,0,0
40,1992,1364,21,NaN,NaN,NaN,0,0,1,1,0,3
40,1992,1227,6,NaN,NaN,NaN,0,0,1,1,0,0
40,1992,976,19,NaN,NaN,NaN,0,0,1,0,0,0
40,1992,1038,21,NaN,NaN,NaN,0,0,1,1,0,0
40,1992,554,18,NaN,NaN,NaN,0,0,1,1,0,17
40,1992,389,13,NaN,NaN,NaN,0,0,1,0,0,2
40,1992,142,5,NaN,NaN,NaN,0,0,1,1,0,0
40,1992,1113,19,NaN,NaN,NaN,0,0,1,1,0,0
40,1992,272,11,NaN,NaN,NaN,0,0,1,1,0,0
40,1992,1124,12,NaN,NaN,NaN,0,0,1,0,0,0
40,1992,1279,21,NaN,NaN,NaN,0,0,1,1,0,2
40,1992,1535,21,NaN,NaN,NaN,0,3.94256928404691,1,1,0,0
40,1992,282,1,NaN,NaN,NaN,0,0,1,0,0,12
40,1992,461,12,NaN,NaN,NaN,0,0,1,1,0,17
40,1992,1199,22,NaN,NaN,NaN,0,0.0584722795458088,1,1,0,20
40,1992,162,3,NaN,NaN,NaN,0,0,1,1,0,22
40,1992,1229,8,NaN,NaN,NaN,0,0,1,0,0,0
40,1992,634,7,NaN,NaN,NaN,0,0,1,0,0,5
40,1992,80,22,NaN,NaN,NaN,0,0,1,1,0,3
40,1992,1268,17,NaN,NaN,NaN,0,0,1,1,0,16
40,1992,821,12,NaN,NaN,NaN,0,0,1,1,0,0
40,1992,48,19,NaN,NaN,NaN,0,0,1,1,0,9
40,1992,766,20,NaN,NaN,NaN,0,0,1,1,0,8
40,1992,803,15,NaN,NaN,NaN,0,0,1,1,0,0
40,1992,447,3,NaN,NaN,NaN,0,0,1,0,0,0
40,1992,120,13,NaN,NaN,NaN,0,0,1,1,0,18
40,1992,182,17,NaN,NaN,NaN,0,0,1,1,0,0
40,1992,444,20,NaN,NaN,NaN,0,0,1,1,0,0
40,1992,931,19,NaN,NaN,NaN,0,0,1,1,0,0
40,1992,47,22,NaN,NaN,NaN,0,0,1,1,0,11
40,1992,985,17,NaN,NaN,NaN,0,0,1,1,0,0
40,1992,763,22,NaN,NaN,NaN,0,0.386196744305315,1,1,0,0
40,1992,1345,22,NaN,NaN,NaN,0,0,1,0,0,8
40,1992,276,17,NaN,NaN,NaN,0,0,1,1,0,0
40,1992,956,22,NaN,NaN,NaN,0,0,1,1,0,0
40,1992,1599,21,NaN,NaN,NaN,0,5.06863494617345,1,1,0,0
40,1992,427,21,NaN,NaN,NaN,0,0,1,1,0,15
40,1992,1356,8,NaN,NaN,NaN,0,0,1,0,0,2
40,1992,541,5,NaN,NaN,NaN,0,0,1,1,0,18
40,1992,1457,7,NaN,NaN,NaN,0,0,1,0,0,0
40,1992,569,8,NaN,NaN,NaN,0,0,1,1,0,0
40,1992,922,21,NaN,NaN,NaN,0,0,1,1,0,0
40,1992,403,19,NaN,NaN,NaN,0,0,1,0,0,0
40,1992,308,15,NaN,NaN,NaN,0,0,1,0,0,0
40,1992,887,16,NaN,NaN,NaN,0,0,1,1,0,14
40,1992,907,9,NaN,NaN,NaN,0,0,1,0,0,0
40,1992,96,5,NaN,NaN,NaN,0,0,1,0,0,0
40,1992,858,20,NaN,NaN,NaN,0,0,1,0,0,0
40,1992,1024,20,NaN,NaN,NaN,0,0,1,0,0,14
40,1992,1497,18,NaN,NaN,NaN,0,0,1,0,0,0
40,1992,156,1,NaN,NaN,NaN,0,0,1,0,0,0
40,1992,1312,13,NaN,NaN,NaN,0,0,1,1,0,12
40,1992,1215,21,NaN,NaN,NaN,0,0,1,1,0,17
40,1992,102,19,NaN,NaN,NaN,0,9.96662635444223,1,1,0,0
40,1992,86,22,NaN,NaN,NaN,0,0,1,1,0,7
40,1992,1264,5,NaN,NaN,NaN,0,0,1,1,0,0
40,1992,174,6,NaN,NaN,NaN,0,0,1,0,0,0
40,1992,296,14,NaN,NaN,NaN,0,0,1,0,0,18
40,1992,1305,13,NaN,NaN,NaN,0,0,1,0,0,0
40,1992,690,21,NaN,NaN,NaN,0,0,1,0,0,0
40,1992,925,19,NaN,NaN,NaN,0,0,1,1,0,0
40,1992,1195,17,NaN,NaN,NaN,0,0,1,0,0,11
40,1992,1186,13,NaN,NaN,NaN,0,0,1,1,0,0
40,1992,1222,3,NaN,NaN,NaN,0,0,1,0,0,4
40,1992,801,18,NaN,NaN,NaN,0,0,1,1,0,0
40,1992,729,3,NaN,NaN,NaN,0,0,1,1,0,12
40,1992,1391,14,NaN,NaN,NaN,0,0,1,1,0,4
40,1992,310,13,NaN,NaN,NaN,0,0,1,1,0,6
40,1992,978,15,NaN,NaN,NaN,0,0,1,1,0,0
40,1992,106,5,NaN,NaN,NaN,0,0,1,1,0,0
40,1992,1465,9,NaN,NaN,NaN,0,0,1,0,0,0
40,1992,1477,21,NaN,NaN,NaN,0,0,1,1,0,0
40,1992,390,20,NaN,NaN,NaN,0,0.339940145217591,1,1,0,0
40,1992,233,22,NaN,NaN,NaN,0,0,1,1,0,0
40,1992,568,9,NaN,NaN,NaN,0,0,1,1,0,18
40,1992,745,6,NaN,NaN,NaN,0,0,1,1,0,15
40,1992,800,7,NaN,NaN,NaN,0,0,1,1,0,0
40,1992,544,1,NaN,NaN,NaN,0,0,1,0,0,0
40,1992,1368,5,NaN,NaN,NaN,0,0,1,0,0,0
40,1992,1034,9,NaN,NaN,NaN,0,0,1,1,0,0
40,1992,347,13,NaN,NaN,NaN,0,0,1,0,0,0
40,1992,968,1,NaN,NaN,NaN,0,0,1,1,0,0
40,1992,1441,4,NaN,NaN,NaN,0,0,1,1,0,11
40,1992,769,12,NaN,NaN,NaN,0,0,1,1,0,0
40,1992,1598,21,NaN,NaN,NaN,0,4.02524919469785,1,1,0,0
40,1992,487,18,NaN,NaN,NaN,0,0,1,1,0,15
40,1992,776,4,NaN,NaN,NaN,0,0,1,0,0,15
40,1992,1439,7,NaN,NaN,NaN,0,0,1,0,0,18
40,1992,78,15,NaN,NaN,NaN,0,0,1,1,0,12
40,1992,1196,22,NaN,NaN,NaN,0,0,1,1,0,13
40,1992,625,3,NaN,NaN,NaN,0,0,1,1,0,4
40,1992,545,16,NaN,NaN,NaN,0,0,1,1,0,0
40,1992,595,1,NaN,NaN,NaN,0,0,1,1,0,9
40,1992,1169,1,NaN,NaN,NaN,0,0,1,1,0,0
40,1992,410,2,NaN,NaN,NaN,0,0,1,0,0,9
40,1992,722,11,NaN,NaN,NaN,0,0,1,1,0,16
40,1992,1394,21,NaN,NaN,NaN,0,0,1,1,0,0
40,1992,485,12,NaN,NaN,NaN,0,0,1,0,0,0
40,1992,245,8,NaN,NaN,NaN,0,0,1,1,0,0
40,1992,210,20,NaN,NaN,NaN,0,0,1,1,0,0
40,1992,1240,17,NaN,NaN,NaN,0,0,1,1,0,0
40,1992,1448,21,NaN,NaN,NaN,0,0,1,1,0,12
40,1992,508,21,NaN,NaN,NaN,0,0,1,1,0,0
40,1992,501,9,NaN,NaN,NaN,0,0.511627814488137,1,1,0,0
40,1992,128,11,NaN,NaN,NaN,0,0,1,0,0,0
40,1992,346,20,NaN,NaN,NaN,0,0,1,1,0,18
40,1992,607,10,NaN,NaN,NaN,0,0,1,1,0,1
40,1992,144,18,NaN,NaN,NaN,0,0,1,1,0,6
40,1992,500,1,NaN,NaN,NaN,0,0,1,1,0,6
40,1992,1178,17,NaN,NaN,NaN,0,0,1,1,0,7
40,1992,247,12,NaN,NaN,NaN,0,0,1,1,0,18
40,1992,134,10,NaN,NaN,NaN,0,0,1,0,0,5
40,1992,255,12,NaN,NaN,NaN,0,0,1,0,0,0
40,1992,534,13,NaN,NaN,NaN,0,0,1,1,0,17
40,1992,67,2,NaN,NaN,NaN,0,0,1,1,0,0
40,1992,1130,19,NaN,NaN,NaN,0,0,1,0,0,0
40,1992,813,11,NaN,NaN,NaN,0,0,1,1,0,2
40,1992,20,4,NaN,NaN,NaN,0,0,1,1,0,0
40,1992,368,19,NaN,NaN,NaN,0,0,1,1,0,16
40,1992,792,12,NaN,NaN,NaN,0,0.412489211450704,1,1,0,0
40,1992,738,3,NaN,NaN,NaN,0,0,1,0,0,0
40,1992,253,5,NaN,NaN,NaN,0,0,1,1,0,0
40,1992,183,20,NaN,NaN,NaN,0,0,1,1,0,18
40,1992,767,1,NaN,NaN,NaN,0,0,1,1,0,12
40,1992,850,6,NaN,NaN,NaN,0,0,1,1,0,0
40,1992,170,7,NaN,NaN,NaN,0,0,1,0,0,15
40,1992,811,17,NaN,NaN,NaN,0,0,1,1,0,0
40,1992,376,6,NaN,NaN,NaN,0,0,1,1,0,0
40,1992,1144,11,NaN,NaN,NaN,0,0,1,0,0,17
40,1992,16,13,NaN,NaN,NaN,0,0,1,1,0,1
40,1992,1122,7,NaN,NaN,NaN,0,0,1,1,0,18
40,1992,593,5,NaN,NaN,NaN,0,0,1,0,0,0
40,1992,1043,20,NaN,NaN,NaN,0,0,1,0,0,0
40,1992,267,1,NaN,NaN,NaN,0,0,1,1,0,17
40,1992,1003,11,NaN,NaN,NaN,0,0,1,0,0,22
40,1992,1271,17,NaN,NaN,NaN,0,0,1,1,0,7
40,1992,1584,20,NaN,NaN,NaN,0,5.82206637531462,1,1,0,0
40,1992,87,22,NaN,NaN,NaN,0,0,1,1,0,0
40,1992,372,12,NaN,NaN,NaN,0,0,1,1,0,21
40,1992,151,15,NaN,NaN,NaN,0,0,1,0,0,10
40,1992,1580,19,NaN,NaN,NaN,0,9.2742028721925,1,1,0,0
40,1992,250,20,NaN,NaN,NaN,0,0,1,0,0,0
40,1992,185,9,NaN,NaN,NaN,0,0.461160775292819,1,1,0,19
40,1992,138,2,NaN,NaN,NaN,0,0,1,1,0,10
40,1992,44,18,NaN,NaN,NaN,0,0,1,1,0,0
41,1992,1497,18,NaN,NaN,NaN,0,4.69729106422849,1,1,1,3
41,1992,887,14,NaN,NaN,NaN,0,0,1,1,0,13
41,1992,128,11,NaN,NaN,NaN,0,4.26631357984722,1,1,1,13
41,1992,1368,5,NaN,NaN,NaN,0,4.6102256257979,1,0,0,17
41,1992,1268,16,NaN,NaN,NaN,0,0,1,1,0,17
41,1992,803,15,NaN,NaN,NaN,0,0,1,1,0,0
41,1992,410,9,NaN,NaN,NaN,0,4.60716924806069,1,1,1,15
41,1992,690,21,NaN,NaN,NaN,0,1.20920147804968,1,1,1,19
41,1992,134,5,NaN,NaN,NaN,0,2.15476070314261,1,1,1,19
41,1992,255,12,NaN,NaN,NaN,0,0,1,1,0,0
41,1992,1113,19,NaN,NaN,NaN,0,3.52621319327897,1,1,1,4
41,1992,792,12,NaN,NaN,NaN,0,0,1,1,0,0
41,1992,1195,11,NaN,NaN,NaN,0,0,1,1,0,16
41,1992,1439,18,NaN,NaN,NaN,0,0,1,1,0,9
41,1992,595,9,NaN,NaN,NaN,0,0,1,1,0,1
41,1992,487,15,NaN,NaN,NaN,0,3.98741934413301,1,1,1,5
41,1992,16,1,NaN,NaN,NaN,0,0,1,1,0,0
41,1992,1441,11,NaN,NaN,NaN,0,0,1,1,0,4
41,1992,534,17,NaN,NaN,NaN,0,0,1,1,0,13
41,1992,372,21,NaN,NaN,NaN,0,0,1,1,0,0
41,1992,276,17,NaN,NaN,NaN,0,0,1,1,0,18
41,1992,162,22,NaN,NaN,NaN,0,0,1,1,0,0
41,1992,267,17,NaN,NaN,NaN,0,0,1,1,0,0
41,1992,625,4,NaN,NaN,NaN,0,0,1,1,0,3
41,1992,138,10,NaN,NaN,NaN,0,0,1,1,0,1
41,1992,78,12,NaN,NaN,NaN,0,0,1,1,0,4
41,1992,20,4,NaN,NaN,NaN,0,0,1,1,0,5
41,1992,67,2,NaN,NaN,NaN,0,0,1,1,0,0
41,1992,174,6,NaN,NaN,NaN,0,0,1,1,0,0
41,1992,243,18,NaN,NaN,NaN,0,0,1,1,0,21
41,1992,347,13,NaN,NaN,NaN,0,3.89711675778535,1,1,1,11
41,1992,1003,22,NaN,NaN,NaN,0,0,1,1,0,21
41,1992,1024,14,NaN,NaN,NaN,0,0.669123697619518,1,1,0,17
41,1992,278,19,NaN,NaN,NaN,0,8.09376739626887,1,1,1,12
41,1992,767,12,NaN,NaN,NaN,0,0,1,1,0,18
41,1992,1448,12,NaN,NaN,NaN,0,0,1,1,0,1
41,1992,447,3,NaN,NaN,NaN,0,5.54769704805201,1,1,1,18
41,1992,1391,4,NaN,NaN,NaN,0,0,1,1,0,16
41,1992,142,5,NaN,NaN,NaN,0,1.99381020946565,1,1,1,21
41,1992,86,7,NaN,NaN,NaN,0,0,1,1,0,17
41,1992,541,18,NaN,NaN,NaN,0,0,1,1,0,2
41,1992,87,22,NaN,NaN,NaN,0,1.91052880906408,1,1,1,6
41,1992,1264,5,NaN,NaN,NaN,0,0,1,1,0,17
41,1992,1124,12,NaN,NaN,NaN,0,3.4616091240502,1,1,1,15
41,1992,1364,3,NaN,NaN,NaN,0,0,1,1,0,0
41,1992,185,19,NaN,NaN,NaN,0,9.187023262652,1,1,1,2
41,1992,170,15,NaN,NaN,NaN,0,3.97748681174893,1,0,0,0
41,1992,1394,21,NaN,NaN,NaN,0,0,1,1,0,9
41,1992,813,2,NaN,NaN,NaN,0,0,1,1,0,0
41,1992,1034,9,NaN,NaN,NaN,0,0.0190950137485906,1,1,0,0
41,1992,931,19,NaN,NaN,NaN,0,0,1,1,0,9
41,1992,1477,21,NaN,NaN,NaN,0,0,1,1,0,6
41,1992,1130,19,NaN,NaN,NaN,0,9.36923162733428,1,1,1,10
41,1992,500,6,NaN,NaN,NaN,0,0,1,1,0,8
41,1992,1222,4,NaN,NaN,NaN,0,0,1,1,0,0
41,1992,427,15,NaN,NaN,NaN,0,0,1,1,0,1
41,1992,544,1,NaN,NaN,NaN,0,4.70591689935341,1,1,1,11
41,1992,183,18,NaN,NaN,NaN,0,0,1,1,0,0
41,1992,272,11,NaN,NaN,NaN,0,0,1,1,0,2
41,1992,738,3,NaN,NaN,NaN,0,3.74150560908012,1,1,1,19
41,1992,1008,13,NaN,NaN,NaN,0,4.45297589985518,1,0,0,0
41,1992,568,18,NaN,NaN,NaN,0,0,1,1,0,19
41,1992,1186,13,NaN,NaN,NaN,0,0,1,1,0,12
41,1992,485,12,NaN,NaN,NaN,0,5.09541145008847,1,1,1,9
41,1992,156,1,NaN,NaN,NaN,0,1.27584394121635,1,1,1,19
41,1992,978,15,NaN,NaN,NaN,0,0,1,1,0,0
41,1992,508,21,NaN,NaN,NaN,0,0,1,1,0,0
41,1992,27,20,NaN,NaN,NaN,0,9.47080085949177,1,1,1,1
41,1992,461,17,NaN,NaN,NaN,0,0,1,1,0,11
41,1992,745,15,NaN,NaN,NaN,0,0,1,1,0,2
41,1992,1215,17,NaN,NaN,NaN,0,3.45572278815229,1,1,1,2
41,1992,390,20,NaN,NaN,NaN,0,4.69823052119953,1,1,1,8
41,1992,1584,20,NaN,NaN,NaN,0,7.50688705210104,1,1,0,0
41,1992,976,19,NaN,NaN,NaN,0,9.69549377320369,1,1,1,2
41,1992,985,17,NaN,NaN,NaN,0,0,1,1,0,0
41,1992,44,18,NaN,NaN,NaN,0,4.15045102219169,1,1,1,12
41,1992,1345,8,NaN,NaN,NaN,0,3.19131466700348,1,1,1,22
41,1992,922,21,NaN,NaN,NaN,0,0,1,1,0,0
41,1992,151,10,NaN,NaN,NaN,0,0,1,1,0,9
41,1992,144,6,NaN,NaN,NaN,0,0,1,1,0,18
41,1992,1038,21,NaN,NaN,NaN,0,4.08544334062671,1,1,1,13
41,1992,968,1,NaN,NaN,NaN,0,1.58366098914659,1,1,1,16
41,1992,210,20,NaN,NaN,NaN,0,1.98039175118856,1,1,1,5
41,1992,1144,17,NaN,NaN,NaN,0,0,1,1,0,3
41,1992,729,12,NaN,NaN,NaN,0,0,1,1,0,5
41,1992,1043,20,NaN,NaN,NaN,0,0,1,1,0,12
41,1992,233,22,NaN,NaN,NaN,0,0.906341736204653,1,1,1,18
41,1992,776,15,NaN,NaN,NaN,0,0,1,1,0,14
41,1992,821,12,NaN,NaN,NaN,0,0,1,1,0,16
41,1992,545,16,NaN,NaN,NaN,0,0,1,1,0,20
41,1992,1196,13,NaN,NaN,NaN,0,0,1,1,0,0
41,1992,182,17,NaN,NaN,NaN,0,0,1,1,0,0
41,1992,1598,21,NaN,NaN,NaN,0,5.16410733254387,1,1,0,0
41,1992,850,6,NaN,NaN,NaN,0,0,1,1,0,0
41,1992,1535,21,NaN,NaN,NaN,0,3.27008873411169,1,1,0,0
41,1992,245,8,NaN,NaN,NaN,0,0,1,1,0,4
41,1992,1229,8,NaN,NaN,NaN,0,0,1,1,0,0
41,1992,956,22,NaN,NaN,NaN,0,0,1,1,0,16
41,1992,282,12,NaN,NaN,NaN,0,0,1,1,0,1
41,1992,80,3,NaN,NaN,NaN,0,0,1,1,0,6
41,1992,671,18,NaN,NaN,NaN,0,0,1,1,0,2
41,1992,569,8,NaN,NaN,NaN,0,0,1,1,0,1
41,1992,1465,9,NaN,NaN,NaN,0,0.765028208999874,1,1,1,17
41,1992,1279,2,NaN,NaN,NaN,0,0,1,1,0,0
41,1992,1199,20,NaN,NaN,NaN,0,3.12844388317736,1,1,1,17
41,1992,1122,18,NaN,NaN,NaN,0,0,1,1,0,0
41,1992,801,18,NaN,NaN,NaN,0,0,1,1,0,12
41,1992,106,5,NaN,NaN,NaN,0,0,1,1,0,0
41,1992,1580,19,NaN,NaN,NaN,0,8.56563508546296,1,1,0,0
41,1992,346,18,NaN,NaN,NaN,0,5.71674872352076,1,1,1,20
41,1992,1599,21,NaN,NaN,NaN,0,4.84338743783757,1,1,0,0
41,1992,1271,7,NaN,NaN,NaN,0,0,1,1,0,17
41,1992,811,17,NaN,NaN,NaN,0,0,1,1,0,0
41,1992,1021,7,NaN,NaN,NaN,0,0,1,1,0,10
41,1992,333,4,NaN,NaN,NaN,0,0,1,1,0,0
41,1992,593,5,NaN,NaN,NaN,0,4.32142185693155,1,1,1,16
41,1992,1107,4,NaN,NaN,NaN,0,0,1,1,0,6
41,1992,323,10,NaN,NaN,NaN,0,7.60020989617783,1,1,1,4
41,1992,1227,6,NaN,NaN,NaN,0,0,1,1,0,0
41,1992,1178,7,NaN,NaN,NaN,0,0,1,1,0,14
41,1992,48,9,NaN,NaN,NaN,0,0,1,1,0,19
41,1992,925,19,NaN,NaN,NaN,0,0,1,1,0,0
41,1992,47,11,NaN,NaN,NaN,0,0,1,1,0,22
41,1992,1240,17,NaN,NaN,NaN,0,0,1,1,0,13
41,1992,722,16,NaN,NaN,NaN,0,0,1,1,0,18
41,1992,250,20,NaN,NaN,NaN,0,8.45751438171114,1,1,1,17
41,1992,403,19,NaN,NaN,NaN,0,4.09189477601643,1,1,1,2
41,1992,501,9,NaN,NaN,NaN,0,2.75448504216459,1,1,1,15
41,1992,376,6,NaN,NaN,NaN,0,0,1,1,0,2
41,1992,1169,1,NaN,NaN,NaN,0,3.56362758690182,1,1,1,4
41,1992,907,9,NaN,NaN,NaN,0,10.0271557041711,1,1,1,11
41,1992,444,20,NaN,NaN,NaN,0,0,1,1,0,8
41,1992,308,15,NaN,NaN,NaN,0,3.81723067225404,1,1,1,3
41,1992,607,1,NaN,NaN,NaN,0,0,1,1,0,4
41,1992,1312,12,NaN,NaN,NaN,0,0,1,1,0,5
41,1992,102,19,NaN,NaN,NaN,0,10.1340076097213,1,1,0,0
41,1992,296,18,NaN,NaN,NaN,0,0,1,1,0,15
41,1992,247,18,NaN,NaN,NaN,0,0,1,1,0,3
41,1992,253,5,NaN,NaN,NaN,0,0,1,1,0,11
41,1992,120,18,NaN,NaN,NaN,0,0,1,1,0,0
41,1992,310,6,NaN,NaN,NaN,0,0,1,1,0,0
41,1992,554,17,NaN,NaN,NaN,0,0,1,1,0,0
41,1992,368,16,NaN,NaN,NaN,0,0,1,1,0,0
41,1992,1356,2,NaN,NaN,NaN,0,0,1,1,0,11
41,1992,763,22,NaN,NaN,NaN,0,1.67373047537593,1,1,1,12
41,1992,766,8,NaN,NaN,NaN,0,3.24845752938272,1,1,1,16
41,1992,1457,7,NaN,NaN,NaN,0,6.82803625769736,1,1,1,12
41,1992,1305,13,NaN,NaN,NaN,0,0,1,1,0,0
41,1992,96,5,NaN,NaN,NaN,0,3.56813690498688,1,1,1,6
41,1992,634,5,NaN,NaN,NaN,0,0,1,1,0,21
41,1992,858,20,NaN,NaN,NaN,0,8.55592055789881,1,1,1,13
41,1992,769,12,NaN,NaN,NaN,0,0,1,1,0,0
41,1992,800,7,NaN,NaN,NaN,0,0,1,1,0,12
42,1993,78,4,NaN,NaN,NaN,0,0,1,1,0,0
42,1993,1024,17,NaN,NaN,NaN,0,0.669123697619518,1,1,0,0
42,1993,887,13,NaN,NaN,NaN,0,0,1,1,0,1
42,1993,500,8,NaN,NaN,NaN,0,0,1,1,0,1
42,1993,985,17,NaN,NaN,NaN,0,0,1,1,0,15
42,1993,347,11,NaN,NaN,NaN,0,0,1,0,0,0
42,1993,607,4,NaN,NaN,NaN,0,0,1,1,0,0
42,1993,508,21,NaN,NaN,NaN,0,0,1,1,0,0
42,1993,427,1,NaN,NaN,NaN,0,0,1,1,0,7
42,1993,447,18,NaN,NaN,NaN,0,0,1,0,0,3
42,1993,1439,9,NaN,NaN,NaN,0,0,1,1,0,18
42,1993,1227,6,NaN,NaN,NaN,0,0,1,1,0,0
42,1993,738,19,NaN,NaN,NaN,0,0,1,0,0,3
42,1993,376,2,NaN,NaN,NaN,0,0,1,1,0,10
42,1993,134,19,NaN,NaN,NaN,0,0,1,0,0,8
42,1993,1448,1,NaN,NaN,NaN,0,0,1,1,0,0
42,1993,1305,13,NaN,NaN,NaN,0,0,1,1,0,0
42,1993,120,18,NaN,NaN,NaN,0,0,1,1,0,5
42,1993,1598,21,NaN,NaN,NaN,0,5.16410733254387,1,1,0,0
42,1993,534,13,NaN,NaN,NaN,0,0,1,1,0,5
42,1993,485,9,NaN,NaN,NaN,0,0,1,0,0,12
42,1993,1169,4,NaN,NaN,NaN,0,0,1,0,0,9
42,1993,1465,17,NaN,NaN,NaN,0,0,1,0,0,9
42,1993,792,12,NaN,NaN,NaN,0,0,1,1,0,0
42,1993,1215,2,NaN,NaN,NaN,0,0,1,0,0,17
42,1993,803,15,NaN,NaN,NaN,0,0,1,1,0,0
42,1993,1240,13,NaN,NaN,NaN,0,0,1,1,0,0
42,1993,461,11,NaN,NaN,NaN,0,0,1,1,0,0
42,1993,1003,21,NaN,NaN,NaN,0,0,1,1,0,0
42,1993,144,18,NaN,NaN,NaN,0,0,1,1,0,14
42,1993,1584,20,NaN,NaN,NaN,0,7.50688705210104,1,1,0,0
42,1993,346,20,NaN,NaN,NaN,0,0,1,0,0,0
42,1993,1535,21,NaN,NaN,NaN,0,3.27008873411169,1,1,0,0
42,1993,1364,3,NaN,NaN,NaN,0,0,1,1,0,9
42,1993,182,17,NaN,NaN,NaN,0,0,1,1,0,0
42,1993,1268,17,NaN,NaN,NaN,0,0,1,1,0,21
42,1993,410,15,NaN,NaN,NaN,0,0,1,0,0,5
42,1993,170,15,NaN,NaN,NaN,0,3.97748681174893,1,0,0,0
42,1993,978,15,NaN,NaN,NaN,0,0,1,1,0,0
42,1993,323,4,NaN,NaN,NaN,0,0,1,0,0,10
42,1993,595,1,NaN,NaN,NaN,0,0,1,1,0,2
42,1993,1034,9,NaN,NaN,NaN,0,0.0190950137485906,1,1,0,0
42,1993,372,21,NaN,NaN,NaN,0,0,1,1,0,9
42,1993,106,5,NaN,NaN,NaN,0,0,1,1,0,3
42,1993,1441,4,NaN,NaN,NaN,0,0,1,1,0,0
42,1993,278,12,NaN,NaN,NaN,0,0,1,0,0,7
42,1993,368,16,NaN,NaN,NaN,0,0,1,1,0,10
42,1993,858,13,NaN,NaN,NaN,0,0,1,0,0,0
42,1993,545,20,NaN,NaN,NaN,0,0,1,1,0,2
42,1993,48,19,NaN,NaN,NaN,0,0,1,1,0,8
42,1993,1196,13,NaN,NaN,NaN,0,0,1,1,0,0
42,1993,44,12,NaN,NaN,NaN,0,0,1,0,0,18
42,1993,1356,11,NaN,NaN,NaN,0,0,1,1,0,14
42,1993,80,6,NaN,NaN,NaN,0,0,1,1,0,4
42,1993,233,18,NaN,NaN,NaN,0,0,1,0,0,20
42,1993,766,16,NaN,NaN,NaN,0,0,1,0,0,8
42,1993,569,1,NaN,NaN,NaN,0,0,1,1,0,5
42,1993,86,17,NaN,NaN,NaN,0,0,1,1,0,16
42,1993,554,17,NaN,NaN,NaN,0,0,1,1,0,5
42,1993,813,2,NaN,NaN,NaN,0,0,1,1,0,1
42,1993,276,18,NaN,NaN,NaN,0,0,1,1,0,8
42,1993,811,17,NaN,NaN,NaN,0,0,1,1,0,0
42,1993,1264,17,NaN,NaN,NaN,0,0,1,1,0,6
42,1993,1457,12,NaN,NaN,NaN,0,0,1,0,0,17
42,1993,850,6,NaN,NaN,NaN,0,0,1,1,0,0
42,1993,151,9,NaN,NaN,NaN,0,0,1,1,0,0
42,1993,1312,5,NaN,NaN,NaN,0,0,1,1,0,0
42,1993,690,19,NaN,NaN,NaN,0,0,1,0,0,21
42,1993,247,3,NaN,NaN,NaN,0,0,1,1,0,0
42,1993,310,6,NaN,NaN,NaN,0,0,1,1,0,9
42,1993,976,2,NaN,NaN,NaN,0,0,1,0,0,19
42,1993,722,18,NaN,NaN,NaN,0,0,1,1,0,0
42,1993,1391,16,NaN,NaN,NaN,0,0,1,1,0,4
42,1993,1124,15,NaN,NaN,NaN,0,0,1,0,0,12
42,1993,625,3,NaN,NaN,NaN,0,0,1,1,0,11
42,1993,1038,13,NaN,NaN,NaN,0,0,1,0,0,8
42,1993,729,5,NaN,NaN,NaN,0,0,1,1,0,3
42,1993,272,2,NaN,NaN,NaN,0,0,1,1,0,18
42,1993,769,12,NaN,NaN,NaN,0,0,1,1,0,21
42,1993,763,12,NaN,NaN,NaN,0,0,1,0,0,22
42,1993,745,2,NaN,NaN,NaN,0,0,1,1,0,17
42,1993,671,2,NaN,NaN,NaN,0,0,1,1,0,1
42,1993,1195,16,NaN,NaN,NaN,0,0,1,1,0,7
42,1993,243,21,NaN,NaN,NaN,0,0,1,1,0,18
42,1993,634,21,NaN,NaN,NaN,0,0,1,1,0,12
42,1993,925,19,NaN,NaN,NaN,0,0,1,1,0,0
42,1993,593,16,NaN,NaN,NaN,0,0,1,0,0,5
42,1993,1279,2,NaN,NaN,NaN,0,0,1,1,0,7
42,1993,96,6,NaN,NaN,NaN,0,0,1,0,0,0
42,1993,1477,6,NaN,NaN,NaN,0,0,1,1,0,18
42,1993,20,5,NaN,NaN,NaN,0,0,1,1,0,0
42,1993,142,21,NaN,NaN,NaN,0,0,1,0,0,5
42,1993,800,12,NaN,NaN,NaN,0,0,1,1,0,0
42,1993,333,4,NaN,NaN,NaN,0,0,1,1,0,1
42,1993,541,2,NaN,NaN,NaN,0,0,1,1,0,3
42,1993,801,12,NaN,NaN,NaN,0,0,1,1,0,0
42,1993,767,18,NaN,NaN,NaN,0,0,1,1,0,0
42,1993,253,11,NaN,NaN,NaN,0,0,1,1,0,22
42,1993,1580,19,NaN,NaN,NaN,0,8.56563508546296,1,1,0,0
42,1993,267,17,NaN,NaN,NaN,0,0,1,1,0,0
42,1993,1599,21,NaN,NaN,NaN,0,4.84338743783757,1,1,0,0
42,1993,487,5,NaN,NaN,NaN,0,0,1,0,0,15
42,1993,185,2,NaN,NaN,NaN,0,0,1,0,0,19
42,1993,931,9,NaN,NaN,NaN,0,0,1,1,0,0
42,1993,255,12,NaN,NaN,NaN,0,0,1,1,0,0
42,1993,1122,18,NaN,NaN,NaN,0,0,1,1,0,5
42,1993,1021,10,NaN,NaN,NaN,0,0,1,1,0,7
42,1993,210,5,NaN,NaN,NaN,0,0,1,0,0,0
42,1993,282,1,NaN,NaN,NaN,0,0,1,1,0,0
42,1993,1222,4,NaN,NaN,NaN,0,0,1,1,0,18
42,1993,245,4,NaN,NaN,NaN,0,0,1,1,0,5
42,1993,1271,17,NaN,NaN,NaN,0,0,1,1,0,3
42,1993,128,13,NaN,NaN,NaN,0,0,1,0,0,11
42,1993,922,21,NaN,NaN,NaN,0,0,1,1,0,0
42,1993,568,19,NaN,NaN,NaN,0,0,1,1,0,0
42,1993,1113,4,NaN,NaN,NaN,0,0,1,0,0,7
42,1993,544,11,NaN,NaN,NaN,0,0,1,0,0,1
42,1993,501,15,NaN,NaN,NaN,0,0,1,0,0,9
42,1993,1043,12,NaN,NaN,NaN,0,0,1,1,0,20
42,1993,1497,3,NaN,NaN,NaN,0,0,1,0,0,18
42,1993,87,6,NaN,NaN,NaN,0,0,1,0,0,0
42,1993,308,3,NaN,NaN,NaN,0,0,1,0,0,15
42,1993,138,1,NaN,NaN,NaN,0,0,1,1,0,12
42,1993,67,2,NaN,NaN,NaN,0,0,1,1,0,21
42,1993,968,16,NaN,NaN,NaN,0,0,1,0,0,1
42,1993,1107,6,NaN,NaN,NaN,0,0,1,1,0,0
42,1993,821,16,NaN,NaN,NaN,0,0,1,1,0,0
42,1993,444,8,NaN,NaN,NaN,0,0,1,1,0,0
42,1993,1130,10,NaN,NaN,NaN,0,0,1,0,0,3
42,1993,174,6,NaN,NaN,NaN,0,0,1,1,0,0
42,1993,16,1,NaN,NaN,NaN,0,0,1,1,0,6
42,1993,956,16,NaN,NaN,NaN,0,0,1,1,0,13
42,1993,183,18,NaN,NaN,NaN,0,0,1,1,0,21
42,1993,102,19,NaN,NaN,NaN,0,10.1340076097213,1,1,0,0
42,1993,1345,22,NaN,NaN,NaN,0,0,1,0,0,0
42,1993,1199,17,NaN,NaN,NaN,0,0,1,0,0,3
42,1993,27,1,NaN,NaN,NaN,0,0,1,0,0,20
42,1993,907,11,NaN,NaN,NaN,0,0,1,0,0,7
42,1993,776,14,NaN,NaN,NaN,0,0,1,1,0,1
42,1993,1144,3,NaN,NaN,NaN,0,0,1,1,0,2
42,1993,1394,9,NaN,NaN,NaN,0,0,1,1,0,0
42,1993,250,17,NaN,NaN,NaN,0,0,1,0,0,0
42,1993,390,8,NaN,NaN,NaN,0,0,1,0,0,22
42,1993,1368,17,NaN,NaN,NaN,0,4.6102256257979,1,0,0,5
42,1993,47,22,NaN,NaN,NaN,0,0,1,1,0,18
42,1993,162,22,NaN,NaN,NaN,0,0,1,1,0,16
42,1993,403,2,NaN,NaN,NaN,0,0,1,0,0,19
42,1993,1229,8,NaN,NaN,NaN,0,0,1,1,0,10
42,1993,1186,12,NaN,NaN,NaN,0,0,1,1,0,2
42,1993,156,19,NaN,NaN,NaN,0,0,1,0,0,1
42,1993,1178,14,NaN,NaN,NaN,0,0,1,1,0,21
42,1993,296,15,NaN,NaN,NaN,0,0,1,1,0,0
42,1993,1008,13,NaN,NaN,NaN,0,4.45297589985518,1,0,0,0
43,1993,1240,13,NaN,NaN,NaN,0,0,1,1,0,0
43,1993,922,21,NaN,NaN,NaN,0,0,1,1,0,0
43,1993,1113,7,NaN,NaN,NaN,0,0,1,0,0,18
43,1993,769,21,NaN,NaN,NaN,0,0,1,1,0,12
43,1993,87,6,NaN,NaN,NaN,0,0,1,0,0,22
43,1993,144,14,NaN,NaN,NaN,0,0,1,1,0,1
43,1993,821,16,NaN,NaN,NaN,0,0,1,1,0,0
43,1993,544,1,NaN,NaN,NaN,0,0,1,0,0,0
43,1993,1439,18,NaN,NaN,NaN,0,0,1,1,0,2
43,1993,811,17,NaN,NaN,NaN,0,0,1,1,0,0
43,1993,978,15,NaN,NaN,NaN,0,0,1,1,0,0
43,1993,500,1,NaN,NaN,NaN,0,0,1,1,0,6
43,1993,1215,17,NaN,NaN,NaN,0,0,1,0,0,21
43,1993,1130,3,NaN,NaN,NaN,0,0,1,0,0,4
43,1993,792,12,NaN,NaN,NaN,0,0,1,1,0,0
43,1993,1345,22,NaN,NaN,NaN,0,0,1,0,0,3
43,1993,156,1,NaN,NaN,NaN,0,0,1,0,0,0
43,1993,887,1,NaN,NaN,NaN,0,0,1,1,0,5
43,1993,595,2,NaN,NaN,NaN,0,0,1,1,0,1
43,1993,210,5,NaN,NaN,NaN,0,0,1,0,0,0
43,1993,541,3,NaN,NaN,NaN,0,0,1,1,0,8
43,1993,545,2,NaN,NaN,NaN,0,0,1,1,0,0
43,1993,1599,21,NaN,NaN,NaN,0,4.84338743783757,1,1,0,0
43,1993,1264,6,NaN,NaN,NaN,0,0,1,1,0,3
43,1993,1043,20,NaN,NaN,NaN,0,0,1,1,0,0
43,1993,245,5,NaN,NaN,NaN,0,0,1,1,0,0
43,1993,593,5,NaN,NaN,NaN,0,0,1,0,0,0
43,1993,20,5,NaN,NaN,NaN,0,0,1,1,0,2
43,1993,162,16,NaN,NaN,NaN,0,0,1,1,0,22
43,1993,671,1,NaN,NaN,NaN,0,0,1,1,0,0
43,1993,1122,5,NaN,NaN,NaN,0,0,1,1,0,0
43,1993,102,19,NaN,NaN,NaN,0,10.1340076097213,1,1,0,0
43,1993,1178,21,NaN,NaN,NaN,0,0,1,1,0,0
43,1993,487,15,NaN,NaN,NaN,0,0,1,0,0,18
43,1993,1457,17,NaN,NaN,NaN,0,0,1,0,0,19
43,1993,247,3,NaN,NaN,NaN,0,0,1,1,0,1
43,1993,27,20,NaN,NaN,NaN,0,0,1,0,0,17
43,1993,1598,21,NaN,NaN,NaN,0,5.16410733254387,1,1,0,0
43,1993,390,22,NaN,NaN,NaN,0,0,1,0,0,20
43,1993,376,10,NaN,NaN,NaN,0,0,1,1,0,14
43,1993,1024,17,NaN,NaN,NaN,0,0.669123697619518,1,1,0,0
43,1993,272,18,NaN,NaN,NaN,0,0,1,1,0,4
43,1993,1448,1,NaN,NaN,NaN,0,0,1,1,0,0
43,1993,568,19,NaN,NaN,NaN,0,0,1,1,0,0
43,1993,67,21,NaN,NaN,NaN,0,0,1,1,0,0
43,1993,850,6,NaN,NaN,NaN,0,0,1,1,0,0
43,1993,625,11,NaN,NaN,NaN,0,0,1,1,0,0
43,1993,1364,9,NaN,NaN,NaN,0,0,1,1,0,2
43,1993,985,15,NaN,NaN,NaN,0,0,1,1,0,0
43,1993,47,18,NaN,NaN,NaN,0,0,1,1,0,0
43,1993,1034,9,NaN,NaN,NaN,0,0.0190950137485906,1,1,0,8
43,1993,508,21,NaN,NaN,NaN,0,0,1,1,0,5
43,1993,1107,6,NaN,NaN,NaN,0,0,1,1,0,18
43,1993,767,18,NaN,NaN,NaN,0,0,1,1,0,0
43,1993,738,3,NaN,NaN,NaN,0,0,1,0,0,0
43,1993,968,1,NaN,NaN,NaN,0,0,1,0,0,0
43,1993,182,17,NaN,NaN,NaN,0,0,1,1,0,0
43,1993,151,9,NaN,NaN,NaN,0,0,1,1,0,2
43,1993,1271,3,NaN,NaN,NaN,0,0,1,1,0,4
43,1993,278,7,NaN,NaN,NaN,0,0,1,0,0,19
43,1993,800,12,NaN,NaN,NaN,0,0,1,1,0,8
43,1993,569,5,NaN,NaN,NaN,0,0,1,1,0,8
43,1993,1535,21,NaN,NaN,NaN,0,3.27008873411169,1,1,0,0
43,1993,1305,13,NaN,NaN,NaN,0,0,1,1,0,8
43,1993,1196,13,NaN,NaN,NaN,0,0,1,1,0,0
43,1993,16,6,NaN,NaN,NaN,0,0,1,1,0,8
43,1993,1441,4,NaN,NaN,NaN,0,0,1,1,0,0
43,1993,1186,2,NaN,NaN,NaN,0,0,1,1,0,9
43,1993,233,20,NaN,NaN,NaN,0,0,1,0,0,22
43,1993,170,15,NaN,NaN,NaN,0,3.97748681174893,1,1,1,19
43,1993,427,7,NaN,NaN,NaN,0,0,1,1,0,0
43,1993,461,11,NaN,NaN,NaN,0,0,1,1,0,0
43,1993,142,5,NaN,NaN,NaN,0,0,1,0,0,0
43,1993,1584,20,NaN,NaN,NaN,0,7.50688705210104,1,1,0,0
43,1993,78,4,NaN,NaN,NaN,0,0,1,1,0,3
43,1993,763,22,NaN,NaN,NaN,0,0,1,0,0,0
43,1993,282,1,NaN,NaN,NaN,0,0,1,1,0,18
43,1993,174,6,NaN,NaN,NaN,0,0,1,1,0,13
43,1993,255,12,NaN,NaN,NaN,0,0,1,1,0,0
43,1993,80,4,NaN,NaN,NaN,0,0,1,1,0,8
43,1993,1477,18,NaN,NaN,NaN,0,0,1,1,0,1
43,1993,1199,3,NaN,NaN,NaN,0,0,1,0,0,18
43,1993,931,9,NaN,NaN,NaN,0,0,1,1,0,0
43,1993,310,9,NaN,NaN,NaN,0,0,1,1,0,0
43,1993,776,1,NaN,NaN,NaN,0,0,1,1,0,21
43,1993,1003,21,NaN,NaN,NaN,0,0,1,1,0,9
43,1993,267,17,NaN,NaN,NaN,0,0,1,1,0,3
43,1993,925,19,NaN,NaN,NaN,0,0,1,1,0,0
43,1993,976,19,NaN,NaN,NaN,0,0,1,0,0,0
43,1993,801,12,NaN,NaN,NaN,0,0,1,1,0,0
43,1993,447,3,NaN,NaN,NaN,0,0,1,0,0,0
43,1993,185,19,NaN,NaN,NaN,0,0,1,0,0,9
43,1993,1169,9,NaN,NaN,NaN,0,0,1,0,0,18
43,1993,96,6,NaN,NaN,NaN,0,0,1,0,0,0
43,1993,907,7,NaN,NaN,NaN,0,0,1,0,0,0
43,1993,1356,14,NaN,NaN,NaN,0,0,1,1,0,22
43,1993,1368,5,NaN,NaN,NaN,0,4.6102256257979,1,1,1,13
43,1993,1021,7,NaN,NaN,NaN,0,0,1,1,0,0
43,1993,1038,8,NaN,NaN,NaN,0,0,1,0,0,0
43,1993,690,21,NaN,NaN,NaN,0,0,1,0,0,0
43,1993,138,12,NaN,NaN,NaN,0,0,1,1,0,4
43,1993,1312,5,NaN,NaN,NaN,0,0,1,1,0,0
43,1993,250,17,NaN,NaN,NaN,0,0,1,0,0,9
43,1993,1268,21,NaN,NaN,NaN,0,0,1,1,0,17
43,1993,410,5,NaN,NaN,NaN,0,0,1,0,0,6
43,1993,956,13,NaN,NaN,NaN,0,0,1,1,0,0
43,1993,134,8,NaN,NaN,NaN,0,0,1,0,0,4
43,1993,729,3,NaN,NaN,NaN,0,0,1,1,0,0
43,1993,333,1,NaN,NaN,NaN,0,0,1,1,0,0
43,1993,276,8,NaN,NaN,NaN,0,0,1,1,0,0
43,1993,368,10,NaN,NaN,NaN,0,0,1,1,0,15
43,1993,323,10,NaN,NaN,NaN,0,0,1,0,0,0
43,1993,1008,13,NaN,NaN,NaN,0,4.45297589985518,1,1,1,3
43,1993,722,18,NaN,NaN,NaN,0,0,1,1,0,11
43,1993,634,12,NaN,NaN,NaN,0,0,1,1,0,11
43,1993,44,18,NaN,NaN,NaN,0,0,1,0,0,0
43,1993,347,11,NaN,NaN,NaN,0,0,1,0,0,21
43,1993,485,12,NaN,NaN,NaN,0,0,1,0,0,0
43,1993,1227,6,NaN,NaN,NaN,0,0,1,1,0,0
43,1993,372,9,NaN,NaN,NaN,0,0,1,1,0,13
43,1993,1222,18,NaN,NaN,NaN,0,0,1,1,0,3
43,1993,1124,12,NaN,NaN,NaN,0,0,1,0,0,0
43,1993,607,4,NaN,NaN,NaN,0,0,1,1,0,19
43,1993,183,21,NaN,NaN,NaN,0,0,1,1,0,0
43,1993,1391,4,NaN,NaN,NaN,0,0,1,1,0,14
43,1993,403,19,NaN,NaN,NaN,0,0,1,0,0,12
43,1993,1580,19,NaN,NaN,NaN,0,8.56563508546296,1,1,0,0
43,1993,243,18,NaN,NaN,NaN,0,0,1,1,0,6
43,1993,766,8,NaN,NaN,NaN,0,0,1,0,0,11
43,1993,128,11,NaN,NaN,NaN,0,0,1,0,0,0
43,1993,1465,9,NaN,NaN,NaN,0,0,1,0,0,0
43,1993,346,20,NaN,NaN,NaN,0,0,1,0,0,0
43,1993,1497,18,NaN,NaN,NaN,0,0,1,0,0,0
43,1993,1144,2,NaN,NaN,NaN,0,0,1,1,0,0
43,1993,858,13,NaN,NaN,NaN,0,0,1,0,0,0
43,1993,308,15,NaN,NaN,NaN,0,0,1,0,0,0
43,1993,296,15,NaN,NaN,NaN,0,0,1,1,0,0
43,1993,803,15,NaN,NaN,NaN,0,0,1,1,0,0
43,1993,444,8,NaN,NaN,NaN,0,0,1,1,0,0
43,1993,1229,10,NaN,NaN,NaN,0,0,1,1,0,15
43,1993,501,9,NaN,NaN,NaN,0,0,1,0,0,0
43,1993,1195,7,NaN,NaN,NaN,0,0,1,1,0,11
43,1993,745,17,NaN,NaN,NaN,0,0,1,1,0,5
43,1993,106,3,NaN,NaN,NaN,0,0,1,1,0,7
43,1993,48,8,NaN,NaN,NaN,0,0,1,1,0,0
43,1993,1394,9,NaN,NaN,NaN,0,0,1,1,0,0
43,1993,534,5,NaN,NaN,NaN,0,0,1,1,0,17
43,1993,554,5,NaN,NaN,NaN,0,0,1,1,0,0
43,1993,813,1,NaN,NaN,NaN,0,0,1,1,0,5
44,1993,27,17,NaN,NaN,NaN,0,0,1,0,0,20
44,1993,1240,13,NaN,NaN,NaN,0,0,1,1,0,0
44,1993,1144,2,NaN,NaN,NaN,0,0,1,1,0,0
44,1993,1364,2,NaN,NaN,NaN,0,0,1,1,0,0
44,1993,1215,21,NaN,NaN,NaN,0,0,1,0,0,5
44,1993,625,11,NaN,NaN,NaN,0,0,1,1,0,0
44,1993,243,6,NaN,NaN,NaN,0,0,1,1,0,2
44,1993,1368,13,NaN,NaN,NaN,0,0,1,0,0,0
44,1993,1268,17,NaN,NaN,NaN,0,0,1,1,0,21
44,1993,1439,2,NaN,NaN,NaN,0,0,1,1,0,9
44,1993,1169,18,NaN,NaN,NaN,0,0,1,0,0,19
44,1993,1113,18,NaN,NaN,NaN,0,0,1,0,0,16
44,1993,1457,19,NaN,NaN,NaN,0,0,1,0,0,0
44,1993,508,5,NaN,NaN,NaN,0,0,1,1,0,1
44,1993,183,21,NaN,NaN,NaN,0,0,1,1,0,0
44,1993,174,13,NaN,NaN,NaN,0,0,1,1,0,18
44,1993,1584,20,NaN,NaN,NaN,0,7.50688705210104,1,1,0,0
44,1993,976,19,NaN,NaN,NaN,0,0,1,0,0,18
44,1993,485,12,NaN,NaN,NaN,0,0,1,0,0,0
44,1993,1391,14,NaN,NaN,NaN,0,0,1,1,0,0
44,1993,1227,6,NaN,NaN,NaN,0,0,1,1,0,0
44,1993,102,19,NaN,NaN,NaN,0,10.1340076097213,1,1,0,0
44,1993,461,11,NaN,NaN,NaN,0,0,1,1,0,0
44,1993,162,22,NaN,NaN,NaN,0,0,1,1,0,17
44,1993,763,22,NaN,NaN,NaN,0,0,1,0,0,0
44,1993,44,18,NaN,NaN,NaN,0,0,1,0,0,0
44,1993,185,9,NaN,NaN,NaN,0,0,1,0,0,3
44,1993,1024,17,NaN,NaN,NaN,0,0.669123697619518,1,1,0,9
44,1993,1477,1,NaN,NaN,NaN,0,0,1,1,0,5
44,1993,1021,7,NaN,NaN,NaN,0,0,1,1,0,0
44,1993,282,18,NaN,NaN,NaN,0,0,1,1,0,10
44,1993,1271,4,NaN,NaN,NaN,0,0,1,1,0,3
44,1993,800,8,NaN,NaN,NaN,0,0,1,1,0,0
44,1993,138,4,NaN,NaN,NaN,0,0,1,1,0,15
44,1993,48,8,NaN,NaN,NaN,0,0,1,1,0,0
44,1993,1598,21,NaN,NaN,NaN,0,5.16410733254387,1,1,0,0
44,1993,1356,22,NaN,NaN,NaN,0,0,1,1,0,4
44,1993,250,9,NaN,NaN,NaN,0,0,1,0,0,0
44,1993,501,9,NaN,NaN,NaN,0,0,1,0,0,0
44,1993,156,1,NaN,NaN,NaN,0,0,1,0,0,0
44,1993,813,5,NaN,NaN,NaN,0,0,1,1,0,10
44,1993,541,8,NaN,NaN,NaN,0,0,1,1,0,3
44,1993,346,20,NaN,NaN,NaN,0,0,1,0,0,0
44,1993,245,5,NaN,NaN,NaN,0,0,1,1,0,1
44,1993,792,12,NaN,NaN,NaN,0,0,1,1,0,0
44,1993,766,11,NaN,NaN,NaN,0,0,1,0,0,0
44,1993,410,6,NaN,NaN,NaN,0,0,1,0,0,0
44,1993,67,21,NaN,NaN,NaN,0,0,1,1,0,0
44,1993,233,22,NaN,NaN,NaN,0,0,1,0,0,18
44,1993,144,1,NaN,NaN,NaN,0,0,1,1,0,5
44,1993,278,19,NaN,NaN,NaN,0,0,1,0,0,0
44,1993,106,7,NaN,NaN,NaN,0,0,1,1,0,0
44,1993,447,3,NaN,NaN,NaN,0,0,1,0,0,0
44,1993,87,22,NaN,NaN,NaN,0,0,1,0,0,0
44,1993,722,11,NaN,NaN,NaN,0,0,1,1,0,5
44,1993,1222,3,NaN,NaN,NaN,0,0,1,1,0,16
44,1993,1195,11,NaN,NaN,NaN,0,0,1,1,0,13
44,1993,372,13,NaN,NaN,NaN,0,0,1,1,0,10
44,1993,500,6,NaN,NaN,NaN,0,0,1,1,0,21
44,1993,272,4,NaN,NaN,NaN,0,0,1,1,0,0
44,1993,803,15,NaN,NaN,NaN,0,0,1,1,0,0
44,1993,595,1,NaN,NaN,NaN,0,0,1,1,0,0
44,1993,1497,18,NaN,NaN,NaN,0,0,1,0,0,3
44,1993,444,8,NaN,NaN,NaN,0,0,1,1,0,0
44,1993,376,14,NaN,NaN,NaN,0,0,1,1,0,6
44,1993,769,12,NaN,NaN,NaN,0,0,1,1,0,0
44,1993,1448,1,NaN,NaN,NaN,0,0,1,1,0,5
44,1993,776,21,NaN,NaN,NaN,0,0,1,1,0,0
44,1993,182,17,NaN,NaN,NaN,0,0,1,1,0,0
44,1993,96,6,NaN,NaN,NaN,0,0,1,0,0,0
44,1993,1264,3,NaN,NaN,NaN,0,0,1,1,0,9
44,1993,545,2,NaN,NaN,NaN,0,0,1,1,0,10
44,1993,1186,9,NaN,NaN,NaN,0,0,1,1,0,5
44,1993,210,5,NaN,NaN,NaN,0,0,1,0,0,17
44,1993,403,12,NaN,NaN,NaN,0,0,1,0,0,4
44,1993,956,13,NaN,NaN,NaN,0,0,1,1,0,0
44,1993,1003,9,NaN,NaN,NaN,0,0,1,1,0,17
44,1993,80,8,NaN,NaN,NaN,0,0,1,1,0,0
44,1993,690,21,NaN,NaN,NaN,0,0,1,0,0,1
44,1993,310,9,NaN,NaN,NaN,0,0,1,1,0,11
44,1993,1196,13,NaN,NaN,NaN,0,0,1,1,0,0
44,1993,1038,8,NaN,NaN,NaN,0,0,1,0,0,21
44,1993,1394,9,NaN,NaN,NaN,0,0,1,1,0,4
44,1993,267,3,NaN,NaN,NaN,0,0,1,1,0,0
44,1993,276,8,NaN,NaN,NaN,0,0,1,1,0,14
44,1993,738,3,NaN,NaN,NaN,0,0,1,0,0,21
44,1993,554,5,NaN,NaN,NaN,0,0,1,1,0,0
44,1993,255,12,NaN,NaN,NaN,0,0,1,1,0,0
44,1993,1043,20,NaN,NaN,NaN,0,0,1,1,0,1
44,1993,1345,3,NaN,NaN,NaN,0,0,1,0,0,10
44,1993,922,21,NaN,NaN,NaN,0,0,1,1,0,0
44,1993,767,18,NaN,NaN,NaN,0,0,1,1,0,0
44,1993,1178,21,NaN,NaN,NaN,0,0,1,1,0,17
44,1993,1122,5,NaN,NaN,NaN,0,0,1,1,0,12
44,1993,1535,21,NaN,NaN,NaN,0,3.27008873411169,1,1,0,0
44,1993,247,1,NaN,NaN,NaN,0,0,1,1,0,0
44,1993,801,12,NaN,NaN,NaN,0,0,1,1,0,3
44,1993,607,19,NaN,NaN,NaN,0,0,1,1,0,18
44,1993,170,19,NaN,NaN,NaN,0,0,1,0,0,15
44,1993,1107,18,NaN,NaN,NaN,0,0,1,1,0,0
44,1993,985,15,NaN,NaN,NaN,0,0,1,1,0,5
44,1993,296,15,NaN,NaN,NaN,0,0,1,1,0,4
44,1993,308,15,NaN,NaN,NaN,0,0,1,0,0,0
44,1993,1199,18,NaN,NaN,NaN,0,0,1,0,0,0
44,1993,1130,4,NaN,NaN,NaN,0,0,1,0,0,11
44,1993,1599,21,NaN,NaN,NaN,0,4.84338743783757,1,1,0,0
44,1993,925,19,NaN,NaN,NaN,0,0,1,1,0,0
44,1993,151,2,NaN,NaN,NaN,0,0,1,1,0,0
44,1993,20,2,NaN,NaN,NaN,0,0,1,1,0,8
44,1993,978,15,NaN,NaN,NaN,0,0,1,1,0,0
44,1993,1441,4,NaN,NaN,NaN,0,0,1,1,0,0
44,1993,134,4,NaN,NaN,NaN,0,0,1,0,0,1
44,1993,1229,15,NaN,NaN,NaN,0,0,1,1,0,4
44,1993,427,7,NaN,NaN,NaN,0,0,1,1,0,16
44,1993,887,5,NaN,NaN,NaN,0,0,1,1,0,13
44,1993,811,17,NaN,NaN,NaN,0,0,1,1,0,0
44,1993,671,1,NaN,NaN,NaN,0,0,1,1,0,0
44,1993,142,5,NaN,NaN,NaN,0,0,1,0,0,0
44,1993,858,13,NaN,NaN,NaN,0,0,1,0,0,0
44,1993,1312,5,NaN,NaN,NaN,0,0,1,1,0,13
44,1993,487,18,NaN,NaN,NaN,0,0,1,0,0,0
44,1993,1034,8,NaN,NaN,NaN,0,0.0190950137485906,1,1,0,0
44,1993,1124,12,NaN,NaN,NaN,0,0,1,0,0,0
44,1993,333,1,NaN,NaN,NaN,0,0,1,1,0,11
44,1993,634,11,NaN,NaN,NaN,0,0,1,1,0,10
44,1993,821,16,NaN,NaN,NaN,0,0,1,1,0,0
44,1993,368,15,NaN,NaN,NaN,0,0,1,1,0,2
44,1993,78,3,NaN,NaN,NaN,0,0,1,1,0,0
44,1993,16,8,NaN,NaN,NaN,0,0,1,1,0,1
44,1993,745,5,NaN,NaN,NaN,0,0,1,1,0,0
44,1993,347,21,NaN,NaN,NaN,0,0,1,0,0,13
44,1993,1580,19,NaN,NaN,NaN,0,8.56563508546296,1,1,0,0
44,1993,47,18,NaN,NaN,NaN,0,0,1,1,0,2
44,1993,544,1,NaN,NaN,NaN,0,0,1,0,0,0
44,1993,1465,9,NaN,NaN,NaN,0,0,1,0,0,0
44,1993,968,1,NaN,NaN,NaN,0,0,1,0,0,0
44,1993,323,10,NaN,NaN,NaN,0,0,1,0,0,0
44,1993,1305,8,NaN,NaN,NaN,0,0,1,1,0,11
44,1993,1008,3,NaN,NaN,NaN,0,0,1,0,0,13
44,1993,128,11,NaN,NaN,NaN,0,0,1,0,0,0
44,1993,593,5,NaN,NaN,NaN,0,0,1,0,0,0
44,1993,907,7,NaN,NaN,NaN,0,0,1,0,0,0
44,1993,390,20,NaN,NaN,NaN,0,0,1,0,0,0
44,1993,534,17,NaN,NaN,NaN,0,0,1,1,0,13
44,1993,568,19,NaN,NaN,NaN,0,0,1,1,0,0
44,1993,931,9,NaN,NaN,NaN,0,0,1,1,0,14
44,1993,729,3,NaN,NaN,NaN,0,0,1,1,0,14
44,1993,850,6,NaN,NaN,NaN,0,0,1,1,0,3
45,1993,625,11,NaN,NaN,NaN,0,0,1,1,0,3
45,1993,1535,21,NaN,NaN,NaN,0,4.2648943090318,1,1,0,0
45,1993,1457,19,NaN,NaN,NaN,0,0,1,1,0,0
45,1993,278,19,NaN,NaN,NaN,0,0,1,1,0,4
45,1993,276,14,NaN,NaN,NaN,0,0,1,1,0,0
45,1993,1043,1,NaN,NaN,NaN,0,0,1,1,0,0
45,1993,1222,16,NaN,NaN,NaN,0,0,1,1,0,8
45,1993,813,10,NaN,NaN,NaN,0,0,1,1,0,3
45,1993,763,22,NaN,NaN,NaN,0,0,1,1,0,6
45,1993,447,3,NaN,NaN,NaN,0,1.33282765615531,1,1,1,15
45,1993,156,1,NaN,NaN,NaN,0,6.04094684672997,1,1,1,14
45,1993,776,21,NaN,NaN,NaN,0,0,1,1,0,17
45,1993,800,8,NaN,NaN,NaN,0,0,1,1,0,9
45,1993,138,15,NaN,NaN,NaN,0,2.08464029719029,1,1,1,20
45,1993,67,21,NaN,NaN,NaN,0,0,1,1,0,7
45,1993,308,15,NaN,NaN,NaN,0,5.35201418744033,1,1,1,2
45,1993,102,19,NaN,NaN,NaN,0,6.45894773089031,1,1,0,0
45,1993,427,16,NaN,NaN,NaN,0,0,1,1,0,0
45,1993,296,4,NaN,NaN,NaN,0,0,1,1,0,2
45,1993,887,13,NaN,NaN,NaN,0,0,1,1,0,0
45,1993,985,5,NaN,NaN,NaN,0,0,1,1,0,0
45,1993,267,3,NaN,NaN,NaN,0,0,1,1,0,0
45,1993,87,22,NaN,NaN,NaN,0,0,1,1,0,0
45,1993,1124,12,NaN,NaN,NaN,0,5.56383748030122,1,1,1,7
45,1993,78,3,NaN,NaN,NaN,0,0,1,1,0,14
45,1993,500,21,NaN,NaN,NaN,0,0,1,1,0,18
45,1993,485,12,NaN,NaN,NaN,0,5.53399187320504,1,1,1,9
45,1993,1196,13,NaN,NaN,NaN,0,0,1,1,0,1
45,1993,729,14,NaN,NaN,NaN,0,0,1,1,0,20
45,1993,931,14,NaN,NaN,NaN,0,0,1,1,0,7
45,1993,333,11,NaN,NaN,NaN,0,0,1,1,0,6
45,1993,1439,9,NaN,NaN,NaN,0,0,1,1,0,0
45,1993,722,5,NaN,NaN,NaN,0,0,1,1,0,18
45,1993,976,18,NaN,NaN,NaN,0,5.3322467117564,1,1,1,21
45,1993,690,1,NaN,NaN,NaN,0,0,1,1,0,21
45,1993,1107,18,NaN,NaN,NaN,0,0,1,1,0,16
45,1993,1144,2,NaN,NaN,NaN,0,4.60489904815662,1,1,1,4
45,1993,803,15,NaN,NaN,NaN,0,0.114126811983208,1,1,0,14
45,1993,1024,9,NaN,NaN,NaN,0,0,1,1,0,0
45,1993,978,15,NaN,NaN,NaN,0,4.24543486338767,1,1,1,4
45,1993,1345,10,NaN,NaN,NaN,0,0,1,1,0,14
45,1993,247,1,NaN,NaN,NaN,0,0,1,1,0,0
45,1993,1264,9,NaN,NaN,NaN,0,0,1,1,0,6
45,1993,390,20,NaN,NaN,NaN,0,0,1,1,0,0
45,1993,1195,13,NaN,NaN,NaN,0,0,1,1,0,4
45,1993,170,15,NaN,NaN,NaN,0,4.56771740773703,1,0,0,0
45,1993,544,1,NaN,NaN,NaN,0,7.10720916617762,1,1,1,20
45,1993,346,20,NaN,NaN,NaN,0,1.6164448146174,1,1,1,1
45,1993,44,18,NaN,NaN,NaN,0,4.26171451125962,1,1,1,4
45,1993,410,6,NaN,NaN,NaN,0,0,1,1,0,0
45,1993,607,18,NaN,NaN,NaN,0,0,1,1,0,21
45,1993,541,3,NaN,NaN,NaN,0,0,1,1,0,0
45,1993,634,10,NaN,NaN,NaN,0,3.50680189211404,1,1,1,13
45,1993,811,17,NaN,NaN,NaN,0,0,1,1,0,0
45,1993,769,12,NaN,NaN,NaN,0,0,1,1,0,0
45,1993,96,6,NaN,NaN,NaN,0,6.05246386096379,1,1,1,11
45,1993,1122,12,NaN,NaN,NaN,0,0,1,1,0,15
45,1993,1169,19,NaN,NaN,NaN,0,5.02623729970985,1,1,1,4
45,1993,1599,21,NaN,NaN,NaN,0,4.79479188061349,1,1,0,0
45,1993,27,20,NaN,NaN,NaN,0,5.97852001326562,1,1,1,17
45,1993,368,2,NaN,NaN,NaN,0,0,1,1,0,0
45,1993,376,6,NaN,NaN,NaN,0,0,1,1,0,0
45,1993,250,9,NaN,NaN,NaN,0,6.39978210095299,1,1,1,20
45,1993,243,2,NaN,NaN,NaN,0,0,1,1,0,17
45,1993,801,3,NaN,NaN,NaN,0,0,1,1,0,21
45,1993,1229,4,NaN,NaN,NaN,0,0,1,1,0,17
45,1993,20,8,NaN,NaN,NaN,0,0,1,1,0,21
45,1993,925,19,NaN,NaN,NaN,0,0,1,1,0,0
45,1993,272,4,NaN,NaN,NaN,0,0,1,1,0,14
45,1993,1441,4,NaN,NaN,NaN,0,4.67028233993821,1,1,1,20
45,1993,444,8,NaN,NaN,NaN,0,0,1,1,0,0
45,1993,403,4,NaN,NaN,NaN,0,0,1,1,0,12
45,1993,534,13,NaN,NaN,NaN,0,2.79627324138485,1,1,1,7
45,1993,142,5,NaN,NaN,NaN,0,0.96050474284915,1,1,1,16
45,1993,48,8,NaN,NaN,NaN,0,0,1,1,0,13
45,1993,1271,3,NaN,NaN,NaN,0,0,1,1,0,14
45,1993,1215,5,NaN,NaN,NaN,0,0,1,1,0,15
45,1993,554,5,NaN,NaN,NaN,0,0,1,1,0,20
45,1993,1178,17,NaN,NaN,NaN,0,0,1,1,0,0
45,1993,1368,13,NaN,NaN,NaN,0,2.62302578187616,1,0,0,0
45,1993,956,13,NaN,NaN,NaN,0,0,1,1,0,11
45,1993,1240,13,NaN,NaN,NaN,0,0,1,1,0,0
45,1993,1008,13,NaN,NaN,NaN,0,0,1,0,0,0
45,1993,1598,21,NaN,NaN,NaN,0,4.43948793847633,1,1,0,0
45,1993,1130,11,NaN,NaN,NaN,0,5.00659911265924,1,1,1,15
45,1993,501,9,NaN,NaN,NaN,0,0,1,1,0,0
45,1993,347,13,NaN,NaN,NaN,0,0,1,1,0,11
45,1993,1356,4,NaN,NaN,NaN,0,0,1,1,0,0
45,1993,1477,5,NaN,NaN,NaN,0,0,1,1,0,1
45,1993,144,5,NaN,NaN,NaN,0,0,1,1,0,0
45,1993,182,17,NaN,NaN,NaN,0,0,1,1,0,0
45,1993,128,11,NaN,NaN,NaN,0,3.86437689139178,1,1,1,20
45,1993,1268,21,NaN,NaN,NaN,0,0,1,1,0,0
45,1993,907,7,NaN,NaN,NaN,0,6.20766020845839,1,1,1,1
45,1993,968,1,NaN,NaN,NaN,0,5.93939606330647,1,1,1,13
45,1993,821,16,NaN,NaN,NaN,0,0,1,1,0,7
45,1993,568,19,NaN,NaN,NaN,0,5.23282736619256,1,1,1,22
45,1993,738,21,NaN,NaN,NaN,0,0,1,1,0,0
45,1993,134,1,NaN,NaN,NaN,0,0,1,1,0,0
45,1993,1003,17,NaN,NaN,NaN,0,0,1,1,0,18
45,1993,47,2,NaN,NaN,NaN,0,0,1,1,0,9
45,1993,1186,5,NaN,NaN,NaN,0,0,1,1,0,13
45,1993,1497,3,NaN,NaN,NaN,0,7.6586707500965,1,1,1,18
45,1993,210,17,NaN,NaN,NaN,0,0,1,1,0,19
45,1993,174,18,NaN,NaN,NaN,0,0.0351811237505073,1,1,0,0
45,1993,233,18,NaN,NaN,NaN,0,0,1,1,0,0
45,1993,1113,16,NaN,NaN,NaN,0,0,1,1,0,2
45,1993,1584,20,NaN,NaN,NaN,0,4.1773604040978,1,1,0,0
45,1993,1394,4,NaN,NaN,NaN,0,3.03667994375366,1,1,1,3
45,1993,80,8,NaN,NaN,NaN,0,0,1,1,0,14
45,1993,850,3,NaN,NaN,NaN,0,0,1,1,0,6
45,1993,1021,7,NaN,NaN,NaN,0,0,1,1,0,1
45,1993,766,11,NaN,NaN,NaN,0,0,1,1,0,0
45,1993,1448,5,NaN,NaN,NaN,0,0,1,1,0,18
45,1993,792,12,NaN,NaN,NaN,0,0,1,1,0,0
45,1993,245,1,NaN,NaN,NaN,0,0,1,1,0,0
45,1993,1580,19,NaN,NaN,NaN,0,4.74356570011564,1,1,0,0
45,1993,922,21,NaN,NaN,NaN,0,0,1,1,0,0
45,1993,1199,18,NaN,NaN,NaN,0,0,1,1,0,14
45,1993,593,5,NaN,NaN,NaN,0,5.91010632487381,1,1,1,13
45,1993,1038,21,NaN,NaN,NaN,0,0,1,1,0,0
45,1993,1305,11,NaN,NaN,NaN,0,0,1,1,0,0
45,1993,1227,6,NaN,NaN,NaN,0,0,1,1,0,0
45,1993,16,1,NaN,NaN,NaN,0,0,1,1,0,13
45,1993,1034,8,NaN,NaN,NaN,0,0,1,1,0,5
45,1993,162,17,NaN,NaN,NaN,0,0,1,1,0,0
45,1993,255,12,NaN,NaN,NaN,0,0,1,1,0,0
45,1993,1312,13,NaN,NaN,NaN,0,0,1,1,0,5
45,1993,1391,14,NaN,NaN,NaN,0,0,1,1,0,6
45,1993,858,13,NaN,NaN,NaN,0,0,1,1,0,0
45,1993,545,10,NaN,NaN,NaN,0,0,1,1,0,6
45,1993,183,21,NaN,NaN,NaN,0,0,1,1,0,0
45,1993,671,1,NaN,NaN,NaN,0,0,1,1,0,0
45,1993,185,3,NaN,NaN,NaN,0,0,1,1,0,6
45,1993,487,18,NaN,NaN,NaN,0,5.67516346357535,1,1,1,5
45,1993,106,7,NaN,NaN,NaN,0,0,1,1,0,21
45,1993,767,18,NaN,NaN,NaN,0,0,1,1,0,0
45,1993,595,1,NaN,NaN,NaN,0,0,1,1,0,0
45,1993,1465,9,NaN,NaN,NaN,0,0,1,1,0,0
45,1993,1364,2,NaN,NaN,NaN,0,0,1,1,0,14
45,1993,461,11,NaN,NaN,NaN,0,0,1,1,0,0
45,1993,372,10,NaN,NaN,NaN,0,0,1,1,0,17
45,1993,745,5,NaN,NaN,NaN,0,0,1,1,0,1
45,1993,151,2,NaN,NaN,NaN,0,0.825630224419964,1,1,1,12
45,1993,323,10,NaN,NaN,NaN,0,6.83527323583917,1,1,1,8
45,1993,282,10,NaN,NaN,NaN,0,0,1,1,0,1
46,1994,595,1,NaN,NaN,NaN,0,0,1,1,0,0
46,1994,766,11,NaN,NaN,NaN,0,0,1,1,0,13
46,1994,1043,1,NaN,NaN,NaN,0,0,1,1,0,14
46,1994,245,1,NaN,NaN,NaN,0,0,1,1,0,7
46,1994,1186,13,NaN,NaN,NaN,0,0,1,1,0,0
46,1994,625,3,NaN,NaN,NaN,0,0,1,1,0,4
46,1994,210,19,NaN,NaN,NaN,0,0,1,1,0,20
46,1994,593,13,NaN,NaN,NaN,0,0,1,0,0,4
46,1994,403,12,NaN,NaN,NaN,0,0,1,1,0,0
46,1994,690,21,NaN,NaN,NaN,0,0,1,1,0,0
46,1994,87,22,NaN,NaN,NaN,0,0,1,1,0,5
46,1994,128,20,NaN,NaN,NaN,0,0,1,0,0,11
46,1994,282,1,NaN,NaN,NaN,0,0,1,1,0,0
46,1994,850,6,NaN,NaN,NaN,0,0,1,1,0,0
46,1994,323,8,NaN,NaN,NaN,0,0,1,0,0,10
46,1994,347,11,NaN,NaN,NaN,0,0,1,1,0,1
46,1994,907,1,NaN,NaN,NaN,0,0,1,0,0,0
46,1994,447,15,NaN,NaN,NaN,0,0,1,0,0,3
46,1994,634,13,NaN,NaN,NaN,0,0,1,0,0,15
46,1994,183,21,NaN,NaN,NaN,0,0,1,1,0,16
46,1994,1227,6,NaN,NaN,NaN,0,0,1,1,0,0
46,1994,792,12,NaN,NaN,NaN,0,0,1,1,0,0
46,1994,554,20,NaN,NaN,NaN,0,0,1,1,0,9
46,1994,1122,15,NaN,NaN,NaN,0,0,1,1,0,4
46,1994,1144,4,NaN,NaN,NaN,0,0,1,0,0,0
46,1994,671,1,NaN,NaN,NaN,0,0,1,1,0,0
46,1994,80,14,NaN,NaN,NaN,0,0,1,1,0,0
46,1994,485,9,NaN,NaN,NaN,0,0,1,0,0,12
46,1994,1268,21,NaN,NaN,NaN,0,0,1,1,0,17
46,1994,1364,14,NaN,NaN,NaN,0,0,1,1,0,12
46,1994,801,21,NaN,NaN,NaN,0,0,1,1,0,20
46,1994,729,20,NaN,NaN,NaN,0,0,1,1,0,3
46,1994,1305,11,NaN,NaN,NaN,0,0,1,1,0,0
46,1994,368,2,NaN,NaN,NaN,0,0,1,1,0,7
46,1994,1178,17,NaN,NaN,NaN,0,0,1,1,0,2
46,1994,185,6,NaN,NaN,NaN,0,0,1,1,0,11
46,1994,1038,21,NaN,NaN,NaN,0,0,1,1,0,13
46,1994,922,21,NaN,NaN,NaN,0,0,1,1,0,0
46,1994,44,4,NaN,NaN,NaN,0,0,1,0,0,18
46,1994,410,6,NaN,NaN,NaN,0,0,1,1,0,0
46,1994,745,1,NaN,NaN,NaN,0,0,1,1,0,0
46,1994,501,9,NaN,NaN,NaN,0,0,1,1,0,0
46,1994,1457,19,NaN,NaN,NaN,0,0,1,1,0,0
46,1994,1584,20,NaN,NaN,NaN,0,4.1773604040978,1,1,0,0
46,1994,925,19,NaN,NaN,NaN,0,0,1,1,0,0
46,1994,968,13,NaN,NaN,NaN,0,0,1,0,0,0
46,1994,1240,13,NaN,NaN,NaN,0,0,1,1,0,0
46,1994,1113,2,NaN,NaN,NaN,0,0,1,1,0,0
46,1994,1441,20,NaN,NaN,NaN,0,0,1,0,0,17
46,1994,800,9,NaN,NaN,NaN,0,0,1,1,0,0
46,1994,1391,6,NaN,NaN,NaN,0,0,1,1,0,0
46,1994,1394,3,NaN,NaN,NaN,0,0,1,0,0,22
46,1994,776,17,NaN,NaN,NaN,0,0,1,1,0,3
46,1994,27,17,NaN,NaN,NaN,0,0,1,0,0,20
46,1994,1356,4,NaN,NaN,NaN,0,0,1,1,0,15
46,1994,978,4,NaN,NaN,NaN,0,0,1,0,0,15
46,1994,427,16,NaN,NaN,NaN,0,0,1,1,0,22
46,1994,1169,4,NaN,NaN,NaN,0,0,1,0,0,0
46,1994,607,21,NaN,NaN,NaN,0,0,1,1,0,7
46,1994,931,7,NaN,NaN,NaN,0,0,1,1,0,0
46,1994,1124,7,NaN,NaN,NaN,0,0,1,0,0,12
46,1994,250,20,NaN,NaN,NaN,0,0,1,0,0,8
46,1994,67,7,NaN,NaN,NaN,0,0,1,1,0,9
46,1994,346,1,NaN,NaN,NaN,0,0,1,0,0,22
46,1994,308,2,NaN,NaN,NaN,0,0,1,0,0,3
46,1994,1535,21,NaN,NaN,NaN,0,4.2648943090318,1,1,0,0
46,1994,233,18,NaN,NaN,NaN,0,0,1,1,0,22
46,1994,134,1,NaN,NaN,NaN,0,0,1,1,0,5
46,1994,722,18,NaN,NaN,NaN,0,0,1,1,0,11
46,1994,1345,14,NaN,NaN,NaN,0,0,1,1,0,22
46,1994,390,20,NaN,NaN,NaN,0,0,1,1,0,0
46,1994,47,9,NaN,NaN,NaN,0,0,1,1,0,18
46,1994,78,14,NaN,NaN,NaN,0,0,1,1,0,18
46,1994,956,11,NaN,NaN,NaN,0,0,1,1,0,13
46,1994,372,17,NaN,NaN,NaN,0,0,1,1,0,1
46,1994,1003,18,NaN,NaN,NaN,0,0,1,1,0,0
46,1994,1195,4,NaN,NaN,NaN,0,0,1,1,0,15
46,1994,769,12,NaN,NaN,NaN,0,0,1,1,0,21
46,1994,487,5,NaN,NaN,NaN,0,0,1,0,0,18
46,1994,162,17,NaN,NaN,NaN,0,0,1,1,0,13
46,1994,156,14,NaN,NaN,NaN,0,0,1,0,0,1
46,1994,1312,5,NaN,NaN,NaN,0,0,1,1,0,0
46,1994,985,5,NaN,NaN,NaN,0,0,1,1,0,10
46,1994,1477,1,NaN,NaN,NaN,0,0,1,1,0,13
46,1994,182,17,NaN,NaN,NaN,0,0,1,1,0,0
46,1994,1199,14,NaN,NaN,NaN,0,0,1,1,0,18
46,1994,1264,6,NaN,NaN,NaN,0,0,1,1,0,0
46,1994,333,6,NaN,NaN,NaN,0,0,1,1,0,1
46,1994,1368,13,NaN,NaN,NaN,0,2.62302578187616,1,0,0,0
46,1994,813,3,NaN,NaN,NaN,0,0,1,1,0,10
46,1994,1008,13,NaN,NaN,NaN,0,0,1,0,0,0
46,1994,1222,8,NaN,NaN,NaN,0,0,1,1,0,4
46,1994,170,15,NaN,NaN,NaN,0,4.56771740773703,1,0,0,0
46,1994,1130,15,NaN,NaN,NaN,0,0,1,0,0,0
46,1994,151,12,NaN,NaN,NaN,0,0,1,0,0,2
46,1994,568,22,NaN,NaN,NaN,0,0,1,0,0,0
46,1994,276,14,NaN,NaN,NaN,0,0,1,1,0,19
46,1994,1465,9,NaN,NaN,NaN,0,0,1,1,0,21
46,1994,461,11,NaN,NaN,NaN,0,0,1,1,0,1
46,1994,1215,15,NaN,NaN,NaN,0,0,1,1,0,12
46,1994,1497,18,NaN,NaN,NaN,0,0,1,0,0,3
46,1994,500,18,NaN,NaN,NaN,0,0,1,1,0,5
46,1994,803,14,NaN,NaN,NaN,0,0.114126811983208,1,1,0,8
46,1994,1271,14,NaN,NaN,NaN,0,0,1,1,0,6
46,1994,544,20,NaN,NaN,NaN,0,0,1,0,0,1
46,1994,545,6,NaN,NaN,NaN,0,0,1,1,0,0
46,1994,541,3,NaN,NaN,NaN,0,0,1,1,0,6
46,1994,272,14,NaN,NaN,NaN,0,0,1,1,0,0
46,1994,738,21,NaN,NaN,NaN,0,0,1,1,0,0
46,1994,296,2,NaN,NaN,NaN,0,0,1,1,0,9
46,1994,1021,1,NaN,NaN,NaN,0,0,1,1,0,13
46,1994,144,5,NaN,NaN,NaN,0,0,1,1,0,0
46,1994,1229,17,NaN,NaN,NaN,0,0,1,1,0,0
46,1994,247,1,NaN,NaN,NaN,0,0,1,1,0,0
46,1994,821,7,NaN,NaN,NaN,0,0,1,1,0,20
46,1994,174,18,NaN,NaN,NaN,0,0.0351811237505073,1,1,0,0
46,1994,96,11,NaN,NaN,NaN,0,0,1,0,0,6
46,1994,16,13,NaN,NaN,NaN,0,0,1,1,0,20
46,1994,1598,21,NaN,NaN,NaN,0,4.43948793847633,1,1,0,0
46,1994,1024,9,NaN,NaN,NaN,0,0,1,1,0,2
46,1994,1599,21,NaN,NaN,NaN,0,4.79479188061349,1,1,0,0
46,1994,20,21,NaN,NaN,NaN,0,0,1,1,0,13
46,1994,106,21,NaN,NaN,NaN,0,0,1,1,0,14
46,1994,102,19,NaN,NaN,NaN,0,6.45894773089031,1,1,0,0
46,1994,534,7,NaN,NaN,NaN,0,0,1,0,0,0
46,1994,887,13,NaN,NaN,NaN,0,0,1,1,0,5
46,1994,1448,18,NaN,NaN,NaN,0,0,1,1,0,16
46,1994,1196,1,NaN,NaN,NaN,0,0,1,1,0,0
46,1994,376,6,NaN,NaN,NaN,0,0,1,1,0,0
46,1994,1580,19,NaN,NaN,NaN,0,4.74356570011564,1,1,0,0
46,1994,811,17,NaN,NaN,NaN,0,0,1,1,0,0
46,1994,767,18,NaN,NaN,NaN,0,0,1,1,0,0
46,1994,1034,5,NaN,NaN,NaN,0,0,1,1,0,0
46,1994,858,13,NaN,NaN,NaN,0,0,1,1,0,9
46,1994,243,17,NaN,NaN,NaN,0,0,1,1,0,0
46,1994,142,16,NaN,NaN,NaN,0,0,1,0,0,5
46,1994,255,12,NaN,NaN,NaN,0,0,1,1,0,0
46,1994,763,6,NaN,NaN,NaN,0,0,1,1,0,0
46,1994,1107,16,NaN,NaN,NaN,0,0,1,1,0,11
46,1994,48,13,NaN,NaN,NaN,0,0,1,1,0,5
46,1994,444,8,NaN,NaN,NaN,0,0,1,1,0,0
46,1994,1439,9,NaN,NaN,NaN,0,0,1,1,0,8
46,1994,267,3,NaN,NaN,NaN,0,0,1,1,0,4
47,1994,738,21,NaN,NaN,NaN,0,0,1,1,0,0
47,1994,671,1,NaN,NaN,NaN,0,0,1,1,0,0
47,1994,907,1,NaN,NaN,NaN,0,0,1,0,0,0
47,1994,1199,18,NaN,NaN,NaN,0,0,1,1,0,9
47,1994,729,3,NaN,NaN,NaN,0,0,1,1,0,15
47,1994,255,12,NaN,NaN,NaN,0,0,1,1,0,0
47,1994,296,9,NaN,NaN,NaN,0,0,1,1,0,0
47,1994,1356,15,NaN,NaN,NaN,0,0,1,1,0,0
47,1994,44,18,NaN,NaN,NaN,0,0,1,0,0,0
47,1994,1441,17,NaN,NaN,NaN,0,0,1,0,0,2
47,1994,20,13,NaN,NaN,NaN,0,0,1,1,0,0
47,1994,956,13,NaN,NaN,NaN,0,0,1,1,0,12
47,1994,1024,2,NaN,NaN,NaN,0,0,1,1,0,0
47,1994,233,22,NaN,NaN,NaN,0,0,1,1,0,12
47,1994,1038,13,NaN,NaN,NaN,0,0,1,1,0,19
47,1994,722,11,NaN,NaN,NaN,0,0,1,1,0,18
47,1994,634,15,NaN,NaN,NaN,0,0,1,0,0,11
47,1994,444,8,NaN,NaN,NaN,0,0,1,1,0,17
47,1994,272,14,NaN,NaN,NaN,0,0,1,1,0,0
47,1994,410,6,NaN,NaN,NaN,0,0,1,1,0,0
47,1994,276,19,NaN,NaN,NaN,0,0,1,1,0,0
47,1994,27,20,NaN,NaN,NaN,0,0,1,0,0,17
47,1994,282,1,NaN,NaN,NaN,0,0,1,1,0,0
47,1994,1312,5,NaN,NaN,NaN,0,0,1,1,0,12
47,1994,347,1,NaN,NaN,NaN,0,0,1,1,0,13
47,1994,1021,13,NaN,NaN,NaN,0,0,1,1,0,7
47,1994,858,9,NaN,NaN,NaN,0,0,1,1,0,7
47,1994,1264,6,NaN,NaN,NaN,0,0,1,1,0,18
47,1994,245,7,NaN,NaN,NaN,0,0,1,1,0,6
47,1994,447,3,NaN,NaN,NaN,0,0,1,0,0,0
47,1994,102,19,NaN,NaN,NaN,0,6.45894773089031,1,1,0,0
47,1994,887,5,NaN,NaN,NaN,0,0,1,1,0,0
47,1994,1368,13,NaN,NaN,NaN,0,2.62302578187616,1,1,1,17
47,1994,1345,22,NaN,NaN,NaN,0,0,1,1,0,19
47,1994,922,21,NaN,NaN,NaN,0,0,1,1,0,12
47,1994,1394,22,NaN,NaN,NaN,0,0,1,0,0,17
47,1994,372,1,NaN,NaN,NaN,0,0,1,1,0,0
47,1994,1584,20,NaN,NaN,NaN,0,4.1773604040978,1,1,0,0
47,1994,501,9,NaN,NaN,NaN,0,0,1,1,0,0
47,1994,78,18,NaN,NaN,NaN,0,0,1,1,0,15
47,1994,1169,4,NaN,NaN,NaN,0,0,1,0,0,0
47,1994,267,4,NaN,NaN,NaN,0,0,1,1,0,0
47,1994,766,13,NaN,NaN,NaN,0,0,1,1,0,17
47,1994,1043,14,NaN,NaN,NaN,0,0,1,1,0,16
47,1994,769,21,NaN,NaN,NaN,0,0,1,1,0,13
47,1994,1003,18,NaN,NaN,NaN,0,0,1,1,0,17
47,1994,461,1,NaN,NaN,NaN,0,0,1,1,0,5
47,1994,182,17,NaN,NaN,NaN,0,0,1,1,0,0
47,1994,1195,15,NaN,NaN,NaN,0,0,1,1,0,4
47,1994,813,10,NaN,NaN,NaN,0,0,1,1,0,13
47,1994,1535,21,NaN,NaN,NaN,0,4.2648943090318,1,1,0,0
47,1994,1465,21,NaN,NaN,NaN,0,0,1,1,0,0
47,1994,1215,12,NaN,NaN,NaN,0,0,1,1,0,0
47,1994,162,13,NaN,NaN,NaN,0,0,1,1,0,0
47,1994,427,22,NaN,NaN,NaN,0,0,1,1,0,17
47,1994,48,5,NaN,NaN,NaN,0,0,1,1,0,1
47,1994,333,1,NaN,NaN,NaN,0,0,1,1,0,0
47,1994,247,1,NaN,NaN,NaN,0,0,1,1,0,15
47,1994,1391,6,NaN,NaN,NaN,0,0,1,1,0,17
47,1994,1599,21,NaN,NaN,NaN,0,4.79479188061349,1,1,0,0
47,1994,210,20,NaN,NaN,NaN,0,0,1,1,0,0
47,1994,607,7,NaN,NaN,NaN,0,0,1,1,0,13
47,1994,1439,8,NaN,NaN,NaN,0,0,1,1,0,0
47,1994,968,13,NaN,NaN,NaN,0,0,1,0,0,16
47,1994,1477,13,NaN,NaN,NaN,0,0,1,1,0,1
47,1994,545,6,NaN,NaN,NaN,0,0,1,1,0,0
47,1994,776,3,NaN,NaN,NaN,0,0,1,1,0,0
47,1994,1178,2,NaN,NaN,NaN,0,0,1,1,0,0
47,1994,1113,2,NaN,NaN,NaN,0,0,1,1,0,18
47,1994,174,18,NaN,NaN,NaN,0,0.0351811237505073,1,1,0,0
47,1994,541,6,NaN,NaN,NaN,0,0,1,1,0,3
47,1994,151,2,NaN,NaN,NaN,0,0,1,0,0,0
47,1994,1144,4,NaN,NaN,NaN,0,0,1,0,0,6
47,1994,47,18,NaN,NaN,NaN,0,0,1,1,0,3
47,1994,1598,21,NaN,NaN,NaN,0,4.43948793847633,1,1,0,0
47,1994,534,7,NaN,NaN,NaN,0,0,1,0,0,4
47,1994,1271,6,NaN,NaN,NaN,0,0,1,1,0,13
47,1994,554,9,NaN,NaN,NaN,0,0,1,1,0,12
47,1994,1122,4,NaN,NaN,NaN,0,0,1,1,0,0
47,1994,376,6,NaN,NaN,NaN,0,0,1,1,0,11
47,1994,1186,13,NaN,NaN,NaN,0,0,1,1,0,0
47,1994,390,20,NaN,NaN,NaN,0,0,1,1,0,8
47,1994,80,14,NaN,NaN,NaN,0,0,1,1,0,4
47,1994,308,3,NaN,NaN,NaN,0,0,1,0,0,15
47,1994,142,5,NaN,NaN,NaN,0,0,1,0,0,0
47,1994,767,18,NaN,NaN,NaN,0,0,1,1,0,14
47,1994,1130,15,NaN,NaN,NaN,0,0,1,0,0,2
47,1994,568,22,NaN,NaN,NaN,0,0,1,0,0,9
47,1994,593,4,NaN,NaN,NaN,0,0,1,0,0,0
47,1994,185,11,NaN,NaN,NaN,0,0,1,1,0,1
47,1994,1457,19,NaN,NaN,NaN,0,0,1,1,0,17
47,1994,250,8,NaN,NaN,NaN,0,0,1,0,0,2
47,1994,801,20,NaN,NaN,NaN,0,0,1,1,0,3
47,1994,1222,4,NaN,NaN,NaN,0,0,1,1,0,3
47,1994,403,12,NaN,NaN,NaN,0,0,1,1,0,21
47,1994,1240,13,NaN,NaN,NaN,0,0,1,1,0,0
47,1994,1196,1,NaN,NaN,NaN,0,0,1,1,0,13
47,1994,821,20,NaN,NaN,NaN,0,0,1,1,0,0
47,1994,144,5,NaN,NaN,NaN,0,0,1,1,0,0
47,1994,67,9,NaN,NaN,NaN,0,0,1,1,0,15
47,1994,745,1,NaN,NaN,NaN,0,0,1,1,0,0
47,1994,1227,6,NaN,NaN,NaN,0,0,1,1,0,0
47,1994,595,1,NaN,NaN,NaN,0,0,1,1,0,0
47,1994,811,17,NaN,NaN,NaN,0,0,1,1,0,2
47,1994,87,5,NaN,NaN,NaN,0,0,1,1,0,9
47,1994,128,11,NaN,NaN,NaN,0,0,1,0,0,0
47,1994,1124,12,NaN,NaN,NaN,0,0,1,0,0,0
47,1994,156,1,NaN,NaN,NaN,0,0,1,0,0,0
47,1994,323,10,NaN,NaN,NaN,0,0,1,0,0,0
47,1994,763,6,NaN,NaN,NaN,0,0,1,1,0,1
47,1994,625,4,NaN,NaN,NaN,0,0,1,1,0,0
47,1994,850,6,NaN,NaN,NaN,0,0,1,1,0,0
47,1994,1580,19,NaN,NaN,NaN,0,4.74356570011564,1,1,0,0
47,1994,134,5,NaN,NaN,NaN,0,0,1,1,0,3
47,1994,500,5,NaN,NaN,NaN,0,0,1,1,0,21
47,1994,1305,11,NaN,NaN,NaN,0,0,1,1,0,13
47,1994,1229,17,NaN,NaN,NaN,0,0,1,1,0,10
47,1994,1497,3,NaN,NaN,NaN,0,0,1,0,0,0
47,1994,243,17,NaN,NaN,NaN,0,0,1,1,0,21
47,1994,170,15,NaN,NaN,NaN,0,4.56771740773703,1,1,1,2
47,1994,346,22,NaN,NaN,NaN,0,0,1,0,0,0
47,1994,1364,12,NaN,NaN,NaN,0,0,1,1,0,0
47,1994,544,1,NaN,NaN,NaN,0,0,1,0,0,0
47,1994,931,7,NaN,NaN,NaN,0,0,1,1,0,2
47,1994,690,21,NaN,NaN,NaN,0,0,1,1,0,19
47,1994,1107,11,NaN,NaN,NaN,0,0,1,1,0,0
47,1994,487,18,NaN,NaN,NaN,0,0,1,0,0,0
47,1994,803,8,NaN,NaN,NaN,0,0.114126811983208,1,1,0,0
47,1994,800,9,NaN,NaN,NaN,0,0,1,1,0,17
47,1994,485,12,NaN,NaN,NaN,0,0,1,0,0,0
47,1994,96,6,NaN,NaN,NaN,0,0,1,0,0,0
47,1994,106,14,NaN,NaN,NaN,0,0,1,1,0,5
47,1994,1268,17,NaN,NaN,NaN,0,0,1,1,0,0
47,1994,925,19,NaN,NaN,NaN,0,0,1,1,0,0
47,1994,183,16,NaN,NaN,NaN,0,0,1,1,0,13
47,1994,985,10,NaN,NaN,NaN,0,0,1,1,0,0
47,1994,16,20,NaN,NaN,NaN,0,0,1,1,0,0
47,1994,1034,5,NaN,NaN,NaN,0,0,1,1,0,13
47,1994,368,7,NaN,NaN,NaN,0,0,1,1,0,21
47,1994,978,15,NaN,NaN,NaN,0,0,1,0,0,0
48,1994,1038,19,NaN,NaN,NaN,0,0,1,1,0,0
48,1994,968,16,NaN,NaN,NaN,0,0,1,0,0,3
48,1994,1113,18,NaN,NaN,NaN,0,0,1,1,0,3
48,1994,1222,3,NaN,NaN,NaN,0,0,1,1,0,11
48,1994,368,21,NaN,NaN,NaN,0,0,1,1,0,0
48,1994,134,3,NaN,NaN,NaN,0,0,1,1,0,12
48,1994,1178,2,NaN,NaN,NaN,0,0,1,1,0,14
48,1994,887,5,NaN,NaN,NaN,0,0,1,1,0,1
48,1994,1441,2,NaN,NaN,NaN,0,0,1,0,0,22
48,1994,267,4,NaN,NaN,NaN,0,0,1,1,0,5
48,1994,800,17,NaN,NaN,NaN,0,0,1,1,0,0
48,1994,27,17,NaN,NaN,NaN,0,0,1,0,0,6
48,1994,372,1,NaN,NaN,NaN,0,0,1,1,0,12
48,1994,44,18,NaN,NaN,NaN,0,0,1,0,0,0
48,1994,803,8,NaN,NaN,NaN,0,0.114126811983208,1,1,0,0
48,1994,956,12,NaN,NaN,NaN,0,0,1,1,0,11
48,1994,1439,8,NaN,NaN,NaN,0,0,1,1,0,19
48,1994,1227,6,NaN,NaN,NaN,0,0,1,1,0,0
48,1994,1122,4,NaN,NaN,NaN,0,0,1,1,0,0
48,1994,1124,12,NaN,NaN,NaN,0,0,1,0,0,0
48,1994,67,15,NaN,NaN,NaN,0,0,1,1,0,5
48,1994,210,20,NaN,NaN,NaN,0,0,1,1,0,3
48,1994,625,4,NaN,NaN,NaN,0,0,1,1,0,6
48,1994,376,11,NaN,NaN,NaN,0,0,1,1,0,0
48,1994,87,9,NaN,NaN,NaN,0,0,1,1,0,0
48,1994,1497,3,NaN,NaN,NaN,0,0,1,0,0,13
48,1994,1043,16,NaN,NaN,NaN,0,0,1,1,0,0
48,1994,323,10,NaN,NaN,NaN,0,0,1,0,0,0
48,1994,1391,17,NaN,NaN,NaN,0,0,1,1,0,1
48,1994,487,18,NaN,NaN,NaN,0,0,1,0,0,15
48,1994,1356,15,NaN,NaN,NaN,0,0,1,1,0,0
48,1994,985,10,NaN,NaN,NaN,0,0,1,1,0,0
48,1994,1394,17,NaN,NaN,NaN,0,0,1,0,0,13
48,1994,1199,9,NaN,NaN,NaN,0,0,1,1,0,22
48,1994,447,3,NaN,NaN,NaN,0,0,1,0,0,0
48,1994,346,22,NaN,NaN,NaN,0,0,1,0,0,0
48,1994,729,15,NaN,NaN,NaN,0,0,1,1,0,0
48,1994,245,6,NaN,NaN,NaN,0,0,1,1,0,7
48,1994,766,17,NaN,NaN,NaN,0,0,1,1,0,0
48,1994,500,21,NaN,NaN,NaN,0,0,1,1,0,3
48,1994,1024,2,NaN,NaN,NaN,0,0,1,1,0,0
48,1994,1196,13,NaN,NaN,NaN,0,0,1,1,0,0
48,1994,767,14,NaN,NaN,NaN,0,0,1,1,0,13
48,1994,1021,7,NaN,NaN,NaN,0,0,1,1,0,2
48,1994,16,20,NaN,NaN,NaN,0,0,1,1,0,13
48,1994,501,9,NaN,NaN,NaN,0,0,1,1,0,0
48,1994,1598,21,NaN,NaN,NaN,0,4.43948793847633,1,1,0,0
48,1994,151,2,NaN,NaN,NaN,0,0,1,0,0,13
48,1994,142,5,NaN,NaN,NaN,0,0,1,0,0,0
48,1994,185,1,NaN,NaN,NaN,0,0,1,1,0,0
48,1994,102,19,NaN,NaN,NaN,0,6.45894773089031,1,1,0,0
48,1994,1305,13,NaN,NaN,NaN,0,0,1,1,0,0
48,1994,1535,21,NaN,NaN,NaN,0,4.2648943090318,1,1,0,0
48,1994,128,11,NaN,NaN,NaN,0,0,1,0,0,0
48,1994,738,21,NaN,NaN,NaN,0,0,1,1,0,0
48,1994,444,17,NaN,NaN,NaN,0,0,1,1,0,18
48,1994,769,13,NaN,NaN,NaN,0,0,1,1,0,12
48,1994,461,5,NaN,NaN,NaN,0,0,1,1,0,17
48,1994,1268,17,NaN,NaN,NaN,0,0,1,1,0,0
48,1994,78,15,NaN,NaN,NaN,0,0,1,1,0,18
48,1994,1465,21,NaN,NaN,NaN,0,0,1,1,0,9
48,1994,48,1,NaN,NaN,NaN,0,0,1,1,0,2
48,1994,544,1,NaN,NaN,NaN,0,0,1,0,0,20
48,1994,545,6,NaN,NaN,NaN,0,0,1,1,0,0
48,1994,1368,17,NaN,NaN,NaN,0,0,1,0,0,13
48,1994,593,4,NaN,NaN,NaN,0,0,1,0,0,0
48,1994,763,1,NaN,NaN,NaN,0,0,1,1,0,0
48,1994,1345,19,NaN,NaN,NaN,0,0,1,1,0,22
48,1994,243,21,NaN,NaN,NaN,0,0,1,1,0,0
48,1994,671,1,NaN,NaN,NaN,0,0,1,1,0,0
48,1994,1034,13,NaN,NaN,NaN,0,0,1,1,0,3
48,1994,427,17,NaN,NaN,NaN,0,0,1,1,0,16
48,1994,1215,12,NaN,NaN,NaN,0,0,1,1,0,2
48,1994,162,13,NaN,NaN,NaN,0,0,1,1,0,0
48,1994,347,13,NaN,NaN,NaN,0,0,1,1,0,11
48,1994,276,19,NaN,NaN,NaN,0,0,1,1,0,10
48,1994,272,14,NaN,NaN,NaN,0,0,1,1,0,18
48,1994,170,2,NaN,NaN,NaN,0,0,1,0,0,15
48,1994,47,3,NaN,NaN,NaN,0,0,1,1,0,9
48,1994,250,2,NaN,NaN,NaN,0,0,1,0,0,0
48,1994,106,5,NaN,NaN,NaN,0,0,1,1,0,0
48,1994,922,12,NaN,NaN,NaN,0,0,1,1,0,3
48,1994,403,21,NaN,NaN,NaN,0,0,1,1,0,3
48,1994,233,12,NaN,NaN,NaN,0,0,1,1,0,0
48,1994,813,13,NaN,NaN,NaN,0,0,1,1,0,0
48,1994,858,7,NaN,NaN,NaN,0,0,1,1,0,1
48,1994,183,13,NaN,NaN,NaN,0,0,1,1,0,0
48,1994,174,18,NaN,NaN,NaN,0,0.0351811237505073,1,1,0,0
48,1994,595,1,NaN,NaN,NaN,0,0,1,1,0,0
48,1994,96,6,NaN,NaN,NaN,0,0,1,0,0,18
48,1994,144,5,NaN,NaN,NaN,0,0,1,1,0,18
48,1994,1364,12,NaN,NaN,NaN,0,0,1,1,0,18
48,1994,1457,17,NaN,NaN,NaN,0,0,1,1,0,0
48,1994,282,1,NaN,NaN,NaN,0,0,1,1,0,0
48,1994,850,6,NaN,NaN,NaN,0,0,1,1,0,0
48,1994,1186,13,NaN,NaN,NaN,0,0,1,1,0,1
48,1994,925,19,NaN,NaN,NaN,0,0,1,1,0,0
48,1994,80,4,NaN,NaN,NaN,0,0,1,1,0,15
48,1994,1195,4,NaN,NaN,NaN,0,0,1,1,0,0
48,1994,156,1,NaN,NaN,NaN,0,0,1,0,0,0
48,1994,722,18,NaN,NaN,NaN,0,0,1,1,0,21
48,1994,634,11,NaN,NaN,NaN,0,0,1,0,0,1
48,1994,534,4,NaN,NaN,NaN,0,0,1,0,0,17
48,1994,182,17,NaN,NaN,NaN,0,0,1,1,0,0
48,1994,1144,6,NaN,NaN,NaN,0,0,1,0,0,0
48,1994,1580,19,NaN,NaN,NaN,0,4.74356570011564,1,1,0,0
48,1994,247,15,NaN,NaN,NaN,0,0,1,1,0,0
48,1994,1477,1,NaN,NaN,NaN,0,0,1,1,0,0
48,1994,690,19,NaN,NaN,NaN,0,0,1,1,0,0
48,1994,811,2,NaN,NaN,NaN,0,0,1,1,0,0
48,1994,1169,4,NaN,NaN,NaN,0,0,1,0,0,6
48,1994,568,9,NaN,NaN,NaN,0,0,1,0,0,0
48,1994,541,3,NaN,NaN,NaN,0,0,1,1,0,0
48,1994,1264,18,NaN,NaN,NaN,0,0,1,1,0,0
48,1994,20,13,NaN,NaN,NaN,0,0,1,1,0,21
48,1994,1229,10,NaN,NaN,NaN,0,0,1,1,0,7
48,1994,745,1,NaN,NaN,NaN,0,0,1,1,0,0
48,1994,255,12,NaN,NaN,NaN,0,0,1,1,0,7
48,1994,410,6,NaN,NaN,NaN,0,0,1,1,0,0
48,1994,390,8,NaN,NaN,NaN,0,0,1,1,0,20
48,1994,1240,13,NaN,NaN,NaN,0,0,1,1,0,0
48,1994,333,1,NaN,NaN,NaN,0,0,1,1,0,0
48,1994,485,12,NaN,NaN,NaN,0,0,1,0,0,0
48,1994,296,9,NaN,NaN,NaN,0,0,1,1,0,0
48,1994,607,13,NaN,NaN,NaN,0,0,1,1,0,17
48,1994,931,2,NaN,NaN,NaN,0,0,1,1,0,0
48,1994,907,1,NaN,NaN,NaN,0,0,1,0,0,12
48,1994,1107,11,NaN,NaN,NaN,0,0,1,1,0,0
48,1994,308,15,NaN,NaN,NaN,0,0,1,0,0,3
48,1994,1312,12,NaN,NaN,NaN,0,0,1,1,0,7
48,1994,1584,20,NaN,NaN,NaN,0,4.1773604040978,1,1,0,0
48,1994,1003,17,NaN,NaN,NaN,0,0,1,1,0,12
48,1994,801,3,NaN,NaN,NaN,0,0,1,1,0,0
48,1994,1599,21,NaN,NaN,NaN,0,4.79479188061349,1,1,0,0
48,1994,978,15,NaN,NaN,NaN,0,0,1,0,0,0
48,1994,554,12,NaN,NaN,NaN,0,0,1,1,0,6
48,1994,1130,2,NaN,NaN,NaN,0,0,1,0,0,12
48,1994,821,20,NaN,NaN,NaN,0,0,1,1,0,18
48,1994,1271,13,NaN,NaN,NaN,0,0,1,1,0,3
49,1994,1457,17,NaN,NaN,NaN,0,0,1,1,0,0
49,1994,182,17,NaN,NaN,NaN,0,0,1,1,0,0
49,1994,390,20,NaN,NaN,NaN,0,0,1,1,0,0
49,1994,247,15,NaN,NaN,NaN,0,0,1,1,0,0
49,1994,925,19,NaN,NaN,NaN,0,0,1,1,0,0
49,1994,811,2,NaN,NaN,NaN,0,0,1,1,0,0
49,1994,766,17,NaN,NaN,NaN,0,0,1,1,0,19
49,1994,1271,3,NaN,NaN,NaN,0,0,1,1,0,0
49,1994,185,1,NaN,NaN,NaN,0,0,1,1,0,0
49,1994,347,11,NaN,NaN,NaN,0,0,1,1,0,13
49,1994,372,12,NaN,NaN,NaN,0,0,1,1,0,16
49,1994,1024,2,NaN,NaN,NaN,0,0,1,1,0,13
49,1994,1312,7,NaN,NaN,NaN,0,0,1,1,0,21
49,1994,1229,7,NaN,NaN,NaN,0,0,1,1,0,0
49,1994,210,3,NaN,NaN,NaN,0,0,1,1,0,16
49,1994,769,12,NaN,NaN,NaN,0,1.81157607111509,1,1,1,18
49,1994,1038,19,NaN,NaN,NaN,0,0,1,1,0,2
49,1994,134,12,NaN,NaN,NaN,0,4.11768439030159,1,1,1,6
49,1994,376,11,NaN,NaN,NaN,0,0,1,1,0,0
49,1994,907,12,NaN,NaN,NaN,0,4.6827390606217,1,1,1,5
49,1994,1441,22,NaN,NaN,NaN,0,0,1,1,0,4
49,1994,243,21,NaN,NaN,NaN,0,0,1,1,0,13
49,1994,745,1,NaN,NaN,NaN,0,3.22027400245387,1,1,1,16
49,1994,267,5,NaN,NaN,NaN,0,0,1,1,0,6
49,1994,554,6,NaN,NaN,NaN,0,0,1,1,0,0
49,1994,1394,13,NaN,NaN,NaN,0,0,1,1,0,0
49,1994,48,2,NaN,NaN,NaN,0,0,1,1,0,6
49,1994,729,15,NaN,NaN,NaN,0,0,1,1,0,11
49,1994,47,9,NaN,NaN,NaN,0,0,1,1,0,3
49,1994,245,7,NaN,NaN,NaN,0,0,1,1,0,8
49,1994,308,3,NaN,NaN,NaN,0,5.88931007625258,1,1,1,15
49,1994,183,13,NaN,NaN,NaN,0,0,1,1,0,14
49,1994,887,1,NaN,NaN,NaN,0,0,1,1,0,3
49,1994,272,18,NaN,NaN,NaN,0,0,1,1,0,17
49,1994,233,12,NaN,NaN,NaN,0,0,1,1,0,16
49,1994,968,3,NaN,NaN,NaN,0,0,1,1,0,0
49,1994,858,1,NaN,NaN,NaN,0,0,1,1,0,0
49,1994,1345,22,NaN,NaN,NaN,0,0,1,1,0,10
49,1994,1598,21,NaN,NaN,NaN,0,2.17622118170077,1,1,0,0
49,1994,96,18,NaN,NaN,NaN,0,3.66317474162055,1,1,1,15
49,1994,276,10,NaN,NaN,NaN,0,0,1,1,0,16
49,1994,144,18,NaN,NaN,NaN,0,0,1,1,0,0
49,1994,1227,6,NaN,NaN,NaN,0,0,1,1,0,0
49,1994,20,21,NaN,NaN,NaN,0,0,1,1,0,0
49,1994,568,9,NaN,NaN,NaN,0,5.87040103361441,1,1,1,16
49,1994,170,15,NaN,NaN,NaN,0,4.44754548236075,1,0,0,0
49,1994,1264,18,NaN,NaN,NaN,0,0,1,1,0,0
49,1994,595,1,NaN,NaN,NaN,0,0,1,1,0,5
49,1994,1107,11,NaN,NaN,NaN,0,0,1,1,0,0
49,1994,1144,6,NaN,NaN,NaN,0,6.29639272345156,1,1,1,15
49,1994,162,13,NaN,NaN,NaN,0,0,1,1,0,17
49,1994,1215,2,NaN,NaN,NaN,0,0,1,1,0,0
49,1994,403,3,NaN,NaN,NaN,0,0,1,1,0,14
49,1994,1124,12,NaN,NaN,NaN,0,3.75635374986778,1,1,1,13
49,1994,593,4,NaN,NaN,NaN,0,3.94248692678071,1,1,1,13
49,1994,1196,13,NaN,NaN,NaN,0,0,1,1,0,0
49,1994,16,13,NaN,NaN,NaN,0,0,1,1,0,9
49,1994,282,1,NaN,NaN,NaN,0,0,1,1,0,0
49,1994,1391,1,NaN,NaN,NaN,0,0,1,1,0,0
49,1994,671,1,NaN,NaN,NaN,0,0,1,1,0,12
49,1994,1034,3,NaN,NaN,NaN,0,0,1,1,0,5
49,1994,545,6,NaN,NaN,NaN,0,0,1,1,0,0
49,1994,607,17,NaN,NaN,NaN,0,0,1,1,0,0
49,1994,1178,14,NaN,NaN,NaN,0,0,1,1,0,18
49,1994,447,3,NaN,NaN,NaN,0,0,1,1,0,0
49,1994,174,18,NaN,NaN,NaN,0,2.42529537278364,1,1,1,9
49,1994,1368,13,NaN,NaN,NaN,0,3.19308776510501,1,0,0,5
49,1994,250,2,NaN,NaN,NaN,0,3.28394231213095,1,1,1,7
49,1994,142,5,NaN,NaN,NaN,0,0,1,1,0,0
49,1994,813,13,NaN,NaN,NaN,0,0,1,1,0,0
49,1994,1584,20,NaN,NaN,NaN,0,2.97648062251126,1,1,0,0
49,1994,410,6,NaN,NaN,NaN,0,0,1,1,0,0
49,1994,1222,11,NaN,NaN,NaN,0,0,1,1,0,0
49,1994,541,3,NaN,NaN,NaN,0,1.75466415208893,1,1,1,13
49,1994,767,13,NaN,NaN,NaN,0,0,1,1,0,0
49,1994,1580,19,NaN,NaN,NaN,0,3.62603819485308,1,1,0,0
49,1994,444,18,NaN,NaN,NaN,0,0,1,1,0,0
49,1994,67,5,NaN,NaN,NaN,0,0,1,1,0,4
49,1994,931,2,NaN,NaN,NaN,0,0,1,1,0,11
49,1994,1364,18,NaN,NaN,NaN,0,0,1,1,0,12
49,1994,368,21,NaN,NaN,NaN,0,0,1,1,0,8
49,1994,485,12,NaN,NaN,NaN,0,5.01621732058932,1,1,1,2
49,1994,1268,17,NaN,NaN,NaN,0,0,1,1,0,13
49,1994,722,21,NaN,NaN,NaN,0,0,1,1,0,16
49,1994,106,5,NaN,NaN,NaN,0,0,1,1,0,0
49,1994,978,15,NaN,NaN,NaN,0,0,1,1,0,0
49,1994,461,17,NaN,NaN,NaN,0,0.986975771607052,1,1,1,2
49,1994,800,17,NaN,NaN,NaN,0,0,1,1,0,18
49,1994,1477,1,NaN,NaN,NaN,0,0,1,1,0,10
49,1994,296,9,NaN,NaN,NaN,0,0,1,1,0,11
49,1994,44,18,NaN,NaN,NaN,0,4.01323224376655,1,1,1,5
49,1994,323,10,NaN,NaN,NaN,0,5.47319573513006,1,1,1,7
49,1994,1305,13,NaN,NaN,NaN,0,0,1,1,0,0
49,1994,850,6,NaN,NaN,NaN,0,0,1,1,0,0
49,1994,1240,13,NaN,NaN,NaN,0,0,1,1,0,0
49,1994,738,21,NaN,NaN,NaN,0,3.84065762384713,1,1,1,13
49,1994,1021,2,NaN,NaN,NaN,0,0,1,1,0,19
49,1994,922,3,NaN,NaN,NaN,0,0,1,1,0,12
49,1994,1113,3,NaN,NaN,NaN,0,0,1,1,0,2
49,1994,1465,9,NaN,NaN,NaN,0,0,1,1,0,0
49,1994,78,18,NaN,NaN,NaN,0,0,1,1,0,3
49,1994,1439,19,NaN,NaN,NaN,0,0,1,1,0,0
49,1994,151,13,NaN,NaN,NaN,0,5.70185291217901,1,1,1,2
49,1994,1130,12,NaN,NaN,NaN,0,4.11748136483123,1,1,1,15
49,1994,80,15,NaN,NaN,NaN,0,0,1,1,0,14
49,1994,1535,21,NaN,NaN,NaN,0,3.9227913766642,1,1,0,0
49,1994,801,3,NaN,NaN,NaN,0,0,1,1,0,18
49,1994,333,1,NaN,NaN,NaN,0,0,1,1,0,5
49,1994,1195,4,NaN,NaN,NaN,0,0,1,1,0,3
49,1994,487,15,NaN,NaN,NaN,0,0,1,1,0,0
49,1994,763,1,NaN,NaN,NaN,0,0,1,1,0,21
49,1994,803,8,NaN,NaN,NaN,0,5.23570744774806,1,1,1,5
49,1994,534,17,NaN,NaN,NaN,0,0,1,1,0,20
49,1994,821,18,NaN,NaN,NaN,0,0,1,1,0,0
49,1994,1043,16,NaN,NaN,NaN,0,0,1,1,0,13
49,1994,102,19,NaN,NaN,NaN,0,5.98252191707973,1,1,0,0
49,1994,427,16,NaN,NaN,NaN,0,0,1,1,0,13
49,1994,1003,12,NaN,NaN,NaN,0,0,1,1,0,0
49,1994,87,9,NaN,NaN,NaN,0,0,1,1,0,13
49,1994,346,22,NaN,NaN,NaN,0,2.62653598576344,1,1,1,10
49,1994,1356,15,NaN,NaN,NaN,0,0,1,1,0,17
49,1994,1199,22,NaN,NaN,NaN,0,0,1,1,0,14
49,1994,1497,13,NaN,NaN,NaN,0,0,1,1,0,0
49,1994,1122,4,NaN,NaN,NaN,0,0.123909393509812,1,1,0,0
49,1994,690,19,NaN,NaN,NaN,0,0,1,1,0,21
49,1994,1186,1,NaN,NaN,NaN,0,0,1,1,0,13
49,1994,156,1,NaN,NaN,NaN,0,2.55095539369962,1,1,1,7
49,1994,501,9,NaN,NaN,NaN,0,0,1,1,0,0
49,1994,634,1,NaN,NaN,NaN,0,1.48357157036663,1,1,1,9
49,1994,544,20,NaN,NaN,NaN,0,4.46089872468747,1,1,1,1
49,1994,1599,21,NaN,NaN,NaN,0,4.10979938757551,1,1,0,0
49,1994,27,6,NaN,NaN,NaN,0,0,1,1,0,20
49,1994,128,11,NaN,NaN,NaN,0,3.95359326375487,1,1,1,20
49,1994,625,6,NaN,NaN,NaN,0,0,1,1,0,16
49,1994,500,3,NaN,NaN,NaN,0,0,1,1,0,13
49,1994,255,7,NaN,NaN,NaN,0,0,1,1,0,12
49,1994,985,10,NaN,NaN,NaN,0,0,1,1,0,22
49,1994,1169,6,NaN,NaN,NaN,0,5.59040407810189,1,1,1,4
50,1995,183,14,NaN,NaN,NaN,0,0,1,1,0,5
50,1995,1124,13,NaN,NaN,NaN,0,0,1,0,0,0
50,1995,729,11,NaN,NaN,NaN,0,0,1,1,0,1
50,1995,931,11,NaN,NaN,NaN,0,0,1,1,0,7
50,1995,368,8,NaN,NaN,NaN,0,0,1,1,0,0
50,1995,1580,19,NaN,NaN,NaN,0,3.62603819485308,1,1,0,0
50,1995,738,13,NaN,NaN,NaN,0,0,1,0,0,21
50,1995,427,13,NaN,NaN,NaN,0,0,1,1,0,0
50,1995,595,5,NaN,NaN,NaN,0,0,1,1,0,12
50,1995,372,16,NaN,NaN,NaN,0,0,1,1,0,6
50,1995,545,6,NaN,NaN,NaN,0,0,1,1,0,0
50,1995,767,13,NaN,NaN,NaN,0,0,1,1,0,5
50,1995,1305,13,NaN,NaN,NaN,0,0,1,1,0,0
50,1995,162,17,NaN,NaN,NaN,0,0,1,1,0,0
50,1995,1345,10,NaN,NaN,NaN,0,0,1,1,0,3
50,1995,1535,21,NaN,NaN,NaN,0,3.9227913766642,1,1,0,0
50,1995,276,16,NaN,NaN,NaN,0,0,1,1,0,14
50,1995,1107,11,NaN,NaN,NaN,0,0,1,1,0,22
50,1995,243,13,NaN,NaN,NaN,0,0,1,1,0,5
50,1995,96,15,NaN,NaN,NaN,0,0,1,0,0,6
50,1995,1024,13,NaN,NaN,NaN,0,0,1,1,0,4
50,1995,210,16,NaN,NaN,NaN,0,0,1,1,0,15
50,1995,769,18,NaN,NaN,NaN,0,0,1,0,0,12
50,1995,347,13,NaN,NaN,NaN,0,0,1,1,0,0
50,1995,1229,7,NaN,NaN,NaN,0,0,1,1,0,0
50,1995,403,14,NaN,NaN,NaN,0,0,1,1,0,21
50,1995,247,15,NaN,NaN,NaN,0,0,1,1,0,0
50,1995,1477,10,NaN,NaN,NaN,0,0,1,1,0,9
50,1995,925,19,NaN,NaN,NaN,0,0,1,1,0,0
50,1995,1222,11,NaN,NaN,NaN,0,0,1,1,0,0
50,1995,813,13,NaN,NaN,NaN,0,0,1,1,0,3
50,1995,690,21,NaN,NaN,NaN,0,0,1,1,0,0
50,1995,102,19,NaN,NaN,NaN,0,5.98252191707973,1,1,0,0
50,1995,763,21,NaN,NaN,NaN,0,0,1,1,0,22
50,1995,541,13,NaN,NaN,NaN,0,0,1,0,0,3
50,1995,1196,13,NaN,NaN,NaN,0,0,1,1,0,5
50,1995,1227,6,NaN,NaN,NaN,0,0,1,1,0,0
50,1995,245,8,NaN,NaN,NaN,0,0,1,1,0,18
50,1995,1113,2,NaN,NaN,NaN,0,0,1,1,0,6
50,1995,333,5,NaN,NaN,NaN,0,0,1,1,0,0
50,1995,255,12,NaN,NaN,NaN,0,0,1,1,0,5
50,1995,671,12,NaN,NaN,NaN,0,0,1,1,0,16
50,1995,47,3,NaN,NaN,NaN,0,0,1,1,0,18
50,1995,174,9,NaN,NaN,NaN,0,0,1,0,0,18
50,1995,282,1,NaN,NaN,NaN,0,0,1,1,0,0
50,1995,1598,21,NaN,NaN,NaN,0,2.17622118170077,1,1,0,0
50,1995,722,16,NaN,NaN,NaN,0,0,1,1,0,0
50,1995,544,1,NaN,NaN,NaN,0,0,1,0,0,0
50,1995,745,16,NaN,NaN,NaN,0,0,1,0,0,1
50,1995,625,16,NaN,NaN,NaN,0,0,1,1,0,22
50,1995,1312,21,NaN,NaN,NaN,0,0,1,1,0,22
50,1995,156,7,NaN,NaN,NaN,0,0,1,0,0,1
50,1995,1195,3,NaN,NaN,NaN,0,0,1,1,0,15
50,1995,607,17,NaN,NaN,NaN,0,0,1,1,0,0
50,1995,170,15,NaN,NaN,NaN,0,4.44754548236075,1,0,0,0
50,1995,376,11,NaN,NaN,NaN,0,0,1,1,0,8
50,1995,142,5,NaN,NaN,NaN,0,0,1,1,0,0
50,1995,296,11,NaN,NaN,NaN,0,0,1,1,0,14
50,1995,233,16,NaN,NaN,NaN,0,0,1,1,0,12
50,1995,1391,1,NaN,NaN,NaN,0,0,1,1,0,0
50,1995,1003,12,NaN,NaN,NaN,0,0,1,1,0,4
50,1995,1144,15,NaN,NaN,NaN,0,0,1,0,0,0
50,1995,447,3,NaN,NaN,NaN,0,0,1,1,0,0
50,1995,985,22,NaN,NaN,NaN,0,0,1,1,0,20
50,1995,485,2,NaN,NaN,NaN,0,0,1,0,0,12
50,1995,858,1,NaN,NaN,NaN,0,0,1,1,0,10
50,1995,1043,13,NaN,NaN,NaN,0,0,1,1,0,16
50,1995,16,9,NaN,NaN,NaN,0,0,1,1,0,1
50,1995,390,20,NaN,NaN,NaN,0,0,1,1,0,0
50,1995,128,20,NaN,NaN,NaN,0,0,1,0,0,11
50,1995,1439,19,NaN,NaN,NaN,0,0,1,1,0,0
50,1995,144,18,NaN,NaN,NaN,0,0,1,1,0,0
50,1995,1364,12,NaN,NaN,NaN,0,0,1,1,0,6
50,1995,1268,13,NaN,NaN,NaN,0,0,1,1,0,17
50,1995,634,9,NaN,NaN,NaN,0,0,1,0,0,17
50,1995,1465,9,NaN,NaN,NaN,0,0,1,1,0,0
50,1995,501,9,NaN,NaN,NaN,0,0,1,1,0,0
50,1995,887,3,NaN,NaN,NaN,0,0,1,1,0,1
50,1995,151,2,NaN,NaN,NaN,0,0,1,0,0,0
50,1995,272,17,NaN,NaN,NaN,0,0,1,1,0,18
50,1995,87,13,NaN,NaN,NaN,0,0,1,1,0,9
50,1995,487,15,NaN,NaN,NaN,0,0,1,1,0,13
50,1995,308,15,NaN,NaN,NaN,0,0,1,0,0,3
50,1995,20,21,NaN,NaN,NaN,0,0,1,1,0,5
50,1995,1215,2,NaN,NaN,NaN,0,0,1,1,0,4
50,1995,534,20,NaN,NaN,NaN,0,0,1,1,0,5
50,1995,968,3,NaN,NaN,NaN,0,0,1,1,0,17
50,1995,267,6,NaN,NaN,NaN,0,0,1,1,0,5
50,1995,850,6,NaN,NaN,NaN,0,0,1,1,0,0
50,1995,1584,20,NaN,NaN,NaN,0,2.97648062251126,1,1,0,0
50,1995,803,5,NaN,NaN,NaN,0,0,1,0,0,20
50,1995,444,18,NaN,NaN,NaN,0,0,1,1,0,3
50,1995,44,5,NaN,NaN,NaN,0,0,1,0,0,0
50,1995,1394,13,NaN,NaN,NaN,0,0,1,1,0,0
50,1995,250,7,NaN,NaN,NaN,0,0,1,0,0,22
50,1995,821,18,NaN,NaN,NaN,0,0,1,1,0,17
50,1995,134,6,NaN,NaN,NaN,0,0,1,0,0,0
50,1995,48,6,NaN,NaN,NaN,0,0,1,1,0,0
50,1995,182,17,NaN,NaN,NaN,0,0,1,1,0,0
50,1995,922,12,NaN,NaN,NaN,0,0,1,1,0,0
50,1995,568,16,NaN,NaN,NaN,0,0,1,0,0,0
50,1995,1178,18,NaN,NaN,NaN,0,0,1,1,0,0
50,1995,1441,4,NaN,NaN,NaN,0,0,1,1,0,0
50,1995,1368,5,NaN,NaN,NaN,0,3.19308776510501,1,0,0,0
50,1995,1034,5,NaN,NaN,NaN,0,0,1,1,0,0
50,1995,67,4,NaN,NaN,NaN,0,0,1,1,0,1
50,1995,410,6,NaN,NaN,NaN,0,0,1,1,0,0
50,1995,27,20,NaN,NaN,NaN,0,0,1,1,0,0
50,1995,1021,19,NaN,NaN,NaN,0,0,1,1,0,2
50,1995,1356,17,NaN,NaN,NaN,0,0,1,1,0,0
50,1995,593,13,NaN,NaN,NaN,0,0,1,0,0,4
50,1995,1240,13,NaN,NaN,NaN,0,0,1,1,0,0
50,1995,1199,14,NaN,NaN,NaN,0,0,1,1,0,16
50,1995,1169,4,NaN,NaN,NaN,0,0,1,0,0,6
50,1995,1271,3,NaN,NaN,NaN,0,0,1,1,0,1
50,1995,1264,18,NaN,NaN,NaN,0,0,1,1,0,5
50,1995,801,18,NaN,NaN,NaN,0,0,1,1,0,0
50,1995,1038,2,NaN,NaN,NaN,0,0,1,1,0,17
50,1995,500,13,NaN,NaN,NaN,0,0,1,1,0,0
50,1995,185,1,NaN,NaN,NaN,0,0,1,1,0,19
50,1995,1497,13,NaN,NaN,NaN,0,0,1,1,0,2
50,1995,1122,4,NaN,NaN,NaN,0,0.123909393509812,1,1,0,0
50,1995,766,19,NaN,NaN,NaN,0,0,1,1,0,4
50,1995,106,5,NaN,NaN,NaN,0,0,1,1,0,14
50,1995,978,15,NaN,NaN,NaN,0,0,1,1,0,0
50,1995,1457,17,NaN,NaN,NaN,0,0,1,1,0,19
50,1995,346,10,NaN,NaN,NaN,0,0,1,0,0,5
50,1995,811,2,NaN,NaN,NaN,0,0,1,1,0,4
50,1995,1130,15,NaN,NaN,NaN,0,0,1,0,0,2
50,1995,1186,13,NaN,NaN,NaN,0,0,1,1,0,0
50,1995,554,6,NaN,NaN,NaN,0,0,1,1,0,11
50,1995,80,14,NaN,NaN,NaN,0,0,1,1,0,1
50,1995,800,18,NaN,NaN,NaN,0,0,1,1,0,13
50,1995,907,5,NaN,NaN,NaN,0,0,1,0,0,0
50,1995,461,2,NaN,NaN,NaN,0,0,1,0,0,4
50,1995,1599,21,NaN,NaN,NaN,0,4.10979938757551,1,1,0,0
50,1995,78,3,NaN,NaN,NaN,0,0,1,1,0,0
50,1995,323,7,NaN,NaN,NaN,0,0,1,0,0,10
51,1995,821,17,NaN,NaN,NaN,0,0,1,1,0,10
51,1995,1598,21,NaN,NaN,NaN,0,2.17622118170077,1,1,0,0
51,1995,801,18,NaN,NaN,NaN,0,0,1,1,0,0
51,1995,1130,2,NaN,NaN,NaN,0,0,1,0,0,0
51,1995,968,17,NaN,NaN,NaN,0,0,1,1,0,1
51,1995,1465,9,NaN,NaN,NaN,0,0,1,1,0,0
51,1995,1215,4,NaN,NaN,NaN,0,0,1,1,0,1
51,1995,767,5,NaN,NaN,NaN,0,0,1,1,0,11
51,1995,534,5,NaN,NaN,NaN,0,0,1,1,0,22
51,1995,44,5,NaN,NaN,NaN,0,0,1,0,0,3
51,1995,447,3,NaN,NaN,NaN,0,0,1,1,0,0
51,1995,1497,2,NaN,NaN,NaN,0,0,1,1,0,0
51,1995,267,5,NaN,NaN,NaN,0,0,1,1,0,0
51,1995,850,6,NaN,NaN,NaN,0,0,1,1,0,0
51,1995,182,17,NaN,NaN,NaN,0,0,1,1,0,0
51,1995,1021,2,NaN,NaN,NaN,0,0,1,1,0,7
51,1995,247,15,NaN,NaN,NaN,0,0,1,1,0,0
51,1995,1240,13,NaN,NaN,NaN,0,0,1,1,0,0
51,1995,485,12,NaN,NaN,NaN,0,0,1,0,0,0
51,1995,1043,16,NaN,NaN,NaN,0,0,1,1,0,10
51,1995,1584,20,NaN,NaN,NaN,0,2.97648062251126,1,1,0,0
51,1995,16,1,NaN,NaN,NaN,0,0,1,1,0,13
51,1995,634,17,NaN,NaN,NaN,0,0,1,0,0,9
51,1995,323,10,NaN,NaN,NaN,0,0,1,0,0,0
51,1995,134,6,NaN,NaN,NaN,0,0,1,0,0,0
51,1995,87,9,NaN,NaN,NaN,0,0,1,1,0,1
51,1995,593,4,NaN,NaN,NaN,0,0,1,0,0,0
51,1995,128,11,NaN,NaN,NaN,0,0,1,0,0,0
51,1995,501,9,NaN,NaN,NaN,0,0,1,1,0,0
51,1995,925,19,NaN,NaN,NaN,0,0,1,1,0,0
51,1995,1038,17,NaN,NaN,NaN,0,0,1,1,0,0
51,1995,729,1,NaN,NaN,NaN,0,0,1,1,0,4
51,1995,1271,1,NaN,NaN,NaN,0,0,1,1,0,0
51,1995,346,5,NaN,NaN,NaN,0,0,1,0,0,0
51,1995,1439,19,NaN,NaN,NaN,0,0,1,1,0,0
51,1995,568,16,NaN,NaN,NaN,0,0,1,0,0,0
51,1995,907,5,NaN,NaN,NaN,0,0,1,0,0,0
51,1995,174,18,NaN,NaN,NaN,0,0,1,0,0,0
51,1995,1580,19,NaN,NaN,NaN,0,3.62603819485308,1,1,0,0
51,1995,1122,4,NaN,NaN,NaN,0,0.123909393509812,1,1,0,0
51,1995,858,10,NaN,NaN,NaN,0,0,1,1,0,22
51,1995,20,5,NaN,NaN,NaN,0,0,1,1,0,0
51,1995,1107,22,NaN,NaN,NaN,0,0,1,1,0,2
51,1995,333,5,NaN,NaN,NaN,0,0,1,1,0,7
51,1995,500,13,NaN,NaN,NaN,0,0,1,1,0,5
51,1995,183,5,NaN,NaN,NaN,0,0,1,1,0,8
51,1995,282,1,NaN,NaN,NaN,0,0,1,1,0,3
51,1995,347,13,NaN,NaN,NaN,0,0,1,1,0,22
51,1995,80,1,NaN,NaN,NaN,0,0,1,1,0,22
51,1995,813,3,NaN,NaN,NaN,0,0,1,1,0,22
51,1995,1196,5,NaN,NaN,NaN,0,0,1,1,0,15
51,1995,1222,11,NaN,NaN,NaN,0,0,1,1,0,1
51,1995,390,20,NaN,NaN,NaN,0,0,1,1,0,22
51,1995,1268,17,NaN,NaN,NaN,0,0,1,1,0,13
51,1995,250,22,NaN,NaN,NaN,0,0,1,0,0,21
51,1995,1034,5,NaN,NaN,NaN,0,0,1,1,0,11
51,1995,170,15,NaN,NaN,NaN,0,4.44754548236075,1,1,1,13
51,1995,185,19,NaN,NaN,NaN,0,0,1,1,0,17
51,1995,1186,13,NaN,NaN,NaN,0,0,1,1,0,0
51,1995,142,5,NaN,NaN,NaN,0,0,1,1,0,0
51,1995,1264,5,NaN,NaN,NaN,0,0,1,1,0,0
51,1995,1457,19,NaN,NaN,NaN,0,0,1,1,0,0
51,1995,595,12,NaN,NaN,NaN,0,0,1,1,0,6
51,1995,376,8,NaN,NaN,NaN,0,0,1,1,0,21
51,1995,67,1,NaN,NaN,NaN,0,0,1,1,0,0
51,1995,887,1,NaN,NaN,NaN,0,0,1,1,0,0
51,1995,766,4,NaN,NaN,NaN,0,0,1,1,0,11
51,1995,243,5,NaN,NaN,NaN,0,0,1,1,0,1
51,1995,978,15,NaN,NaN,NaN,0,0,1,1,0,0
51,1995,27,20,NaN,NaN,NaN,0,0,1,1,0,4
51,1995,78,3,NaN,NaN,NaN,0,0,1,1,0,0
51,1995,1345,3,NaN,NaN,NaN,0,0,1,1,0,4
51,1995,47,18,NaN,NaN,NaN,0,0,1,1,0,2
51,1995,1312,22,NaN,NaN,NaN,0,0,1,1,0,21
51,1995,162,17,NaN,NaN,NaN,0,0,1,1,0,11
51,1995,151,2,NaN,NaN,NaN,0,0,1,0,0,6
51,1995,368,8,NaN,NaN,NaN,0,0,1,1,0,0
51,1995,106,14,NaN,NaN,NaN,0,0,1,1,0,11
51,1995,722,16,NaN,NaN,NaN,0,0,1,1,0,18
51,1995,607,17,NaN,NaN,NaN,0,0,1,1,0,0
51,1995,245,18,NaN,NaN,NaN,0,0,1,1,0,14
51,1995,922,12,NaN,NaN,NaN,0,0,1,1,0,0
51,1995,487,13,NaN,NaN,NaN,0,0,1,1,0,5
51,1995,625,22,NaN,NaN,NaN,0,0,1,1,0,12
51,1995,210,15,NaN,NaN,NaN,0,0,1,1,0,13
51,1995,811,4,NaN,NaN,NaN,0,0,1,1,0,21
51,1995,427,13,NaN,NaN,NaN,0,0,1,1,0,3
51,1995,444,3,NaN,NaN,NaN,0,0,1,1,0,0
51,1995,1195,15,NaN,NaN,NaN,0,0,1,1,0,16
51,1995,544,1,NaN,NaN,NaN,0,0,1,0,0,20
51,1995,690,21,NaN,NaN,NaN,0,0,1,1,0,5
51,1995,1178,18,NaN,NaN,NaN,0,0,1,1,0,17
51,1995,255,5,NaN,NaN,NaN,0,0,1,1,0,22
51,1995,1144,15,NaN,NaN,NaN,0,0,1,0,0,0
51,1995,1364,6,NaN,NaN,NaN,0,0,1,1,0,18
51,1995,763,22,NaN,NaN,NaN,0,0,1,1,0,0
51,1995,985,20,NaN,NaN,NaN,0,0,1,1,0,10
51,1995,1391,1,NaN,NaN,NaN,0,0,1,1,0,0
51,1995,931,7,NaN,NaN,NaN,0,0,1,1,0,2
51,1995,372,6,NaN,NaN,NaN,0,0,1,1,0,1
51,1995,671,16,NaN,NaN,NaN,0,0,1,1,0,15
51,1995,1199,16,NaN,NaN,NaN,0,0,1,1,0,18
51,1995,1368,5,NaN,NaN,NaN,0,3.19308776510501,1,1,1,13
51,1995,410,6,NaN,NaN,NaN,0,0,1,1,0,13
51,1995,272,18,NaN,NaN,NaN,0,0,1,1,0,8
51,1995,738,21,NaN,NaN,NaN,0,0,1,0,0,0
51,1995,1124,13,NaN,NaN,NaN,0,0,1,0,0,0
51,1995,156,1,NaN,NaN,NaN,0,0,1,0,0,0
51,1995,541,3,NaN,NaN,NaN,0,0,1,0,0,1
51,1995,233,12,NaN,NaN,NaN,0,0,1,1,0,2
51,1995,769,12,NaN,NaN,NaN,0,0,1,0,0,0
51,1995,308,3,NaN,NaN,NaN,0,0,1,0,0,15
51,1995,144,18,NaN,NaN,NaN,0,0,1,1,0,0
51,1995,800,13,NaN,NaN,NaN,0,0,1,1,0,17
51,1995,276,14,NaN,NaN,NaN,0,0,1,1,0,0
51,1995,403,21,NaN,NaN,NaN,0,0,1,1,0,1
51,1995,102,19,NaN,NaN,NaN,0,5.98252191707973,1,1,0,0
51,1995,554,11,NaN,NaN,NaN,0,0,1,1,0,0
51,1995,1305,13,NaN,NaN,NaN,0,0,1,1,0,0
51,1995,1356,17,NaN,NaN,NaN,0,0,1,1,0,21
51,1995,803,20,NaN,NaN,NaN,0,0,1,0,0,1
51,1995,1227,6,NaN,NaN,NaN,0,0,1,1,0,0
51,1995,745,1,NaN,NaN,NaN,0,0,1,0,0,21
51,1995,1394,13,NaN,NaN,NaN,0,0,1,1,0,11
51,1995,296,14,NaN,NaN,NaN,0,0,1,1,0,1
51,1995,1169,6,NaN,NaN,NaN,0,0,1,0,0,9
51,1995,1229,7,NaN,NaN,NaN,0,0,1,1,0,2
51,1995,1441,4,NaN,NaN,NaN,0,0,1,1,0,17
51,1995,1003,4,NaN,NaN,NaN,0,0,1,1,0,0
51,1995,461,4,NaN,NaN,NaN,0,0,1,0,0,5
51,1995,1024,4,NaN,NaN,NaN,0,0,1,1,0,0
51,1995,1113,6,NaN,NaN,NaN,0,0,1,1,0,1
51,1995,1477,9,NaN,NaN,NaN,0,0,1,1,0,8
51,1995,1535,21,NaN,NaN,NaN,0,3.9227913766642,1,1,0,0
51,1995,1599,21,NaN,NaN,NaN,0,4.10979938757551,1,1,0,0
51,1995,545,6,NaN,NaN,NaN,0,0,1,1,0,0
52,1995,347,22,NaN,NaN,NaN,0,0,1,1,0,8
52,1995,183,8,NaN,NaN,NaN,0,0,1,1,0,0
52,1995,1199,18,NaN,NaN,NaN,0,0,1,1,0,13
52,1995,1441,17,NaN,NaN,NaN,0,0,1,1,0,4
52,1995,346,5,NaN,NaN,NaN,0,0,1,0,0,14
52,1995,1535,21,NaN,NaN,NaN,0,3.9227913766642,1,1,0,0
52,1995,1229,2,NaN,NaN,NaN,0,0,1,1,0,22
52,1995,1222,1,NaN,NaN,NaN,0,0,1,1,0,2
52,1995,501,9,NaN,NaN,NaN,0,0,1,1,0,0
52,1995,485,12,NaN,NaN,NaN,0,0,1,0,0,0
52,1995,690,5,NaN,NaN,NaN,0,0,1,1,0,0
52,1995,368,8,NaN,NaN,NaN,0,0,1,1,0,0
52,1995,595,6,NaN,NaN,NaN,0,0,1,1,0,1
52,1995,545,6,NaN,NaN,NaN,0,0,1,1,0,0
52,1995,272,8,NaN,NaN,NaN,0,0,1,1,0,4
52,1995,745,21,NaN,NaN,NaN,0,0,1,0,0,1
52,1995,1124,13,NaN,NaN,NaN,0,0,1,0,0,0
52,1995,607,17,NaN,NaN,NaN,0,0,1,1,0,0
52,1995,1312,21,NaN,NaN,NaN,0,0,1,1,0,18
52,1995,16,13,NaN,NaN,NaN,0,0,1,1,0,0
52,1995,1305,13,NaN,NaN,NaN,0,0,1,1,0,0
52,1995,931,2,NaN,NaN,NaN,0,0,1,1,0,8
52,1995,1021,7,NaN,NaN,NaN,0,0,1,1,0,19
52,1995,1364,18,NaN,NaN,NaN,0,0,1,1,0,9
52,1995,907,5,NaN,NaN,NaN,0,0,1,0,0,0
52,1995,738,21,NaN,NaN,NaN,0,0,1,0,0,0
52,1995,1345,4,NaN,NaN,NaN,0,0,1,1,0,6
52,1995,1477,8,NaN,NaN,NaN,0,0,1,1,0,11
52,1995,821,10,NaN,NaN,NaN,0,0,1,1,0,6
52,1995,1584,20,NaN,NaN,NaN,0,2.97648062251126,1,1,0,0
52,1995,766,11,NaN,NaN,NaN,0,0,1,1,0,0
52,1995,461,5,NaN,NaN,NaN,0,0,1,0,0,0
52,1995,250,21,NaN,NaN,NaN,0,0,1,0,0,13
52,1995,1144,15,NaN,NaN,NaN,0,0,1,0,0,16
52,1995,850,6,NaN,NaN,NaN,0,0,1,1,0,0
52,1995,1599,21,NaN,NaN,NaN,0,4.10979938757551,1,1,0,0
52,1995,1356,21,NaN,NaN,NaN,0,0,1,1,0,0
52,1995,1215,1,NaN,NaN,NaN,0,0,1,1,0,0
52,1995,803,1,NaN,NaN,NaN,0,0,1,0,0,0
52,1995,102,19,NaN,NaN,NaN,0,5.98252191707973,1,1,0,0
52,1995,372,1,NaN,NaN,NaN,0,0,1,1,0,0
52,1995,1368,13,NaN,NaN,NaN,0,0,1,0,0,5
52,1995,151,6,NaN,NaN,NaN,0,0,1,0,0,12
52,1995,247,15,NaN,NaN,NaN,0,0,1,1,0,5
52,1995,276,14,NaN,NaN,NaN,0,0,1,1,0,0
52,1995,44,3,NaN,NaN,NaN,0,0,1,0,0,5
52,1995,1024,4,NaN,NaN,NaN,0,0,1,1,0,0
52,1995,978,15,NaN,NaN,NaN,0,0,1,1,0,0
52,1995,1240,13,NaN,NaN,NaN,0,0,1,1,0,0
52,1995,858,22,NaN,NaN,NaN,0,0,1,1,0,5
52,1995,243,1,NaN,NaN,NaN,0,0,1,1,0,0
52,1995,1113,1,NaN,NaN,NaN,0,0,1,1,0,7
52,1995,20,5,NaN,NaN,NaN,0,0,1,1,0,0
52,1995,554,11,NaN,NaN,NaN,0,0,1,1,0,0
52,1995,1195,16,NaN,NaN,NaN,0,0,1,1,0,4
52,1995,410,13,NaN,NaN,NaN,0,0,1,1,0,0
52,1995,1394,11,NaN,NaN,NaN,0,0,1,1,0,0
52,1995,170,13,NaN,NaN,NaN,0,0,1,0,0,15
52,1995,1038,17,NaN,NaN,NaN,0,0,1,1,0,0
52,1995,156,1,NaN,NaN,NaN,0,0,1,0,0,0
52,1995,922,12,NaN,NaN,NaN,0,0,1,1,0,0
52,1995,1268,13,NaN,NaN,NaN,0,0,1,1,0,17
52,1995,323,10,NaN,NaN,NaN,0,0,1,0,0,0
52,1995,308,15,NaN,NaN,NaN,0,0,1,0,0,0
52,1995,1169,9,NaN,NaN,NaN,0,0,1,0,0,0
52,1995,390,22,NaN,NaN,NaN,0,0,1,1,0,0
52,1995,925,19,NaN,NaN,NaN,0,0,1,1,0,0
52,1995,593,4,NaN,NaN,NaN,0,0,1,0,0,5
52,1995,78,3,NaN,NaN,NaN,0,0,1,1,0,8
52,1995,1107,2,NaN,NaN,NaN,0,0,1,1,0,17
52,1995,722,18,NaN,NaN,NaN,0,0,1,1,0,16
52,1995,1186,13,NaN,NaN,NaN,0,0,1,1,0,0
52,1995,541,1,NaN,NaN,NaN,0,0,1,0,0,3
52,1995,767,11,NaN,NaN,NaN,0,0,1,1,0,0
52,1995,487,5,NaN,NaN,NaN,0,0,1,1,0,13
52,1995,376,21,NaN,NaN,NaN,0,0,1,1,0,2
52,1995,267,5,NaN,NaN,NaN,0,0,1,1,0,21
52,1995,500,5,NaN,NaN,NaN,0,0,1,1,0,14
52,1995,27,4,NaN,NaN,NaN,0,0,1,1,0,17
52,1995,1130,2,NaN,NaN,NaN,0,0,1,0,0,10
52,1995,887,1,NaN,NaN,NaN,0,0,1,1,0,5
52,1995,801,18,NaN,NaN,NaN,0,0,1,1,0,0
52,1995,968,1,NaN,NaN,NaN,0,0,1,1,0,0
52,1995,1227,6,NaN,NaN,NaN,0,0,1,1,0,0
52,1995,182,17,NaN,NaN,NaN,0,0,1,1,0,0
52,1995,813,22,NaN,NaN,NaN,0,0,1,1,0,0
52,1995,427,3,NaN,NaN,NaN,0,0,1,1,0,18
52,1995,1465,9,NaN,NaN,NaN,0,0,1,1,0,0
52,1995,1598,21,NaN,NaN,NaN,0,2.17622118170077,1,1,0,0
52,1995,87,1,NaN,NaN,NaN,0,0,1,1,0,20
52,1995,134,6,NaN,NaN,NaN,0,0,1,0,0,18
52,1995,800,17,NaN,NaN,NaN,0,0,1,1,0,0
52,1995,1439,19,NaN,NaN,NaN,0,0,1,1,0,0
52,1995,447,3,NaN,NaN,NaN,0,0,1,1,0,15
52,1995,1391,1,NaN,NaN,NaN,0,0,1,1,0,13
52,1995,255,22,NaN,NaN,NaN,0,0,1,1,0,13
52,1995,634,9,NaN,NaN,NaN,0,0,1,0,0,6
52,1995,185,17,NaN,NaN,NaN,0,0,1,1,0,6
52,1995,625,12,NaN,NaN,NaN,0,0,1,1,0,13
52,1995,296,1,NaN,NaN,NaN,0,0,1,1,0,14
52,1995,162,11,NaN,NaN,NaN,0,0,1,1,0,0
52,1995,1122,4,NaN,NaN,NaN,0,0.123909393509812,1,1,0,0
52,1995,1580,19,NaN,NaN,NaN,0,3.62603819485308,1,1,0,0
52,1995,1457,19,NaN,NaN,NaN,0,0,1,1,0,0
52,1995,729,4,NaN,NaN,NaN,0,0,1,1,0,12
52,1995,245,14,NaN,NaN,NaN,0,0,1,1,0,0
52,1995,142,5,NaN,NaN,NaN,0,0,1,1,0,0
52,1995,47,2,NaN,NaN,NaN,0,0,1,1,0,20
52,1995,282,3,NaN,NaN,NaN,0,0,1,1,0,0
52,1995,174,18,NaN,NaN,NaN,0,0,1,0,0,0
52,1995,233,2,NaN,NaN,NaN,0,0,1,1,0,12
52,1995,67,1,NaN,NaN,NaN,0,0,1,1,0,0
52,1995,769,12,NaN,NaN,NaN,0,0,1,0,0,0
52,1995,210,13,NaN,NaN,NaN,0,0,1,1,0,4
52,1995,985,10,NaN,NaN,NaN,0,0,1,1,0,18
52,1995,1043,10,NaN,NaN,NaN,0,0,1,1,0,14
52,1995,1497,2,NaN,NaN,NaN,0,0,1,1,0,17
52,1995,128,11,NaN,NaN,NaN,0,0,1,0,0,0
52,1995,106,11,NaN,NaN,NaN,0,0,1,1,0,2
52,1995,1264,5,NaN,NaN,NaN,0,0,1,1,0,14
52,1995,1196,15,NaN,NaN,NaN,0,0,1,1,0,0
52,1995,671,15,NaN,NaN,NaN,0,0,1,1,0,0
52,1995,444,3,NaN,NaN,NaN,0,0,1,1,0,0
52,1995,811,21,NaN,NaN,NaN,0,0,1,1,0,6
52,1995,544,20,NaN,NaN,NaN,0,0,1,0,0,0
52,1995,1003,4,NaN,NaN,NaN,0,0,1,1,0,5
52,1995,763,22,NaN,NaN,NaN,0,0,1,1,0,0
52,1995,534,22,NaN,NaN,NaN,0,0,1,1,0,0
52,1995,1034,11,NaN,NaN,NaN,0,0,1,1,0,0
52,1995,80,22,NaN,NaN,NaN,0,0,1,1,0,2
52,1995,333,7,NaN,NaN,NaN,0,0,1,1,0,3
52,1995,568,16,NaN,NaN,NaN,0,0,1,0,0,9
52,1995,1178,17,NaN,NaN,NaN,0,0,1,1,0,0
52,1995,144,18,NaN,NaN,NaN,0,0,1,1,0,0
52,1995,403,1,NaN,NaN,NaN,0,0,1,1,0,5
53,1995,887,5,NaN,NaN,NaN,0,0,1,1,0,18
53,1995,1186,13,NaN,NaN,NaN,0,0,1,1,0,0
53,1995,102,19,NaN,NaN,NaN,0,6.65792135135047,1,1,0,0
53,1995,534,22,NaN,NaN,NaN,0,0,1,1,0,12
53,1995,925,19,NaN,NaN,NaN,0,0,1,1,0,0
53,1995,447,15,NaN,NaN,NaN,0,0,1,1,0,3
53,1995,922,12,NaN,NaN,NaN,0,0,1,1,0,11
53,1995,821,6,NaN,NaN,NaN,0,0,1,1,0,13
53,1995,1268,17,NaN,NaN,NaN,0,0,1,1,0,0
53,1995,485,12,NaN,NaN,NaN,0,6.31097330413464,1,1,1,5
53,1995,1312,18,NaN,NaN,NaN,0,0,1,1,0,5
53,1995,1394,11,NaN,NaN,NaN,0,0,1,1,0,5
53,1995,128,11,NaN,NaN,NaN,0,3.68624296997422,1,1,1,22
53,1995,1043,14,NaN,NaN,NaN,0,0,1,1,0,7
53,1995,1215,1,NaN,NaN,NaN,0,0,1,1,0,0
53,1995,1345,6,NaN,NaN,NaN,0,0,1,1,0,16
53,1995,156,1,NaN,NaN,NaN,0,3.9320395384541,1,1,1,19
53,1995,1113,7,NaN,NaN,NaN,0,0,1,1,0,19
53,1995,813,22,NaN,NaN,NaN,0,0,1,1,0,21
53,1995,766,11,NaN,NaN,NaN,0,0,1,1,0,3
53,1995,1107,17,NaN,NaN,NaN,0,0,1,1,0,15
53,1995,850,6,NaN,NaN,NaN,0,0,1,1,0,0
53,1995,1477,11,NaN,NaN,NaN,0,0,1,1,0,15
53,1995,276,14,NaN,NaN,NaN,0,0,1,1,0,0
53,1995,185,6,NaN,NaN,NaN,0,0,1,1,0,17
53,1995,296,14,NaN,NaN,NaN,0,0,1,1,0,12
53,1995,907,5,NaN,NaN,NaN,0,5.39871732102929,1,1,1,22
53,1995,500,14,NaN,NaN,NaN,0,0,1,1,0,20
53,1995,1580,19,NaN,NaN,NaN,0,6.6439306075538,1,1,0,0
53,1995,1222,2,NaN,NaN,NaN,0,0,1,1,0,1
53,1995,1535,21,NaN,NaN,NaN,0,3.69298286523573,1,1,0,0
53,1995,729,12,NaN,NaN,NaN,0,0,1,1,0,0
53,1995,1195,4,NaN,NaN,NaN,0,0,1,1,0,0
53,1995,541,3,NaN,NaN,NaN,0,4.1925923889905,1,1,1,1
53,1995,142,5,NaN,NaN,NaN,0,0,1,1,0,0
53,1995,801,18,NaN,NaN,NaN,0,0,1,1,0,0
53,1995,625,13,NaN,NaN,NaN,0,0,1,1,0,0
53,1995,134,18,NaN,NaN,NaN,0,6.26605039638142,1,1,1,4
53,1995,978,15,NaN,NaN,NaN,0,0,1,1,0,0
53,1995,267,21,NaN,NaN,NaN,0,0,1,1,0,0
53,1995,634,6,NaN,NaN,NaN,0,0,1,1,0,5
53,1995,1457,19,NaN,NaN,NaN,0,0,1,1,0,0
53,1995,1368,5,NaN,NaN,NaN,0,4.88194059430397,1,0,0,0
53,1995,671,15,NaN,NaN,NaN,0,0,1,1,0,1
53,1995,1130,10,NaN,NaN,NaN,0,6.23815570481131,1,1,1,7
53,1995,1441,4,NaN,NaN,NaN,0,3.99486317046718,1,1,1,17
53,1995,1169,9,NaN,NaN,NaN,0,0,1,1,0,0
53,1995,78,8,NaN,NaN,NaN,0,0,1,1,0,21
53,1995,722,16,NaN,NaN,NaN,0,0,1,1,0,18
53,1995,170,15,NaN,NaN,NaN,0,5.49056091483916,1,0,0,0
53,1995,1240,13,NaN,NaN,NaN,0,0,1,1,0,0
53,1995,1305,13,NaN,NaN,NaN,0,1.72253515798217,1,1,1,6
53,1995,368,8,NaN,NaN,NaN,0,0,1,1,0,18
53,1995,44,5,NaN,NaN,NaN,0,4.30318023453257,1,1,1,22
53,1995,1391,13,NaN,NaN,NaN,0,0,1,1,0,17
53,1995,151,12,NaN,NaN,NaN,0,0,1,1,0,0
53,1995,183,8,NaN,NaN,NaN,0,0,1,1,0,20
53,1995,858,5,NaN,NaN,NaN,0,1.84915402842946,1,1,1,1
53,1995,427,18,NaN,NaN,NaN,0,0,1,1,0,0
53,1995,1229,22,NaN,NaN,NaN,0,0,1,1,0,18
53,1995,323,10,NaN,NaN,NaN,0,0.125051400342665,1,1,0,0
53,1995,690,5,NaN,NaN,NaN,0,0,1,1,0,0
53,1995,243,1,NaN,NaN,NaN,0,0,1,1,0,21
53,1995,1021,19,NaN,NaN,NaN,0,1.68371442706718,1,1,1,2
53,1995,27,17,NaN,NaN,NaN,0,0,1,1,0,14
53,1995,487,13,NaN,NaN,NaN,0,2.08309805852433,1,1,1,5
53,1995,745,1,NaN,NaN,NaN,0,0,1,1,0,0
53,1995,593,5,NaN,NaN,NaN,0,3.75931642239449,1,1,1,12
53,1995,282,3,NaN,NaN,NaN,0,0,1,1,0,0
53,1995,16,13,NaN,NaN,NaN,0,0,1,1,0,15
53,1995,390,22,NaN,NaN,NaN,0,0,1,1,0,18
53,1995,247,5,NaN,NaN,NaN,0,0,1,1,0,8
53,1995,738,21,NaN,NaN,NaN,0,4.08988437798787,1,1,1,4
53,1995,272,4,NaN,NaN,NaN,0,0,1,1,0,14
53,1995,1598,21,NaN,NaN,NaN,0,3.64120058078667,1,1,0,0
53,1995,554,11,NaN,NaN,NaN,0,0,1,1,0,0
53,1995,346,14,NaN,NaN,NaN,0,0,1,1,0,0
53,1995,1364,9,NaN,NaN,NaN,0,0,1,1,0,15
53,1995,763,22,NaN,NaN,NaN,0,0,1,1,0,0
53,1995,245,14,NaN,NaN,NaN,0,1.572586776599,1,1,1,5
53,1995,544,20,NaN,NaN,NaN,0,7.05592867642563,1,1,1,1
53,1995,595,1,NaN,NaN,NaN,0,0,1,1,0,0
53,1995,67,1,NaN,NaN,NaN,0,1.69832318034897,1,1,1,17
53,1995,501,9,NaN,NaN,NaN,0,0,1,1,0,0
53,1995,1178,17,NaN,NaN,NaN,0,0,1,1,0,0
53,1995,1199,13,NaN,NaN,NaN,0,4.65743498255986,1,1,1,5
53,1995,1264,14,NaN,NaN,NaN,0,0,1,1,0,20
53,1995,1584,20,NaN,NaN,NaN,0,5.49510200475574,1,1,0,0
53,1995,968,1,NaN,NaN,NaN,0,1.67643083248392,1,1,1,19
53,1995,20,5,NaN,NaN,NaN,0,0,1,1,0,0
53,1995,80,2,NaN,NaN,NaN,0,0,1,1,0,15
53,1995,376,2,NaN,NaN,NaN,0,0,1,1,0,9
53,1995,1227,6,NaN,NaN,NaN,0,0,1,1,0,0
53,1995,333,3,NaN,NaN,NaN,0,0,1,1,0,7
53,1995,144,18,NaN,NaN,NaN,0,2.48431286285404,1,1,1,5
53,1995,769,12,NaN,NaN,NaN,0,0,1,1,0,2
53,1995,1003,5,NaN,NaN,NaN,0,0,1,1,0,12
53,1995,1356,21,NaN,NaN,NaN,0,0,1,1,0,0
53,1995,461,5,NaN,NaN,NaN,0,4.57954148112054,1,1,1,12
53,1995,1034,11,NaN,NaN,NaN,0,0,1,1,0,0
53,1995,811,6,NaN,NaN,NaN,0,0,1,1,0,17
53,1995,545,6,NaN,NaN,NaN,0,0,1,1,0,0
53,1995,47,20,NaN,NaN,NaN,0,0,1,1,0,4
53,1995,1122,4,NaN,NaN,NaN,0,1.09684255072403,1,1,1,14
53,1995,1144,16,NaN,NaN,NaN,0,0,1,1,0,13
53,1995,347,8,NaN,NaN,NaN,0,0,1,1,0,13
53,1995,568,9,NaN,NaN,NaN,0,6.90604376142733,1,1,1,11
53,1995,106,2,NaN,NaN,NaN,0,0,1,1,0,17
53,1995,931,8,NaN,NaN,NaN,0,0,1,1,0,0
53,1995,1497,17,NaN,NaN,NaN,0,0,1,1,0,1
53,1995,803,1,NaN,NaN,NaN,0,0,1,1,0,0
53,1995,1196,15,NaN,NaN,NaN,0,0,1,1,0,8
53,1995,1599,21,NaN,NaN,NaN,0,4.61841386230604,1,1,0,0
53,1995,1124,13,NaN,NaN,NaN,0,0,1,1,0,6
53,1995,1038,17,NaN,NaN,NaN,0,0,1,1,0,0
53,1995,372,1,NaN,NaN,NaN,0,0,1,1,0,0
53,1995,1465,9,NaN,NaN,NaN,0,2.70221895173021,1,1,1,22
53,1995,767,11,NaN,NaN,NaN,0,0,1,1,0,18
53,1995,210,4,NaN,NaN,NaN,0,0,1,1,0,6
53,1995,174,18,NaN,NaN,NaN,0,3.14950112731455,1,1,1,10
53,1995,800,17,NaN,NaN,NaN,0,0,1,1,0,0
53,1995,607,17,NaN,NaN,NaN,0,0,1,1,0,12
53,1995,1439,19,NaN,NaN,NaN,0,0,1,1,0,0
53,1995,985,18,NaN,NaN,NaN,0,0,1,1,0,1
53,1995,233,12,NaN,NaN,NaN,0,0,1,1,0,0
53,1995,403,5,NaN,NaN,NaN,0,0,1,1,0,0
53,1995,250,13,NaN,NaN,NaN,0,5.36416120180941,1,1,1,1
53,1995,1024,4,NaN,NaN,NaN,0,0,1,1,0,8
53,1995,162,11,NaN,NaN,NaN,0,0,1,1,0,0
53,1995,87,20,NaN,NaN,NaN,0,0,1,1,0,0
53,1995,308,15,NaN,NaN,NaN,0,7.22942271451315,1,1,1,3
53,1995,182,17,NaN,NaN,NaN,0,0,1,1,0,0
53,1995,255,13,NaN,NaN,NaN,0,0,1,1,0,3
53,1995,410,13,NaN,NaN,NaN,0,0,1,1,0,0
54,1996,403,5,NaN,NaN,NaN,0,0,1,1,0,0
54,1996,1441,17,NaN,NaN,NaN,0,0,1,0,0,1
54,1996,346,14,NaN,NaN,NaN,0,0,1,1,0,0
54,1996,1598,21,NaN,NaN,NaN,0,3.64120058078667,1,1,0,0
54,1996,568,11,NaN,NaN,NaN,0,0,1,0,0,19
54,1996,210,6,NaN,NaN,NaN,0,0,1,1,0,22
54,1996,1034,11,NaN,NaN,NaN,0,0,1,1,0,0
54,1996,1312,5,NaN,NaN,NaN,0,0,1,1,0,20
54,1996,485,5,NaN,NaN,NaN,0,0,1,0,0,12
54,1996,1196,8,NaN,NaN,NaN,0,0,1,1,0,3
54,1996,134,4,NaN,NaN,NaN,0,0,1,0,0,0
54,1996,593,12,NaN,NaN,NaN,0,0,1,0,0,10
54,1996,44,22,NaN,NaN,NaN,0,0,1,0,0,5
54,1996,250,1,NaN,NaN,NaN,0,0,1,0,0,0
54,1996,544,1,NaN,NaN,NaN,0,0,1,0,0,11
54,1996,1003,12,NaN,NaN,NaN,0,0,1,1,0,4
54,1996,128,22,NaN,NaN,NaN,0,0,1,0,0,11
54,1996,763,22,NaN,NaN,NaN,0,0,1,1,0,0
54,1996,151,12,NaN,NaN,NaN,0,0,1,1,0,17
54,1996,1130,7,NaN,NaN,NaN,0,0,1,0,0,0
54,1996,925,19,NaN,NaN,NaN,0,0,1,1,0,0
54,1996,376,9,NaN,NaN,NaN,0,0,1,1,0,0
54,1996,282,3,NaN,NaN,NaN,0,0,1,1,0,0
54,1996,1024,8,NaN,NaN,NaN,0,0,1,1,0,1
54,1996,170,15,NaN,NaN,NaN,0,5.49056091483916,1,0,0,0
54,1996,1169,9,NaN,NaN,NaN,0,0,1,1,0,0
54,1996,410,13,NaN,NaN,NaN,0,0,1,1,0,1
54,1996,347,13,NaN,NaN,NaN,0,0,1,1,0,0
54,1996,1364,15,NaN,NaN,NaN,0,0,1,1,0,2
54,1996,233,12,NaN,NaN,NaN,0,0,1,1,0,0
54,1996,1465,22,NaN,NaN,NaN,0,0,1,0,0,9
54,1996,1368,5,NaN,NaN,NaN,0,4.88194059430397,1,0,0,0
54,1996,978,15,NaN,NaN,NaN,0,0,1,1,0,17
54,1996,1122,14,NaN,NaN,NaN,0,0,1,0,0,15
54,1996,690,5,NaN,NaN,NaN,0,0,1,1,0,0
54,1996,1477,15,NaN,NaN,NaN,0,0,1,1,0,10
54,1996,722,18,NaN,NaN,NaN,0,0,1,1,0,0
54,1996,1227,6,NaN,NaN,NaN,0,0,1,1,0,0
54,1996,296,12,NaN,NaN,NaN,0,0,1,1,0,16
54,1996,1038,17,NaN,NaN,NaN,0,0,1,1,0,0
54,1996,634,5,NaN,NaN,NaN,0,0,1,1,0,11
54,1996,501,9,NaN,NaN,NaN,0,0,1,1,0,14
54,1996,1535,21,NaN,NaN,NaN,0,3.69298286523573,1,1,0,0
54,1996,821,13,NaN,NaN,NaN,0,0,1,1,0,0
54,1996,1144,13,NaN,NaN,NaN,0,0,1,1,0,7
54,1996,308,3,NaN,NaN,NaN,0,0,1,0,0,15
54,1996,185,17,NaN,NaN,NaN,0,0,1,1,0,22
54,1996,1222,1,NaN,NaN,NaN,0,0,1,1,0,6
54,1996,1584,20,NaN,NaN,NaN,0,5.49510200475574,1,1,0,0
54,1996,390,18,NaN,NaN,NaN,0,0,1,1,0,0
54,1996,1439,19,NaN,NaN,NaN,0,0,1,1,0,0
54,1996,607,12,NaN,NaN,NaN,0,0,1,1,0,0
54,1996,1268,17,NaN,NaN,NaN,0,0,1,1,0,0
54,1996,47,4,NaN,NaN,NaN,0,0,1,1,0,19
54,1996,931,8,NaN,NaN,NaN,0,0,1,1,0,1
54,1996,887,18,NaN,NaN,NaN,0,0,1,1,0,17
54,1996,907,22,NaN,NaN,NaN,0,0,1,0,0,0
54,1996,1199,5,NaN,NaN,NaN,0,0,1,0,0,12
54,1996,745,1,NaN,NaN,NaN,0,0,1,1,0,0
54,1996,534,12,NaN,NaN,NaN,0,0,1,1,0,13
54,1996,67,17,NaN,NaN,NaN,0,0,1,0,0,0
54,1996,766,3,NaN,NaN,NaN,0,0,1,1,0,11
54,1996,245,5,NaN,NaN,NaN,0,0,1,0,0,0
54,1996,1580,19,NaN,NaN,NaN,0,6.6439306075538,1,1,0,0
54,1996,106,17,NaN,NaN,NaN,0,0,1,1,0,2
54,1996,811,17,NaN,NaN,NaN,0,0,1,1,0,6
54,1996,968,19,NaN,NaN,NaN,0,0,1,0,0,1
54,1996,272,14,NaN,NaN,NaN,0,0,1,1,0,0
54,1996,162,11,NaN,NaN,NaN,0,0,1,1,0,1
54,1996,16,15,NaN,NaN,NaN,0,0,1,1,0,1
54,1996,1240,13,NaN,NaN,NaN,0,0,1,1,0,0
54,1996,858,1,NaN,NaN,NaN,0,0,1,0,0,4
54,1996,27,14,NaN,NaN,NaN,0,0,1,1,0,16
54,1996,372,1,NaN,NaN,NaN,0,0,1,1,0,0
54,1996,1021,2,NaN,NaN,NaN,0,0,1,0,0,19
54,1996,541,1,NaN,NaN,NaN,0,0,1,0,0,3
54,1996,671,1,NaN,NaN,NaN,0,0,1,1,0,20
54,1996,102,19,NaN,NaN,NaN,0,6.65792135135047,1,1,0,0
54,1996,800,17,NaN,NaN,NaN,0,0,1,1,0,8
54,1996,1124,6,NaN,NaN,NaN,0,0,1,1,0,5
54,1996,1107,15,NaN,NaN,NaN,0,0,1,1,0,0
54,1996,1229,18,NaN,NaN,NaN,0,0,1,1,0,0
54,1996,1394,5,NaN,NaN,NaN,0,0,1,1,0,0
54,1996,78,21,NaN,NaN,NaN,0,0,1,1,0,0
54,1996,87,20,NaN,NaN,NaN,0,0,1,1,0,0
54,1996,247,8,NaN,NaN,NaN,0,0,1,1,0,0
54,1996,80,15,NaN,NaN,NaN,0,0,1,1,0,17
54,1996,461,12,NaN,NaN,NaN,0,0,1,0,0,17
54,1996,922,11,NaN,NaN,NaN,0,0,1,1,0,12
54,1996,1264,20,NaN,NaN,NaN,0,0,1,1,0,0
54,1996,276,14,NaN,NaN,NaN,0,0,1,1,0,4
54,1996,182,17,NaN,NaN,NaN,0,0,1,1,0,0
54,1996,729,12,NaN,NaN,NaN,0,0,1,1,0,2
54,1996,427,18,NaN,NaN,NaN,0,0,1,1,0,7
54,1996,323,10,NaN,NaN,NaN,0,0.125051400342665,1,1,0,0
54,1996,1043,7,NaN,NaN,NaN,0,0,1,1,0,12
54,1996,243,21,NaN,NaN,NaN,0,0,1,1,0,1
54,1996,801,18,NaN,NaN,NaN,0,0,1,1,0,0
54,1996,1391,17,NaN,NaN,NaN,0,0,1,1,0,0
54,1996,174,10,NaN,NaN,NaN,0,0,1,0,0,22
54,1996,625,13,NaN,NaN,NaN,0,0,1,1,0,1
54,1996,487,5,NaN,NaN,NaN,0,0,1,0,0,0
54,1996,1178,17,NaN,NaN,NaN,0,0,1,1,0,0
54,1996,368,18,NaN,NaN,NaN,0,0,1,1,0,4
54,1996,267,21,NaN,NaN,NaN,0,0,1,1,0,4
54,1996,183,20,NaN,NaN,NaN,0,0,1,1,0,7
54,1996,1356,21,NaN,NaN,NaN,0,0,1,1,0,0
54,1996,1457,19,NaN,NaN,NaN,0,0,1,1,0,0
54,1996,1305,6,NaN,NaN,NaN,0,0,1,0,0,12
54,1996,255,3,NaN,NaN,NaN,0,0,1,1,0,14
54,1996,545,6,NaN,NaN,NaN,0,0,1,1,0,0
54,1996,769,2,NaN,NaN,NaN,0,0,1,1,0,0
54,1996,1345,16,NaN,NaN,NaN,0,0,1,1,0,13
54,1996,1113,19,NaN,NaN,NaN,0,0,1,1,0,12
54,1996,595,1,NaN,NaN,NaN,0,0,1,1,0,0
54,1996,767,18,NaN,NaN,NaN,0,0,1,1,0,0
54,1996,20,5,NaN,NaN,NaN,0,0,1,1,0,0
54,1996,738,4,NaN,NaN,NaN,0,0,1,0,0,7
54,1996,156,19,NaN,NaN,NaN,0,0,1,0,0,1
54,1996,1195,4,NaN,NaN,NaN,0,0,1,1,0,0
54,1996,1186,13,NaN,NaN,NaN,0,0,1,1,0,0
54,1996,803,1,NaN,NaN,NaN,0,0,1,1,0,18
54,1996,142,5,NaN,NaN,NaN,0,0,1,1,0,0
54,1996,554,11,NaN,NaN,NaN,0,0,1,1,0,0
54,1996,813,21,NaN,NaN,NaN,0,0,1,1,0,0
54,1996,1497,1,NaN,NaN,NaN,0,0,1,1,0,11
54,1996,985,1,NaN,NaN,NaN,0,0,1,1,0,0
54,1996,1599,21,NaN,NaN,NaN,0,4.61841386230604,1,1,0,0
54,1996,1215,1,NaN,NaN,NaN,0,0,1,1,0,18
54,1996,500,20,NaN,NaN,NaN,0,0,1,1,0,1
54,1996,850,6,NaN,NaN,NaN,0,0,1,1,0,0
54,1996,333,7,NaN,NaN,NaN,0,0,1,1,0,20
54,1996,447,3,NaN,NaN,NaN,0,0,1,1,0,0
55,1996,1178,17,NaN,NaN,NaN,0,0,1,1,0,11
55,1996,1535,21,NaN,NaN,NaN,0,3.69298286523573,1,1,0,0
55,1996,142,5,NaN,NaN,NaN,0,0,1,1,0,0
55,1996,376,9,NaN,NaN,NaN,0,0,1,1,0,0
55,1996,769,2,NaN,NaN,NaN,0,0,1,1,0,12
55,1996,183,7,NaN,NaN,NaN,0,0,1,1,0,1
55,1996,427,7,NaN,NaN,NaN,0,0,1,1,0,18
55,1996,925,19,NaN,NaN,NaN,0,0,1,1,0,0
55,1996,767,18,NaN,NaN,NaN,0,0,1,1,0,17
55,1996,27,16,NaN,NaN,NaN,0,0,1,1,0,17
55,1996,800,8,NaN,NaN,NaN,0,0,1,1,0,18
55,1996,1229,18,NaN,NaN,NaN,0,0,1,1,0,20
55,1996,156,1,NaN,NaN,NaN,0,0,1,0,0,0
55,1996,1107,15,NaN,NaN,NaN,0,0,1,1,0,0
55,1996,1305,12,NaN,NaN,NaN,0,0,1,0,0,10
55,1996,323,10,NaN,NaN,NaN,0,0.125051400342665,1,1,0,0
55,1996,931,1,NaN,NaN,NaN,0,0,1,1,0,14
55,1996,182,17,NaN,NaN,NaN,0,0,1,1,0,0
55,1996,67,17,NaN,NaN,NaN,0,0,1,0,0,6
55,1996,485,12,NaN,NaN,NaN,0,0,1,0,0,0
55,1996,1034,11,NaN,NaN,NaN,0,0,1,1,0,0
55,1996,738,7,NaN,NaN,NaN,0,0,1,0,0,21
55,1996,671,20,NaN,NaN,NaN,0,0,1,1,0,1
55,1996,1439,19,NaN,NaN,NaN,0,0,1,1,0,0
55,1996,1222,6,NaN,NaN,NaN,0,0,1,1,0,11
55,1996,593,10,NaN,NaN,NaN,0,0,1,0,0,19
55,1996,282,3,NaN,NaN,NaN,0,0,1,1,0,0
55,1996,1043,12,NaN,NaN,NaN,0,0,1,1,0,0
55,1996,174,22,NaN,NaN,NaN,0,0,1,0,0,0
55,1996,1477,10,NaN,NaN,NaN,0,0,1,1,0,0
55,1996,162,1,NaN,NaN,NaN,0,0,1,1,0,12
55,1996,16,1,NaN,NaN,NaN,0,0,1,1,0,21
55,1996,1584,20,NaN,NaN,NaN,0,5.49510200475574,1,1,0,0
55,1996,1240,13,NaN,NaN,NaN,0,0,1,1,0,0
55,1996,625,1,NaN,NaN,NaN,0,0,1,1,0,0
55,1996,501,14,NaN,NaN,NaN,0,0,1,1,0,10
55,1996,20,5,NaN,NaN,NaN,0,0,1,1,0,0
55,1996,390,18,NaN,NaN,NaN,0,0,1,1,0,22
55,1996,1227,6,NaN,NaN,NaN,0,0,1,1,0,0
55,1996,922,12,NaN,NaN,NaN,0,0,1,1,0,11
55,1996,1186,13,NaN,NaN,NaN,0,0,1,1,0,0
55,1996,1215,18,NaN,NaN,NaN,0,0,1,1,0,16
55,1996,233,12,NaN,NaN,NaN,0,0,1,1,0,0
55,1996,1268,17,NaN,NaN,NaN,0,0,1,1,0,0
55,1996,1196,3,NaN,NaN,NaN,0,0,1,1,0,22
55,1996,185,22,NaN,NaN,NaN,0,0,1,1,0,6
55,1996,250,1,NaN,NaN,NaN,0,0,1,0,0,0
55,1996,1364,2,NaN,NaN,NaN,0,0,1,1,0,1
55,1996,1199,12,NaN,NaN,NaN,0,0,1,0,0,13
55,1996,1312,20,NaN,NaN,NaN,0,0,1,1,0,13
55,1996,1024,1,NaN,NaN,NaN,0,0,1,1,0,0
55,1996,554,11,NaN,NaN,NaN,0,0,1,1,0,0
55,1996,346,14,NaN,NaN,NaN,0,0,1,1,0,3
55,1996,1368,5,NaN,NaN,NaN,0,4.88194059430397,1,1,1,13
55,1996,1169,9,NaN,NaN,NaN,0,0,1,1,0,4
55,1996,821,13,NaN,NaN,NaN,0,0,1,1,0,5
55,1996,1264,20,NaN,NaN,NaN,0,0,1,1,0,18
55,1996,87,20,NaN,NaN,NaN,0,0,1,1,0,4
55,1996,403,5,NaN,NaN,NaN,0,0,1,1,0,13
55,1996,487,5,NaN,NaN,NaN,0,0,1,0,0,0
55,1996,887,17,NaN,NaN,NaN,0,0,1,1,0,9
55,1996,803,18,NaN,NaN,NaN,0,0,1,1,0,15
55,1996,1394,5,NaN,NaN,NaN,0,0,1,1,0,11
55,1996,44,5,NaN,NaN,NaN,0,0,1,0,0,0
55,1996,1356,21,NaN,NaN,NaN,0,0,1,1,0,0
55,1996,372,1,NaN,NaN,NaN,0,0,1,1,0,13
55,1996,907,22,NaN,NaN,NaN,0,0,1,0,0,9
55,1996,1130,7,NaN,NaN,NaN,0,0,1,0,0,13
55,1996,801,18,NaN,NaN,NaN,0,0,1,1,0,0
55,1996,1391,17,NaN,NaN,NaN,0,0,1,1,0,18
55,1996,729,2,NaN,NaN,NaN,0,0,1,1,0,5
55,1996,985,1,NaN,NaN,NaN,0,0,1,1,0,7
55,1996,607,12,NaN,NaN,NaN,0,0,1,1,0,0
55,1996,690,5,NaN,NaN,NaN,0,0,1,1,0,0
55,1996,247,8,NaN,NaN,NaN,0,0,1,1,0,9
55,1996,811,6,NaN,NaN,NaN,0,0,1,1,0,0
55,1996,1122,15,NaN,NaN,NaN,0,0,1,0,0,0
55,1996,308,15,NaN,NaN,NaN,0,0,1,0,0,0
55,1996,210,22,NaN,NaN,NaN,0,0,1,1,0,9
55,1996,296,16,NaN,NaN,NaN,0,0,1,1,0,15
55,1996,534,13,NaN,NaN,NaN,0,0,1,1,0,19
55,1996,634,11,NaN,NaN,NaN,0,0,1,1,0,21
55,1996,272,14,NaN,NaN,NaN,0,0,1,1,0,0
55,1996,151,17,NaN,NaN,NaN,0,0,1,1,0,13
55,1996,368,4,NaN,NaN,NaN,0,0,1,1,0,0
55,1996,47,19,NaN,NaN,NaN,0,0,1,1,0,6
55,1996,128,11,NaN,NaN,NaN,0,0,1,0,0,0
55,1996,545,6,NaN,NaN,NaN,0,0,1,1,0,10
55,1996,461,17,NaN,NaN,NaN,0,0,1,0,0,12
55,1996,541,3,NaN,NaN,NaN,0,0,1,0,0,0
55,1996,106,2,NaN,NaN,NaN,0,0,1,1,0,0
55,1996,568,19,NaN,NaN,NaN,0,0,1,0,0,0
55,1996,1144,7,NaN,NaN,NaN,0,0,1,1,0,0
55,1996,1465,9,NaN,NaN,NaN,0,0,1,0,0,0
55,1996,1497,11,NaN,NaN,NaN,0,0,1,1,0,21
55,1996,968,1,NaN,NaN,NaN,0,0,1,0,0,12
55,1996,102,19,NaN,NaN,NaN,0,6.65792135135047,1,1,0,0
55,1996,333,20,NaN,NaN,NaN,0,0,1,1,0,4
55,1996,978,17,NaN,NaN,NaN,0,0,1,1,0,0
55,1996,1021,19,NaN,NaN,NaN,0,0,1,0,0,7
55,1996,722,18,NaN,NaN,NaN,0,0,1,1,0,5
55,1996,858,4,NaN,NaN,NaN,0,0,1,0,0,1
55,1996,1457,19,NaN,NaN,NaN,0,0,1,1,0,0
55,1996,255,14,NaN,NaN,NaN,0,0,1,1,0,0
55,1996,134,4,NaN,NaN,NaN,0,0,1,0,0,16
55,1996,1580,19,NaN,NaN,NaN,0,6.6439306075538,1,1,0,0
55,1996,745,1,NaN,NaN,NaN,0,0,1,1,0,17
55,1996,1441,1,NaN,NaN,NaN,0,0,1,0,0,4
55,1996,1124,5,NaN,NaN,NaN,0,0,1,1,0,3
55,1996,276,4,NaN,NaN,NaN,0,0,1,1,0,0
55,1996,813,21,NaN,NaN,NaN,0,0,1,1,0,13
55,1996,1113,12,NaN,NaN,NaN,0,0,1,1,0,0
55,1996,766,11,NaN,NaN,NaN,0,0,1,1,0,0
55,1996,544,11,NaN,NaN,NaN,0,0,1,0,0,0
55,1996,595,1,NaN,NaN,NaN,0,0,1,1,0,0
55,1996,1345,13,NaN,NaN,NaN,0,0,1,1,0,14
55,1996,1003,4,NaN,NaN,NaN,0,0,1,1,0,13
55,1996,170,15,NaN,NaN,NaN,0,5.49056091483916,1,1,1,11
55,1996,267,4,NaN,NaN,NaN,0,0,1,1,0,15
55,1996,243,1,NaN,NaN,NaN,0,0,1,1,0,0
55,1996,78,21,NaN,NaN,NaN,0,0,1,1,0,0
55,1996,347,13,NaN,NaN,NaN,0,0,1,1,0,0
55,1996,1038,17,NaN,NaN,NaN,0,0,1,1,0,1
55,1996,245,5,NaN,NaN,NaN,0,0,1,0,0,0
55,1996,80,17,NaN,NaN,NaN,0,0,1,1,0,0
55,1996,763,22,NaN,NaN,NaN,0,0,1,1,0,0
55,1996,1195,4,NaN,NaN,NaN,0,0,1,1,0,12
55,1996,447,3,NaN,NaN,NaN,0,0,1,1,0,15
55,1996,1598,21,NaN,NaN,NaN,0,3.64120058078667,1,1,0,0
55,1996,850,6,NaN,NaN,NaN,0,0,1,1,0,0
55,1996,410,1,NaN,NaN,NaN,0,0,1,1,0,0
55,1996,500,1,NaN,NaN,NaN,0,0,1,1,0,0
55,1996,1599,21,NaN,NaN,NaN,0,4.61841386230604,1,1,0,0
56,1996,887,9,NaN,NaN,NaN,0,0,1,1,0,1
56,1996,722,5,NaN,NaN,NaN,0,0,1,1,0,17
56,1996,233,12,NaN,NaN,NaN,0,0,1,1,0,0
56,1996,800,18,NaN,NaN,NaN,0,0,1,1,0,0
56,1996,634,21,NaN,NaN,NaN,0,0,1,1,0,3
56,1996,767,17,NaN,NaN,NaN,0,0,1,1,0,13
56,1996,282,3,NaN,NaN,NaN,0,0,1,1,0,0
56,1996,1122,15,NaN,NaN,NaN,0,0,1,0,0,0
56,1996,1222,11,NaN,NaN,NaN,0,0,1,1,0,16
56,1996,1305,10,NaN,NaN,NaN,0,0,1,0,0,13
56,1996,210,9,NaN,NaN,NaN,0,0,1,1,0,0
56,1996,347,13,NaN,NaN,NaN,0,0,1,1,0,0
56,1996,813,13,NaN,NaN,NaN,0,0,1,1,0,9
56,1996,1312,13,NaN,NaN,NaN,0,0,1,1,0,0
56,1996,47,6,NaN,NaN,NaN,0,0,1,1,0,0
56,1996,170,11,NaN,NaN,NaN,0,0,1,0,0,15
56,1996,87,4,NaN,NaN,NaN,0,0,1,1,0,20
56,1996,44,5,NaN,NaN,NaN,0,0,1,0,0,0
56,1996,1003,13,NaN,NaN,NaN,0,0,1,1,0,7
56,1996,245,5,NaN,NaN,NaN,0,0,1,0,0,0
56,1996,607,12,NaN,NaN,NaN,0,0,1,1,0,5
56,1996,27,17,NaN,NaN,NaN,0,0,1,1,0,0
56,1996,1584,20,NaN,NaN,NaN,0,5.49510200475574,1,1,0,0
56,1996,128,11,NaN,NaN,NaN,0,0,1,0,0,0
56,1996,1229,20,NaN,NaN,NaN,0,0,1,1,0,9
56,1996,403,13,NaN,NaN,NaN,0,0,1,1,0,12
56,1996,106,2,NaN,NaN,NaN,0,0,1,1,0,8
56,1996,925,19,NaN,NaN,NaN,0,0,1,1,0,0
56,1996,593,19,NaN,NaN,NaN,0,0,1,0,0,5
56,1996,544,11,NaN,NaN,NaN,0,0,1,0,0,1
56,1996,534,19,NaN,NaN,NaN,0,0,1,1,0,0
56,1996,333,4,NaN,NaN,NaN,0,0,1,1,0,17
56,1996,156,1,NaN,NaN,NaN,0,0,1,0,0,0
56,1996,67,6,NaN,NaN,NaN,0,0,1,0,0,8
56,1996,1368,13,NaN,NaN,NaN,0,0,1,0,0,5
56,1996,1465,9,NaN,NaN,NaN,0,0,1,0,0,3
56,1996,376,9,NaN,NaN,NaN,0,0,1,1,0,0
56,1996,595,1,NaN,NaN,NaN,0,0,1,1,0,12
56,1996,763,22,NaN,NaN,NaN,0,0,1,1,0,20
56,1996,978,17,NaN,NaN,NaN,0,0,1,1,0,0
56,1996,1024,1,NaN,NaN,NaN,0,0,1,1,0,0
56,1996,1124,3,NaN,NaN,NaN,0,0,1,1,0,15
56,1996,931,14,NaN,NaN,NaN,0,0,1,1,0,0
56,1996,272,14,NaN,NaN,NaN,0,0,1,1,0,0
56,1996,243,1,NaN,NaN,NaN,0,0,1,1,0,0
56,1996,1186,13,NaN,NaN,NaN,0,0,1,1,0,21
56,1996,1394,11,NaN,NaN,NaN,0,0,1,1,0,0
56,1996,1268,17,NaN,NaN,NaN,0,0,1,1,0,12
56,1996,1599,21,NaN,NaN,NaN,0,4.61841386230604,1,1,0,0
56,1996,162,12,NaN,NaN,NaN,0,0,1,1,0,0
56,1996,1439,19,NaN,NaN,NaN,0,0,1,1,0,0
56,1996,308,15,NaN,NaN,NaN,0,0,1,0,0,0
56,1996,1345,14,NaN,NaN,NaN,0,0,1,1,0,0
56,1996,1215,16,NaN,NaN,NaN,0,0,1,1,0,0
56,1996,447,15,NaN,NaN,NaN,0,0,1,1,0,0
56,1996,1199,13,NaN,NaN,NaN,0,0,1,0,0,12
56,1996,568,19,NaN,NaN,NaN,0,0,1,0,0,0
56,1996,1144,7,NaN,NaN,NaN,0,0,1,1,0,0
56,1996,323,10,NaN,NaN,NaN,0,0.125051400342665,1,1,0,0
56,1996,1113,12,NaN,NaN,NaN,0,0,1,1,0,0
56,1996,1364,1,NaN,NaN,NaN,0,0,1,1,0,13
56,1996,182,17,NaN,NaN,NaN,0,0,1,1,0,0
56,1996,1598,21,NaN,NaN,NaN,0,3.64120058078667,1,1,0,0
56,1996,78,21,NaN,NaN,NaN,0,0,1,1,0,0
56,1996,1356,21,NaN,NaN,NaN,0,0,1,1,0,6
56,1996,985,7,NaN,NaN,NaN,0,0,1,1,0,12
56,1996,811,6,NaN,NaN,NaN,0,0,1,1,0,0
56,1996,1195,12,NaN,NaN,NaN,0,0,1,1,0,16
56,1996,766,11,NaN,NaN,NaN,0,0,1,1,0,0
56,1996,907,9,NaN,NaN,NaN,0,0,1,0,0,0
56,1996,134,16,NaN,NaN,NaN,0,0,1,0,0,18
56,1996,1535,21,NaN,NaN,NaN,0,3.69298286523573,1,1,0,0
56,1996,346,3,NaN,NaN,NaN,0,0,1,1,0,21
56,1996,1240,13,NaN,NaN,NaN,0,0,1,1,0,0
56,1996,738,21,NaN,NaN,NaN,0,0,1,0,0,0
56,1996,1264,18,NaN,NaN,NaN,0,0,1,1,0,0
56,1996,501,10,NaN,NaN,NaN,0,0,1,1,0,0
56,1996,20,5,NaN,NaN,NaN,0,0,1,1,0,0
56,1996,1038,1,NaN,NaN,NaN,0,0,1,1,0,3
56,1996,410,1,NaN,NaN,NaN,0,0,1,1,0,11
56,1996,427,18,NaN,NaN,NaN,0,0,1,1,0,0
56,1996,1043,12,NaN,NaN,NaN,0,0,1,1,0,0
56,1996,968,12,NaN,NaN,NaN,0,0,1,0,0,20
56,1996,368,4,NaN,NaN,NaN,0,0,1,1,0,16
56,1996,487,5,NaN,NaN,NaN,0,0,1,0,0,0
56,1996,185,6,NaN,NaN,NaN,0,0,1,1,0,13
56,1996,183,1,NaN,NaN,NaN,0,0,1,1,0,0
56,1996,1391,18,NaN,NaN,NaN,0,0,1,1,0,12
56,1996,267,15,NaN,NaN,NaN,0,0,1,1,0,5
56,1996,1457,19,NaN,NaN,NaN,0,0,1,1,0,0
56,1996,690,5,NaN,NaN,NaN,0,0,1,1,0,21
56,1996,625,1,NaN,NaN,NaN,0,0,1,1,0,0
56,1996,1178,11,NaN,NaN,NaN,0,0,1,1,0,14
56,1996,296,15,NaN,NaN,NaN,0,0,1,1,0,14
56,1996,850,6,NaN,NaN,NaN,0,0,1,1,0,0
56,1996,1580,19,NaN,NaN,NaN,0,6.6439306075538,1,1,0,0
56,1996,250,1,NaN,NaN,NaN,0,0,1,0,0,20
56,1996,151,13,NaN,NaN,NaN,0,0,1,1,0,17
56,1996,80,17,NaN,NaN,NaN,0,0,1,1,0,0
56,1996,858,1,NaN,NaN,NaN,0,0,1,0,0,0
56,1996,554,11,NaN,NaN,NaN,0,0,1,1,0,0
56,1996,729,5,NaN,NaN,NaN,0,0,1,1,0,6
56,1996,821,5,NaN,NaN,NaN,0,0,1,1,0,13
56,1996,16,21,NaN,NaN,NaN,0,0,1,1,0,0
56,1996,1227,6,NaN,NaN,NaN,0,0,1,1,0,0
56,1996,769,12,NaN,NaN,NaN,0,0,1,1,0,0
56,1996,922,11,NaN,NaN,NaN,0,0,1,1,0,19
56,1996,174,22,NaN,NaN,NaN,0,0,1,0,0,0
56,1996,390,22,NaN,NaN,NaN,0,0,1,1,0,0
56,1996,1021,7,NaN,NaN,NaN,0,0,1,0,0,0
56,1996,1130,13,NaN,NaN,NaN,0,0,1,0,0,0
56,1996,500,1,NaN,NaN,NaN,0,0,1,1,0,11
56,1996,1196,22,NaN,NaN,NaN,0,0,1,1,0,5
56,1996,461,12,NaN,NaN,NaN,0,0,1,0,0,18
56,1996,671,1,NaN,NaN,NaN,0,0,1,1,0,0
56,1996,247,9,NaN,NaN,NaN,0,0,1,1,0,12
56,1996,1169,4,NaN,NaN,NaN,0,0,1,1,0,0
56,1996,1477,10,NaN,NaN,NaN,0,0,1,1,0,19
56,1996,255,14,NaN,NaN,NaN,0,0,1,1,0,0
56,1996,1107,15,NaN,NaN,NaN,0,0,1,1,0,5
56,1996,1497,21,NaN,NaN,NaN,0,0,1,1,0,8
56,1996,545,10,NaN,NaN,NaN,0,0,1,1,0,6
56,1996,803,15,NaN,NaN,NaN,0,0,1,1,0,20
56,1996,801,18,NaN,NaN,NaN,0,0,1,1,0,0
56,1996,485,12,NaN,NaN,NaN,0,0,1,0,0,0
56,1996,541,3,NaN,NaN,NaN,0,0,1,0,0,0
56,1996,372,13,NaN,NaN,NaN,0,0,1,1,0,1
56,1996,1034,11,NaN,NaN,NaN,0,0,1,1,0,0
56,1996,1441,4,NaN,NaN,NaN,0,0,1,0,0,0
56,1996,276,4,NaN,NaN,NaN,0,0,1,1,0,11
56,1996,102,19,NaN,NaN,NaN,0,6.65792135135047,1,1,1,16
56,1996,745,17,NaN,NaN,NaN,0,0,1,1,0,0
57,1996,1196,5,NaN,NaN,NaN,0,0,1,1,0,19
57,1996,1441,4,NaN,NaN,NaN,0,1.35130793071766,1,1,1,18
57,1996,1364,13,NaN,NaN,NaN,0,0,1,1,0,0
57,1996,87,20,NaN,NaN,NaN,0,6.20635553460889,1,1,1,12
57,1996,595,12,NaN,NaN,NaN,0,0,1,1,0,1
57,1996,722,17,NaN,NaN,NaN,0,0,1,1,0,5
57,1996,1268,12,NaN,NaN,NaN,0,0,1,1,0,17
57,1996,1144,7,NaN,NaN,NaN,0,5.39801870597646,1,1,1,6
57,1996,1222,16,NaN,NaN,NaN,0,0,1,1,0,6
57,1996,347,13,NaN,NaN,NaN,0,0,1,1,0,0
57,1996,272,14,NaN,NaN,NaN,0,0,1,1,0,0
57,1996,16,21,NaN,NaN,NaN,0,0,1,1,0,0
57,1996,1186,21,NaN,NaN,NaN,0,0,1,1,0,13
57,1996,766,11,NaN,NaN,NaN,0,0,1,1,0,0
57,1996,185,13,NaN,NaN,NaN,0,0,1,1,0,4
57,1996,729,6,NaN,NaN,NaN,0,0,1,1,0,16
57,1996,1130,13,NaN,NaN,NaN,0,5.5175545873182,1,1,1,11
57,1996,544,1,NaN,NaN,NaN,0,0,1,1,0,20
57,1996,170,15,NaN,NaN,NaN,0,5.02431741559633,1,0,0,0
57,1996,821,13,NaN,NaN,NaN,0,0,1,1,0,12
57,1996,811,6,NaN,NaN,NaN,0,0,1,1,0,10
57,1996,887,1,NaN,NaN,NaN,0,0,1,1,0,0
57,1996,1477,19,NaN,NaN,NaN,0,0,1,1,0,11
57,1996,1107,5,NaN,NaN,NaN,0,0,1,1,0,1
57,1996,1240,13,NaN,NaN,NaN,0,0,1,1,0,0
57,1996,850,6,NaN,NaN,NaN,0,0,1,1,0,3
57,1996,1584,20,NaN,NaN,NaN,0,5.88006625929272,1,1,0,0
57,1996,182,17,NaN,NaN,NaN,0,0,1,1,0,0
57,1996,738,21,NaN,NaN,NaN,0,3.50958444500568,1,1,1,15
57,1996,813,9,NaN,NaN,NaN,0,0,1,1,0,6
57,1996,1368,5,NaN,NaN,NaN,0,6.657928126673,1,0,0,13
57,1996,243,1,NaN,NaN,NaN,0,0,1,1,0,3
57,1996,1124,15,NaN,NaN,NaN,0,0,1,1,0,18
57,1996,1535,21,NaN,NaN,NaN,0,3.30947876381707,1,1,0,0
57,1996,500,11,NaN,NaN,NaN,0,0,1,1,0,13
57,1996,427,18,NaN,NaN,NaN,0,0,1,1,0,0
57,1996,106,8,NaN,NaN,NaN,0,0,1,1,0,0
57,1996,1465,3,NaN,NaN,NaN,0,7.82157884317974,1,1,1,21
57,1996,925,19,NaN,NaN,NaN,0,0,1,1,0,0
57,1996,1024,1,NaN,NaN,NaN,0,0,1,1,0,3
57,1996,80,17,NaN,NaN,NaN,0,0,1,1,0,3
57,1996,78,21,NaN,NaN,NaN,0,0,1,1,0,2
57,1996,1391,12,NaN,NaN,NaN,0,0,1,1,0,0
57,1996,745,17,NaN,NaN,NaN,0,3.66233744837385,1,1,1,1
57,1996,255,14,NaN,NaN,NaN,0,0,1,1,0,0
57,1996,210,9,NaN,NaN,NaN,0,0,1,1,0,1
57,1996,671,1,NaN,NaN,NaN,0,4.05924569823675,1,1,1,18
57,1996,267,5,NaN,NaN,NaN,0,0,1,1,0,0
57,1996,1195,16,NaN,NaN,NaN,0,0,1,1,0,0
57,1996,907,9,NaN,NaN,NaN,0,7.37474138269116,1,1,1,16
57,1996,276,11,NaN,NaN,NaN,0,0,1,1,0,0
57,1996,308,15,NaN,NaN,NaN,0,6.66349624061615,1,1,1,3
57,1996,1199,12,NaN,NaN,NaN,0,0,1,1,0,17
57,1996,858,1,NaN,NaN,NaN,0,0,1,1,0,0
57,1996,174,22,NaN,NaN,NaN,0,3.75462784398151,1,1,1,16
57,1996,968,20,NaN,NaN,NaN,0,0,1,1,0,1
57,1996,1034,11,NaN,NaN,NaN,0,0,1,1,0,8
57,1996,1497,8,NaN,NaN,NaN,0,0,1,1,0,21
57,1996,20,5,NaN,NaN,NaN,0,0,1,1,0,0
57,1996,501,10,NaN,NaN,NaN,0,0,1,1,0,6
57,1996,1169,4,NaN,NaN,NaN,0,0,1,1,0,0
57,1996,245,5,NaN,NaN,NaN,0,3.3016201917977,1,1,1,18
57,1996,183,1,NaN,NaN,NaN,0,0,1,1,0,0
57,1996,801,18,NaN,NaN,NaN,0,0,1,1,0,16
57,1996,151,17,NaN,NaN,NaN,0,0,1,1,0,20
57,1996,1305,13,NaN,NaN,NaN,0,0,1,1,0,0
57,1996,233,12,NaN,NaN,NaN,0,0,1,1,0,7
57,1996,134,18,NaN,NaN,NaN,0,0,1,1,0,0
57,1996,1345,14,NaN,NaN,NaN,0,0,1,1,0,10
57,1996,634,3,NaN,NaN,NaN,0,0,1,1,0,11
57,1996,534,19,NaN,NaN,NaN,0,0,1,1,0,7
57,1996,1043,12,NaN,NaN,NaN,0,5.58221987363015,1,1,1,22
57,1996,1264,18,NaN,NaN,NaN,0,0,1,1,0,0
57,1996,1227,6,NaN,NaN,NaN,0,0,1,1,0,0
57,1996,1439,19,NaN,NaN,NaN,0,0,1,1,0,0
57,1996,47,6,NaN,NaN,NaN,0,0,1,1,0,20
57,1996,568,19,NaN,NaN,NaN,0,6.17035296583118,1,1,1,15
57,1996,1003,7,NaN,NaN,NaN,0,0,1,1,0,2
57,1996,1457,19,NaN,NaN,NaN,0,0,1,1,0,0
57,1996,1312,13,NaN,NaN,NaN,0,0,1,1,0,12
57,1996,333,17,NaN,NaN,NaN,0,0,1,1,0,19
57,1996,800,18,NaN,NaN,NaN,0,0,1,1,0,0
57,1996,346,21,NaN,NaN,NaN,0,2.50824145530874,1,1,1,3
57,1996,67,8,NaN,NaN,NaN,0,6.38948562732597,1,1,1,5
57,1996,769,12,NaN,NaN,NaN,0,0,1,1,0,0
57,1996,763,20,NaN,NaN,NaN,0,0,1,1,0,1
57,1996,390,22,NaN,NaN,NaN,0,4.46709857348402,1,1,1,14
57,1996,690,21,NaN,NaN,NaN,0,0,1,1,0,0
57,1996,250,20,NaN,NaN,NaN,0,4.79823592669519,1,1,1,2
57,1996,461,18,NaN,NaN,NaN,0,0,1,1,0,0
57,1996,376,9,NaN,NaN,NaN,0,0,1,1,0,0
57,1996,541,3,NaN,NaN,NaN,0,6.99995516565741,1,1,1,13
57,1996,447,15,NaN,NaN,NaN,0,0,1,1,0,0
57,1996,985,12,NaN,NaN,NaN,0,0,1,1,0,0
57,1996,1122,15,NaN,NaN,NaN,0,1.64773677000454,1,1,1,22
57,1996,247,12,NaN,NaN,NaN,0,0,1,1,0,0
57,1996,1229,9,NaN,NaN,NaN,0,0,1,1,0,20
57,1996,403,12,NaN,NaN,NaN,0,0,1,1,0,1
57,1996,1580,19,NaN,NaN,NaN,0,4.41343588911968,1,1,0,0
57,1996,27,17,NaN,NaN,NaN,0,0,1,1,0,12
57,1996,1178,14,NaN,NaN,NaN,0,0,1,1,0,1
57,1996,607,5,NaN,NaN,NaN,0,0,1,1,0,0
57,1996,282,3,NaN,NaN,NaN,0,5.26123863407998,1,1,1,11
57,1996,487,5,NaN,NaN,NaN,0,0,1,1,0,0
57,1996,156,1,NaN,NaN,NaN,0,6.60720552571058,1,1,1,19
57,1996,296,14,NaN,NaN,NaN,0,0,1,1,0,12
57,1996,625,1,NaN,NaN,NaN,0,2.90048167597713,1,1,1,16
57,1996,162,12,NaN,NaN,NaN,0,0,1,1,0,5
57,1996,767,13,NaN,NaN,NaN,0,0,1,1,0,21
57,1996,1598,21,NaN,NaN,NaN,0,3.61799191346682,1,1,0,0
57,1996,554,11,NaN,NaN,NaN,0,0,1,1,0,0
57,1996,1394,11,NaN,NaN,NaN,0,0,1,1,0,5
57,1996,1113,12,NaN,NaN,NaN,0,0,1,1,0,6
57,1996,931,14,NaN,NaN,NaN,0,0,1,1,0,0
57,1996,485,12,NaN,NaN,NaN,0,5.74851568667231,1,1,1,17
57,1996,410,11,NaN,NaN,NaN,0,0,1,1,0,17
57,1996,372,1,NaN,NaN,NaN,0,0,1,1,0,0
57,1996,1356,6,NaN,NaN,NaN,0,0,1,1,0,0
57,1996,593,5,NaN,NaN,NaN,0,0,1,1,0,0
57,1996,368,16,NaN,NaN,NaN,0,0,1,1,0,18
57,1996,128,11,NaN,NaN,NaN,0,3.94626932891151,1,1,1,8
57,1996,323,10,NaN,NaN,NaN,0,0.0858902354364286,1,1,0,15
57,1996,1021,7,NaN,NaN,NaN,0,0,1,1,0,13
57,1996,978,17,NaN,NaN,NaN,0,0,1,1,0,0
57,1996,1038,3,NaN,NaN,NaN,0,0,1,1,0,0
57,1996,922,19,NaN,NaN,NaN,0,0,1,1,0,12
57,1996,803,20,NaN,NaN,NaN,0,0,1,1,0,2
57,1996,1599,21,NaN,NaN,NaN,0,4.50879137030702,1,1,0,0
57,1996,102,16,NaN,NaN,NaN,0,0,1,0,0,2
57,1996,44,5,NaN,NaN,NaN,0,0,1,1,0,0
57,1996,1215,16,NaN,NaN,NaN,0,0,1,1,0,0
57,1996,545,6,NaN,NaN,NaN,0,0,1,1,0,1
58,1997,593,5,NaN,NaN,NaN,0,0,1,1,0,0
58,1997,1215,16,NaN,NaN,NaN,0,0,1,1,0,0
58,1997,276,11,NaN,NaN,NaN,0,0,1,1,0,1
58,1997,487,5,NaN,NaN,NaN,0,0,1,1,0,18
58,1997,1368,13,NaN,NaN,NaN,0,6.657928126673,1,0,0,0
58,1997,174,16,NaN,NaN,NaN,0,0,1,0,0,21
58,1997,634,11,NaN,NaN,NaN,0,0,1,1,0,0
58,1997,985,12,NaN,NaN,NaN,0,0,1,1,0,19
58,1997,1107,1,NaN,NaN,NaN,0,0,1,1,0,0
58,1997,544,20,NaN,NaN,NaN,0,0,1,1,0,1
58,1997,427,18,NaN,NaN,NaN,0,0,1,1,0,0
58,1997,968,1,NaN,NaN,NaN,0,0,1,1,0,0
58,1997,1391,12,NaN,NaN,NaN,0,0,1,1,0,4
58,1997,500,13,NaN,NaN,NaN,0,0,1,1,0,18
58,1997,1441,18,NaN,NaN,NaN,0,0,1,0,0,4
58,1997,485,17,NaN,NaN,NaN,0,0,1,0,0,12
58,1997,1264,18,NaN,NaN,NaN,0,0,1,1,0,0
58,1997,1240,13,NaN,NaN,NaN,0,0,1,1,0,5
58,1997,102,2,NaN,NaN,NaN,0,0,1,0,0,6
58,1997,134,18,NaN,NaN,NaN,0,0,1,1,0,0
58,1997,568,15,NaN,NaN,NaN,0,0,1,0,0,19
58,1997,541,13,NaN,NaN,NaN,0,0,1,0,0,0
58,1997,67,5,NaN,NaN,NaN,0,0,1,0,0,0
58,1997,1598,21,NaN,NaN,NaN,0,3.61799191346682,1,1,0,0
58,1997,534,7,NaN,NaN,NaN,0,0,1,1,0,15
58,1997,801,16,NaN,NaN,NaN,0,0,1,1,0,18
58,1997,769,12,NaN,NaN,NaN,0,0,1,1,0,14
58,1997,183,1,NaN,NaN,NaN,0,0,1,1,0,4
58,1997,1196,19,NaN,NaN,NaN,0,0,1,1,0,21
58,1997,813,6,NaN,NaN,NaN,0,0,1,1,0,9
58,1997,243,3,NaN,NaN,NaN,0,0,1,1,0,2
58,1997,233,7,NaN,NaN,NaN,0,0,1,1,0,8
58,1997,1199,17,NaN,NaN,NaN,0,0,1,1,0,13
58,1997,1227,6,NaN,NaN,NaN,0,0,1,1,0,0
58,1997,1124,18,NaN,NaN,NaN,0,0,1,1,0,0
58,1997,1457,19,NaN,NaN,NaN,0,0,1,1,0,4
58,1997,554,11,NaN,NaN,NaN,0,0,1,1,0,10
58,1997,323,15,NaN,NaN,NaN,0,0.0858902354364286,1,1,0,1
58,1997,267,5,NaN,NaN,NaN,0,0,1,1,0,15
58,1997,410,17,NaN,NaN,NaN,0,0,1,1,0,0
58,1997,128,8,NaN,NaN,NaN,0,0,1,0,0,11
58,1997,925,19,NaN,NaN,NaN,0,0,1,1,0,0
58,1997,1584,20,NaN,NaN,NaN,0,5.88006625929272,1,1,0,0
58,1997,368,18,NaN,NaN,NaN,0,0,1,1,0,9
58,1997,978,17,NaN,NaN,NaN,0,0,1,1,0,13
58,1997,1195,16,NaN,NaN,NaN,0,0,1,1,0,1
58,1997,80,3,NaN,NaN,NaN,0,0,1,1,0,20
58,1997,1043,22,NaN,NaN,NaN,0,0,1,0,0,12
58,1997,907,16,NaN,NaN,NaN,0,0,1,0,0,9
58,1997,372,1,NaN,NaN,NaN,0,0,1,1,0,0
58,1997,162,5,NaN,NaN,NaN,0,0,1,1,0,4
58,1997,745,1,NaN,NaN,NaN,0,0,1,0,0,0
58,1997,16,21,NaN,NaN,NaN,0,0,1,1,0,1
58,1997,1305,13,NaN,NaN,NaN,0,0,1,1,0,0
58,1997,1477,11,NaN,NaN,NaN,0,0,1,1,0,4
58,1997,1130,11,NaN,NaN,NaN,0,0,1,0,0,18
58,1997,461,18,NaN,NaN,NaN,0,0,1,1,0,0
58,1997,1034,8,NaN,NaN,NaN,0,0,1,1,0,7
58,1997,1268,17,NaN,NaN,NaN,0,0,1,1,0,5
58,1997,1497,21,NaN,NaN,NaN,0,0,1,1,0,13
58,1997,1465,21,NaN,NaN,NaN,0,0,1,0,0,3
58,1997,151,20,NaN,NaN,NaN,0,0,1,1,0,17
58,1997,1312,12,NaN,NaN,NaN,0,0,1,1,0,3
58,1997,403,1,NaN,NaN,NaN,0,0,1,1,0,6
58,1997,763,1,NaN,NaN,NaN,0,0,1,1,0,0
58,1997,1113,6,NaN,NaN,NaN,0,0,1,1,0,0
58,1997,210,1,NaN,NaN,NaN,0,0,1,1,0,3
58,1997,766,11,NaN,NaN,NaN,0,0,1,1,0,0
58,1997,1021,13,NaN,NaN,NaN,0,0,1,1,0,7
58,1997,447,15,NaN,NaN,NaN,0,0,1,1,0,0
58,1997,1364,13,NaN,NaN,NaN,0,0,1,1,0,6
58,1997,1345,10,NaN,NaN,NaN,0,0,1,1,0,14
58,1997,87,12,NaN,NaN,NaN,0,0,1,0,0,0
58,1997,106,8,NaN,NaN,NaN,0,0,1,1,0,10
58,1997,738,15,NaN,NaN,NaN,0,0,1,0,0,21
58,1997,690,21,NaN,NaN,NaN,0,0,1,1,0,0
58,1997,1144,6,NaN,NaN,NaN,0,0,1,0,0,2
58,1997,625,16,NaN,NaN,NaN,0,0,1,0,0,1
58,1997,887,1,NaN,NaN,NaN,0,0,1,1,0,0
58,1997,255,14,NaN,NaN,NaN,0,0,1,1,0,0
58,1997,296,12,NaN,NaN,NaN,0,0,1,1,0,14
58,1997,1038,3,NaN,NaN,NaN,0,0,1,1,0,5
58,1997,250,2,NaN,NaN,NaN,0,0,1,0,0,15
58,1997,20,5,NaN,NaN,NaN,0,0,1,1,0,4
58,1997,333,19,NaN,NaN,NaN,0,0,1,1,0,7
58,1997,545,1,NaN,NaN,NaN,0,0,1,1,0,11
58,1997,347,13,NaN,NaN,NaN,0,0,1,1,0,0
58,1997,1024,3,NaN,NaN,NaN,0,0,1,1,0,0
58,1997,858,1,NaN,NaN,NaN,0,0,1,1,0,12
58,1997,1186,13,NaN,NaN,NaN,0,0,1,1,0,0
58,1997,185,4,NaN,NaN,NaN,0,0,1,1,0,6
58,1997,821,12,NaN,NaN,NaN,0,0,1,1,0,0
58,1997,1356,6,NaN,NaN,NaN,0,0,1,1,0,0
58,1997,376,9,NaN,NaN,NaN,0,0,1,1,0,0
58,1997,931,14,NaN,NaN,NaN,0,0,1,1,0,11
58,1997,1178,1,NaN,NaN,NaN,0,0,1,1,0,18
58,1997,27,12,NaN,NaN,NaN,0,0,1,1,0,9
58,1997,346,3,NaN,NaN,NaN,0,0,1,0,0,0
58,1997,607,5,NaN,NaN,NaN,0,0,1,1,0,6
58,1997,722,5,NaN,NaN,NaN,0,0,1,1,0,17
58,1997,1394,5,NaN,NaN,NaN,0,0,1,1,0,0
58,1997,1599,21,NaN,NaN,NaN,0,4.50879137030702,1,1,0,0
58,1997,282,11,NaN,NaN,NaN,0,0,1,0,0,18
58,1997,729,16,NaN,NaN,NaN,0,0,1,1,0,0
58,1997,850,3,NaN,NaN,NaN,0,0,1,1,0,0
58,1997,1580,19,NaN,NaN,NaN,0,4.41343588911968,1,1,0,0
58,1997,1122,22,NaN,NaN,NaN,0,0,1,0,0,11
58,1997,1439,19,NaN,NaN,NaN,0,0,1,1,0,0
58,1997,182,17,NaN,NaN,NaN,0,0,1,1,0,0
58,1997,671,18,NaN,NaN,NaN,0,0,1,0,0,1
58,1997,1222,6,NaN,NaN,NaN,0,0,1,1,0,18
58,1997,390,14,NaN,NaN,NaN,0,0,1,0,0,0
58,1997,1229,20,NaN,NaN,NaN,0,0,1,1,0,14
58,1997,767,21,NaN,NaN,NaN,0,0,1,1,0,17
58,1997,811,10,NaN,NaN,NaN,0,0,1,1,0,0
58,1997,78,2,NaN,NaN,NaN,0,0,1,1,0,16
58,1997,1169,4,NaN,NaN,NaN,0,0,1,1,0,3
58,1997,1003,2,NaN,NaN,NaN,0,0,1,1,0,16
58,1997,501,6,NaN,NaN,NaN,0,0,1,1,0,9
58,1997,47,20,NaN,NaN,NaN,0,0,1,1,0,9
58,1997,1535,21,NaN,NaN,NaN,0,3.30947876381707,1,1,0,0
58,1997,44,5,NaN,NaN,NaN,0,0,1,1,0,4
58,1997,922,12,NaN,NaN,NaN,0,0,1,1,0,18
58,1997,245,18,NaN,NaN,NaN,0,0,1,0,0,5
58,1997,170,15,NaN,NaN,NaN,0,5.02431741559633,1,0,0,0
58,1997,803,2,NaN,NaN,NaN,0,0,1,1,0,0
58,1997,595,1,NaN,NaN,NaN,0,0,1,1,0,0
58,1997,272,14,NaN,NaN,NaN,0,0,1,1,0,0
58,1997,800,18,NaN,NaN,NaN,0,0,1,1,0,0
58,1997,308,3,NaN,NaN,NaN,0,0,1,0,0,15
58,1997,247,12,NaN,NaN,NaN,0,0,1,1,0,11
59,1997,568,19,NaN,NaN,NaN,0,0,1,0,0,0
59,1997,255,14,NaN,NaN,NaN,0,0,1,1,0,12
59,1997,243,2,NaN,NaN,NaN,0,0,1,1,0,21
59,1997,210,3,NaN,NaN,NaN,0,0,1,1,0,2
59,1997,1107,1,NaN,NaN,NaN,0,0,1,1,0,6
59,1997,372,1,NaN,NaN,NaN,0,0,1,1,0,0
59,1997,151,17,NaN,NaN,NaN,0,0,1,1,0,0
59,1997,1268,5,NaN,NaN,NaN,0,0,1,1,0,13
59,1997,182,17,NaN,NaN,NaN,0,0,1,1,0,0
59,1997,1364,6,NaN,NaN,NaN,0,0,1,1,0,15
59,1997,485,12,NaN,NaN,NaN,0,0,1,0,0,0
59,1997,1178,18,NaN,NaN,NaN,0,0,1,1,0,0
59,1997,47,9,NaN,NaN,NaN,0,0,1,1,0,11
59,1997,593,5,NaN,NaN,NaN,0,0,1,1,0,0
59,1997,541,13,NaN,NaN,NaN,0,0,1,0,0,3
59,1997,1477,4,NaN,NaN,NaN,0,0,1,1,0,8
59,1997,800,18,NaN,NaN,NaN,0,0,1,1,0,17
59,1997,850,3,NaN,NaN,NaN,0,0,1,1,0,0
59,1997,1144,2,NaN,NaN,NaN,0,0,1,0,0,0
59,1997,447,15,NaN,NaN,NaN,0,0,1,1,0,0
59,1997,162,4,NaN,NaN,NaN,0,0,1,1,0,5
59,1997,500,18,NaN,NaN,NaN,0,0,1,1,0,0
59,1997,333,7,NaN,NaN,NaN,0,0,1,1,0,22
59,1997,323,1,NaN,NaN,NaN,0,0.0858902354364286,1,1,0,5
59,1997,858,12,NaN,NaN,NaN,0,0,1,1,0,5
59,1997,766,11,NaN,NaN,NaN,0,0,1,1,0,0
59,1997,634,11,NaN,NaN,NaN,0,0,1,1,0,18
59,1997,1227,6,NaN,NaN,NaN,0,0,1,1,0,0
59,1997,1024,3,NaN,NaN,NaN,0,0,1,1,0,0
59,1997,67,5,NaN,NaN,NaN,0,0,1,0,0,14
59,1997,554,10,NaN,NaN,NaN,0,0,1,1,0,0
59,1997,821,12,NaN,NaN,NaN,0,0,1,1,0,13
59,1997,1038,5,NaN,NaN,NaN,0,0,1,1,0,22
59,1997,1130,18,NaN,NaN,NaN,0,0,1,0,0,11
59,1997,1394,5,NaN,NaN,NaN,0,0,1,1,0,13
59,1997,671,1,NaN,NaN,NaN,0,0,1,0,0,22
59,1997,801,18,NaN,NaN,NaN,0,0,1,1,0,16
59,1997,1229,14,NaN,NaN,NaN,0,0,1,1,0,11
59,1997,347,13,NaN,NaN,NaN,0,0,1,1,0,0
59,1997,501,9,NaN,NaN,NaN,0,0,1,1,0,0
59,1997,174,21,NaN,NaN,NaN,0,0,1,0,0,0
59,1997,44,4,NaN,NaN,NaN,0,0,1,1,0,10
59,1997,738,21,NaN,NaN,NaN,0,0,1,0,0,0
59,1997,1240,5,NaN,NaN,NaN,0,0,1,1,0,0
59,1997,245,5,NaN,NaN,NaN,0,0,1,0,0,0
59,1997,128,11,NaN,NaN,NaN,0,0,1,0,0,0
59,1997,925,19,NaN,NaN,NaN,0,0,1,1,0,0
59,1997,1368,13,NaN,NaN,NaN,0,6.657928126673,1,1,1,14
59,1997,27,9,NaN,NaN,NaN,0,0,1,1,0,0
59,1997,170,15,NaN,NaN,NaN,0,5.02431741559633,1,1,1,13
59,1997,487,18,NaN,NaN,NaN,0,0,1,1,0,5
59,1997,20,4,NaN,NaN,NaN,0,0,1,1,0,10
59,1997,250,15,NaN,NaN,NaN,0,0,1,0,0,4
59,1997,534,15,NaN,NaN,NaN,0,0,1,1,0,19
59,1997,1598,21,NaN,NaN,NaN,0,3.61799191346682,1,1,0,0
59,1997,346,3,NaN,NaN,NaN,0,0,1,0,0,0
59,1997,1034,7,NaN,NaN,NaN,0,0,1,1,0,8
59,1997,1124,18,NaN,NaN,NaN,0,0,1,1,0,0
59,1997,1535,21,NaN,NaN,NaN,0,3.30947876381707,1,1,0,0
59,1997,722,17,NaN,NaN,NaN,0,0,1,1,0,0
59,1997,80,20,NaN,NaN,NaN,0,0,1,1,0,0
59,1997,403,6,NaN,NaN,NaN,0,0,1,1,0,21
59,1997,1215,16,NaN,NaN,NaN,0,0,1,1,0,19
59,1997,985,19,NaN,NaN,NaN,0,0,1,1,0,0
59,1997,1186,13,NaN,NaN,NaN,0,0,1,1,0,0
59,1997,811,10,NaN,NaN,NaN,0,0,1,1,0,4
59,1997,769,14,NaN,NaN,NaN,0,0,1,1,0,12
59,1997,368,9,NaN,NaN,NaN,0,0,1,1,0,0
59,1997,106,10,NaN,NaN,NaN,0,0,1,1,0,4
59,1997,763,1,NaN,NaN,NaN,0,0,1,1,0,13
59,1997,134,18,NaN,NaN,NaN,0,0,1,1,0,0
59,1997,87,12,NaN,NaN,NaN,0,0,1,0,0,0
59,1997,922,18,NaN,NaN,NaN,0,0,1,1,0,0
59,1997,16,1,NaN,NaN,NaN,0,0,1,1,0,5
59,1997,690,21,NaN,NaN,NaN,0,0,1,1,0,0
59,1997,102,6,NaN,NaN,NaN,0,0,1,0,0,17
59,1997,1305,13,NaN,NaN,NaN,0,0,1,1,0,0
59,1997,376,9,NaN,NaN,NaN,0,0,1,1,0,0
59,1997,545,11,NaN,NaN,NaN,0,0,1,1,0,22
59,1997,183,4,NaN,NaN,NaN,0,0,1,1,0,10
59,1997,595,1,NaN,NaN,NaN,0,0,1,1,0,0
59,1997,1021,7,NaN,NaN,NaN,0,0,1,1,0,20
59,1997,1199,13,NaN,NaN,NaN,0,0,1,1,0,0
59,1997,1264,18,NaN,NaN,NaN,0,0,1,1,0,0
59,1997,625,1,NaN,NaN,NaN,0,0,1,0,0,0
59,1997,1391,4,NaN,NaN,NaN,0,0,1,1,0,0
59,1997,233,8,NaN,NaN,NaN,0,0,1,1,0,21
59,1997,282,18,NaN,NaN,NaN,0,0,1,0,0,1
59,1997,247,11,NaN,NaN,NaN,0,0,1,1,0,0
59,1997,1457,4,NaN,NaN,NaN,0,0,1,1,0,0
59,1997,1196,21,NaN,NaN,NaN,0,0,1,1,0,6
59,1997,410,17,NaN,NaN,NaN,0,0,1,1,0,9
59,1997,729,16,NaN,NaN,NaN,0,0,1,1,0,20
59,1997,978,13,NaN,NaN,NaN,0,0,1,1,0,0
59,1997,931,11,NaN,NaN,NaN,0,0,1,1,0,0
59,1997,607,6,NaN,NaN,NaN,0,0,1,1,0,20
59,1997,390,14,NaN,NaN,NaN,0,0,1,0,0,12
59,1997,78,16,NaN,NaN,NaN,0,0,1,1,0,0
59,1997,185,6,NaN,NaN,NaN,0,0,1,1,0,18
59,1997,461,18,NaN,NaN,NaN,0,0,1,1,0,13
59,1997,544,1,NaN,NaN,NaN,0,0,1,1,0,0
59,1997,1122,11,NaN,NaN,NaN,0,0,1,0,0,15
59,1997,1580,19,NaN,NaN,NaN,0,4.41343588911968,1,1,0,0
59,1997,1043,12,NaN,NaN,NaN,0,0,1,0,0,13
59,1997,1345,14,NaN,NaN,NaN,0,0,1,1,0,10
59,1997,1441,4,NaN,NaN,NaN,0,0,1,0,0,3
59,1997,1497,13,NaN,NaN,NaN,0,0,1,1,0,5
59,1997,803,2,NaN,NaN,NaN,0,0,1,1,0,0
59,1997,767,17,NaN,NaN,NaN,0,0,1,1,0,5
59,1997,745,1,NaN,NaN,NaN,0,0,1,0,0,3
59,1997,308,15,NaN,NaN,NaN,0,0,1,0,0,3
59,1997,272,14,NaN,NaN,NaN,0,0,1,1,0,0
59,1997,1584,20,NaN,NaN,NaN,0,5.88006625929272,1,1,0,0
59,1997,427,18,NaN,NaN,NaN,0,0,1,1,0,12
59,1997,907,9,NaN,NaN,NaN,0,0,1,0,0,1
59,1997,1169,3,NaN,NaN,NaN,0,0,1,1,0,12
59,1997,1356,6,NaN,NaN,NaN,0,0,1,1,0,0
59,1997,1599,21,NaN,NaN,NaN,0,4.50879137030702,1,1,0,0
59,1997,296,14,NaN,NaN,NaN,0,0,1,1,0,21
59,1997,887,1,NaN,NaN,NaN,0,0,1,1,0,0
59,1997,1312,3,NaN,NaN,NaN,0,0,1,1,0,12
59,1997,267,15,NaN,NaN,NaN,0,0,1,1,0,0
59,1997,968,1,NaN,NaN,NaN,0,0,1,1,0,0
59,1997,1465,3,NaN,NaN,NaN,0,0,1,0,0,17
59,1997,1439,19,NaN,NaN,NaN,0,0,1,1,0,0
59,1997,813,9,NaN,NaN,NaN,0,0,1,1,0,20
59,1997,1222,18,NaN,NaN,NaN,0,0,1,1,0,1
59,1997,1113,6,NaN,NaN,NaN,0,0,1,1,0,0
59,1997,1195,1,NaN,NaN,NaN,0,0,1,1,0,20
59,1997,276,1,NaN,NaN,NaN,0,0,1,1,0,4
59,1997,1003,16,NaN,NaN,NaN,0,0,1,1,0,11
60,1997,333,22,NaN,NaN,NaN,0,0,1,1,0,17
60,1997,1240,5,NaN,NaN,NaN,0,0,1,1,0,13
60,1997,729,20,NaN,NaN,NaN,0,0,1,1,0,3
60,1997,27,9,NaN,NaN,NaN,0,0,1,1,0,0
60,1997,745,3,NaN,NaN,NaN,0,0,1,0,0,0
60,1997,1122,15,NaN,NaN,NaN,0,0,1,0,0,3
60,1997,858,5,NaN,NaN,NaN,0,0,1,1,0,0
60,1997,1038,22,NaN,NaN,NaN,0,0,1,1,0,0
60,1997,487,5,NaN,NaN,NaN,0,0,1,1,0,0
60,1997,1457,4,NaN,NaN,NaN,0,0,1,1,0,0
60,1997,1043,13,NaN,NaN,NaN,0,0,1,0,0,12
60,1997,1021,20,NaN,NaN,NaN,0,0,1,1,0,0
60,1997,1305,13,NaN,NaN,NaN,0,0,1,1,0,1
60,1997,1034,8,NaN,NaN,NaN,0,0,1,1,0,11
60,1997,925,19,NaN,NaN,NaN,0,0,1,1,0,0
60,1997,233,21,NaN,NaN,NaN,0,0,1,1,0,2
60,1997,1169,12,NaN,NaN,NaN,0,0,1,1,0,9
60,1997,1144,2,NaN,NaN,NaN,0,0,1,0,0,0
60,1997,690,21,NaN,NaN,NaN,0,0,1,1,0,0
60,1997,410,9,NaN,NaN,NaN,0,0,1,1,0,0
60,1997,766,11,NaN,NaN,NaN,0,0,1,1,0,0
60,1997,1345,10,NaN,NaN,NaN,0,0,1,1,0,11
60,1997,1215,19,NaN,NaN,NaN,0,0,1,1,0,0
60,1997,182,17,NaN,NaN,NaN,0,0,1,1,0,0
60,1997,272,14,NaN,NaN,NaN,0,0,1,1,0,0
60,1997,151,17,NaN,NaN,NaN,0,0,1,1,0,0
60,1997,554,10,NaN,NaN,NaN,0,0,1,1,0,21
60,1997,1268,13,NaN,NaN,NaN,0,0,1,1,0,17
60,1997,1599,21,NaN,NaN,NaN,0,4.50879137030702,1,1,0,0
60,1997,1584,20,NaN,NaN,NaN,0,5.88006625929272,1,1,0,0
60,1997,485,12,NaN,NaN,NaN,0,0,1,0,0,0
60,1997,1264,18,NaN,NaN,NaN,0,0,1,1,0,5
60,1997,276,4,NaN,NaN,NaN,0,0,1,1,0,7
60,1997,803,2,NaN,NaN,NaN,0,0,1,1,0,0
60,1997,427,12,NaN,NaN,NaN,0,0,1,1,0,1
60,1997,80,20,NaN,NaN,NaN,0,0,1,1,0,19
60,1997,1477,8,NaN,NaN,NaN,0,0,1,1,0,4
60,1997,1598,21,NaN,NaN,NaN,0,3.61799191346682,1,1,0,0
60,1997,1580,19,NaN,NaN,NaN,0,4.41343588911968,1,1,0,0
60,1997,87,12,NaN,NaN,NaN,0,0,1,0,0,20
60,1997,769,12,NaN,NaN,NaN,0,0,1,1,0,0
60,1997,162,5,NaN,NaN,NaN,0,0,1,1,0,21
60,1997,500,18,NaN,NaN,NaN,0,0,1,1,0,0
60,1997,671,22,NaN,NaN,NaN,0,0,1,0,0,5
60,1997,501,9,NaN,NaN,NaN,0,0,1,1,0,20
60,1997,296,21,NaN,NaN,NaN,0,0,1,1,0,14
60,1997,850,3,NaN,NaN,NaN,0,0,1,1,0,0
60,1997,174,21,NaN,NaN,NaN,0,0,1,0,0,0
60,1997,568,19,NaN,NaN,NaN,0,0,1,0,0,0
60,1997,346,3,NaN,NaN,NaN,0,0,1,0,0,0
60,1997,593,5,NaN,NaN,NaN,0,0,1,1,0,0
60,1997,1186,13,NaN,NaN,NaN,0,0,1,1,0,0
60,1997,1178,18,NaN,NaN,NaN,0,0,1,1,0,16
60,1997,738,21,NaN,NaN,NaN,0,0,1,0,0,0
60,1997,607,20,NaN,NaN,NaN,0,0,1,1,0,4
60,1997,67,14,NaN,NaN,NaN,0,0,1,0,0,13
60,1997,20,10,NaN,NaN,NaN,0,0,1,1,0,0
60,1997,1113,6,NaN,NaN,NaN,0,0,1,1,0,19
60,1997,106,4,NaN,NaN,NaN,0,0,1,1,0,18
60,1997,247,11,NaN,NaN,NaN,0,0,1,1,0,18
60,1997,534,19,NaN,NaN,NaN,0,0,1,1,0,7
60,1997,1024,3,NaN,NaN,NaN,0,0,1,1,0,0
60,1997,390,12,NaN,NaN,NaN,0,0,1,0,0,22
60,1997,813,20,NaN,NaN,NaN,0,0,1,1,0,9
60,1997,1535,21,NaN,NaN,NaN,0,3.30947876381707,1,1,0,0
60,1997,541,3,NaN,NaN,NaN,0,0,1,0,0,0
60,1997,978,13,NaN,NaN,NaN,0,0,1,1,0,0
60,1997,255,12,NaN,NaN,NaN,0,0,1,1,0,5
60,1997,1227,6,NaN,NaN,NaN,0,0,1,1,0,0
60,1997,47,11,NaN,NaN,NaN,0,0,1,1,0,5
60,1997,1003,11,NaN,NaN,NaN,0,0,1,1,0,0
60,1997,985,19,NaN,NaN,NaN,0,0,1,1,0,0
60,1997,968,1,NaN,NaN,NaN,0,0,1,1,0,19
60,1997,1439,19,NaN,NaN,NaN,0,0,1,1,0,13
60,1997,767,5,NaN,NaN,NaN,0,0,1,1,0,21
60,1997,376,9,NaN,NaN,NaN,0,0,1,1,0,0
60,1997,763,13,NaN,NaN,NaN,0,0,1,1,0,7
60,1997,595,1,NaN,NaN,NaN,0,0,1,1,0,0
60,1997,722,17,NaN,NaN,NaN,0,0,1,1,0,13
60,1997,250,4,NaN,NaN,NaN,0,0,1,0,0,22
60,1997,1124,18,NaN,NaN,NaN,0,0,1,1,0,8
60,1997,461,13,NaN,NaN,NaN,0,0,1,1,0,0
60,1997,170,13,NaN,NaN,NaN,0,0,1,0,0,15
60,1997,134,18,NaN,NaN,NaN,0,0,1,1,0,11
60,1997,183,10,NaN,NaN,NaN,0,0,1,1,0,2
60,1997,347,13,NaN,NaN,NaN,0,0,1,1,0,0
60,1997,308,3,NaN,NaN,NaN,0,0,1,0,0,15
60,1997,102,17,NaN,NaN,NaN,0,0,1,1,0,6
60,1997,245,5,NaN,NaN,NaN,0,0,1,0,0,0
60,1997,1356,6,NaN,NaN,NaN,0,0,1,1,0,0
60,1997,16,5,NaN,NaN,NaN,0,0,1,1,0,21
60,1997,243,21,NaN,NaN,NaN,0,0,1,1,0,13
60,1997,922,18,NaN,NaN,NaN,0,0,1,1,0,0
60,1997,447,15,NaN,NaN,NaN,0,0,1,1,0,11
60,1997,1364,15,NaN,NaN,NaN,0,0,1,1,0,0
60,1997,1497,5,NaN,NaN,NaN,0,0,1,1,0,13
60,1997,372,1,NaN,NaN,NaN,0,0,1,1,0,13
60,1997,801,16,NaN,NaN,NaN,0,0,1,1,0,0
60,1997,1222,1,NaN,NaN,NaN,0,0,1,1,0,18
60,1997,1229,11,NaN,NaN,NaN,0,0,1,1,0,18
60,1997,1107,6,NaN,NaN,NaN,0,0,1,1,0,0
60,1997,1394,13,NaN,NaN,NaN,0,0,1,1,0,11
60,1997,1312,12,NaN,NaN,NaN,0,0,1,1,0,20
60,1997,1195,20,NaN,NaN,NaN,0,0,1,1,0,0
60,1997,44,10,NaN,NaN,NaN,0,0,1,1,0,5
60,1997,323,5,NaN,NaN,NaN,0,0.0858902354364286,1,1,0,4
60,1997,800,17,NaN,NaN,NaN,0,0,1,1,0,0
60,1997,545,22,NaN,NaN,NaN,0,0,1,1,0,14
60,1997,1368,14,NaN,NaN,NaN,0,0,1,0,0,0
60,1997,1441,3,NaN,NaN,NaN,0,0,1,0,0,18
60,1997,185,18,NaN,NaN,NaN,0,0,1,1,0,6
60,1997,78,16,NaN,NaN,NaN,0,0,1,1,0,0
60,1997,634,18,NaN,NaN,NaN,0,0,1,1,0,11
60,1997,210,2,NaN,NaN,NaN,0,0,1,1,0,0
60,1997,931,11,NaN,NaN,NaN,0,0,1,1,0,0
60,1997,128,11,NaN,NaN,NaN,0,0,1,0,0,0
60,1997,821,13,NaN,NaN,NaN,0,0,1,1,0,0
60,1997,267,15,NaN,NaN,NaN,0,0,1,1,0,13
60,1997,1196,6,NaN,NaN,NaN,0,0,1,1,0,0
60,1997,544,1,NaN,NaN,NaN,0,0,1,1,0,0
60,1997,887,1,NaN,NaN,NaN,0,0,1,1,0,9
60,1997,282,1,NaN,NaN,NaN,0,0,1,0,0,10
60,1997,1391,4,NaN,NaN,NaN,0,0,1,1,0,14
60,1997,1199,13,NaN,NaN,NaN,0,0,1,1,0,0
60,1997,403,21,NaN,NaN,NaN,0,0,1,1,0,18
60,1997,368,9,NaN,NaN,NaN,0,0,1,1,0,0
60,1997,1130,11,NaN,NaN,NaN,0,0,1,0,0,0
60,1997,625,1,NaN,NaN,NaN,0,0,1,0,0,0
60,1997,907,1,NaN,NaN,NaN,0,0,1,0,0,5
60,1997,1465,17,NaN,NaN,NaN,0,0,1,0,0,3
61,1997,1264,5,NaN,NaN,NaN,0,0,1,1,0,15
61,1997,1169,9,NaN,NaN,NaN,0,0,1,1,0,6
61,1997,162,21,NaN,NaN,NaN,0,0,1,1,0,14
61,1997,1305,1,NaN,NaN,NaN,0,0,1,1,0,13
61,1997,134,11,NaN,NaN,NaN,0,4.80622982141945,1,1,1,13
61,1997,102,6,NaN,NaN,NaN,0,3.85416194357718,1,1,1,17
61,1997,729,3,NaN,NaN,NaN,0,0,1,1,0,0
61,1997,767,21,NaN,NaN,NaN,0,0,1,1,0,14
61,1997,185,6,NaN,NaN,NaN,0,0,1,1,0,3
61,1997,276,7,NaN,NaN,NaN,0,0,1,1,0,0
61,1997,1368,14,NaN,NaN,NaN,0,4.59328364972286,1,0,0,0
61,1997,250,22,NaN,NaN,NaN,0,0,1,1,0,14
61,1997,634,11,NaN,NaN,NaN,0,0.27994290726611,1,1,0,0
61,1997,1043,12,NaN,NaN,NaN,0,0,1,1,0,0
61,1997,821,13,NaN,NaN,NaN,0,0,1,1,0,12
61,1997,210,2,NaN,NaN,NaN,0,0,1,1,0,4
61,1997,80,19,NaN,NaN,NaN,0,0,1,1,0,16
61,1997,282,10,NaN,NaN,NaN,0,0,1,1,0,1
61,1997,738,21,NaN,NaN,NaN,0,2.96950864693086,1,1,1,18
61,1997,1107,6,NaN,NaN,NaN,0,3.61212348049995,1,1,1,10
61,1997,272,14,NaN,NaN,NaN,0,0,1,1,0,0
61,1997,887,9,NaN,NaN,NaN,0,0,1,1,0,1
61,1997,501,20,NaN,NaN,NaN,0,0,1,1,0,5
61,1997,106,18,NaN,NaN,NaN,0,0,1,1,0,21
61,1997,347,13,NaN,NaN,NaN,0,0,1,1,0,0
61,1997,803,2,NaN,NaN,NaN,0,4.37375642114791,1,1,1,1
61,1997,16,21,NaN,NaN,NaN,0,0,1,1,0,2
61,1997,1356,6,NaN,NaN,NaN,0,0,1,1,0,9
61,1997,78,16,NaN,NaN,NaN,0,0,1,1,0,19
61,1997,813,9,NaN,NaN,NaN,0,0,1,1,0,3
61,1997,427,1,NaN,NaN,NaN,0,0,1,1,0,22
61,1997,67,13,NaN,NaN,NaN,0,3.30307919541185,1,1,1,12
61,1997,593,5,NaN,NaN,NaN,0,0,1,1,0,0
61,1997,390,22,NaN,NaN,NaN,0,0,1,1,0,0
61,1997,671,5,NaN,NaN,NaN,0,4.20620853986249,1,1,1,22
61,1997,1391,14,NaN,NaN,NaN,0,0,1,1,0,6
61,1997,151,17,NaN,NaN,NaN,0,5.82196278076442,1,1,1,13
61,1997,372,13,NaN,NaN,NaN,0,0,1,1,0,5
61,1997,1227,6,NaN,NaN,NaN,0,0,1,1,0,0
61,1997,500,18,NaN,NaN,NaN,0,0,1,1,0,0
61,1997,1003,11,NaN,NaN,NaN,0,0,1,1,0,6
61,1997,541,3,NaN,NaN,NaN,0,0,1,1,0,13
61,1997,487,5,NaN,NaN,NaN,0,3.84756541643727,1,1,1,9
61,1997,595,1,NaN,NaN,NaN,0,0,1,1,0,0
61,1997,27,9,NaN,NaN,NaN,0,0,1,1,0,4
61,1997,1394,11,NaN,NaN,NaN,0,0,1,1,0,15
61,1997,850,3,NaN,NaN,NaN,0,0,1,1,0,21
61,1997,985,19,NaN,NaN,NaN,0,0,1,1,0,3
61,1997,128,11,NaN,NaN,NaN,0,3.63422413934953,1,1,1,16
61,1997,1268,17,NaN,NaN,NaN,0,0,1,1,0,0
61,1997,368,9,NaN,NaN,NaN,0,0,1,1,0,18
61,1997,858,5,NaN,NaN,NaN,0,1.86645794119312,1,1,1,13
61,1997,978,13,NaN,NaN,NaN,0,1.55962977340716,1,1,1,1
61,1997,333,17,NaN,NaN,NaN,0,0,1,1,0,0
61,1997,801,16,NaN,NaN,NaN,0,0,1,1,0,21
61,1997,1240,13,NaN,NaN,NaN,0,0,1,1,0,0
61,1997,1457,4,NaN,NaN,NaN,0,0,1,1,0,3
61,1997,745,3,NaN,NaN,NaN,0,4.67778504234555,1,1,1,17
61,1997,1186,13,NaN,NaN,NaN,0,0,1,1,0,0
61,1997,87,20,NaN,NaN,NaN,0,6.99201197032155,1,1,1,18
61,1997,183,2,NaN,NaN,NaN,0,0,1,1,0,0
61,1997,44,5,NaN,NaN,NaN,0,0,1,1,0,0
61,1997,1312,20,NaN,NaN,NaN,0,0,1,1,0,13
61,1997,1195,20,NaN,NaN,NaN,0,0,1,1,0,14
61,1997,255,5,NaN,NaN,NaN,0,0,1,1,0,7
61,1997,1229,18,NaN,NaN,NaN,0,0,1,1,0,19
61,1997,1124,8,NaN,NaN,NaN,0,0,1,1,0,18
61,1997,233,2,NaN,NaN,NaN,0,0,1,1,0,16
61,1997,461,13,NaN,NaN,NaN,0,0,1,1,0,0
61,1997,1038,22,NaN,NaN,NaN,0,0,1,1,0,6
61,1997,534,7,NaN,NaN,NaN,0,0,1,1,0,1
61,1997,1196,6,NaN,NaN,NaN,0,0,1,1,0,13
61,1997,1535,21,NaN,NaN,NaN,0,3.19057829836448,1,1,0,0
61,1997,1222,18,NaN,NaN,NaN,0,0,1,1,0,4
61,1997,722,13,NaN,NaN,NaN,0,0,1,1,0,15
61,1997,267,13,NaN,NaN,NaN,0,0,1,1,0,0
61,1997,247,18,NaN,NaN,NaN,0,0,1,1,0,11
61,1997,1130,11,NaN,NaN,NaN,0,0,1,1,0,0
61,1997,568,19,NaN,NaN,NaN,0,6.01208776231936,1,1,1,17
61,1997,174,21,NaN,NaN,NaN,0,1.88733796778426,1,1,1,1
61,1997,485,12,NaN,NaN,NaN,0,5.76646288853901,1,1,1,1
61,1997,1215,19,NaN,NaN,NaN,0,0,1,1,0,1
61,1997,1178,16,NaN,NaN,NaN,0,0,1,1,0,19
61,1997,1144,2,NaN,NaN,NaN,0,4.95787278849692,1,1,1,17
61,1997,1598,21,NaN,NaN,NaN,0,3.30670071905634,1,1,0,0
61,1997,447,11,NaN,NaN,NaN,0,0,1,1,0,15
61,1997,931,11,NaN,NaN,NaN,0,0,1,1,0,1
61,1997,346,3,NaN,NaN,NaN,0,0,1,1,0,0
61,1997,47,5,NaN,NaN,NaN,0,0,1,1,0,0
61,1997,1580,19,NaN,NaN,NaN,0,6.97946014728513,1,1,0,0
61,1997,1584,20,NaN,NaN,NaN,0,4.49077658481333,1,1,0,0
61,1997,1113,19,NaN,NaN,NaN,0,0,1,1,0,0
61,1997,245,5,NaN,NaN,NaN,0,1.84533037227372,1,1,1,2
61,1997,1599,21,NaN,NaN,NaN,0,3.8618562426946,1,1,0,0
61,1997,1465,3,NaN,NaN,NaN,0,0,1,1,0,9
61,1997,243,13,NaN,NaN,NaN,0,0,1,1,0,8
61,1997,607,4,NaN,NaN,NaN,0,0,1,1,0,3
61,1997,410,9,NaN,NaN,NaN,0,2.20938602982651,1,1,1,11
61,1997,690,21,NaN,NaN,NaN,0,0,1,1,0,5
61,1997,925,19,NaN,NaN,NaN,0,0,1,1,0,0
61,1997,1441,18,NaN,NaN,NaN,0,6.13484194679042,1,1,1,13
61,1997,308,15,NaN,NaN,NaN,0,6.54507929532117,1,1,1,3
61,1997,1024,3,NaN,NaN,NaN,0,0,1,1,0,0
61,1997,907,5,NaN,NaN,NaN,0,0,1,1,0,0
61,1997,544,1,NaN,NaN,NaN,0,0,1,1,0,0
61,1997,1439,13,NaN,NaN,NaN,0,0,1,1,0,11
61,1997,554,21,NaN,NaN,NaN,0,0,1,1,0,2
61,1997,1497,13,NaN,NaN,NaN,0,0,1,1,0,5
61,1997,376,9,NaN,NaN,NaN,0,0,1,1,0,0
61,1997,323,4,NaN,NaN,NaN,0,0,1,1,0,20
61,1997,763,7,NaN,NaN,NaN,0,0,1,1,0,0
61,1997,1364,15,NaN,NaN,NaN,0,0,1,1,0,12
61,1997,1477,4,NaN,NaN,NaN,0,0,1,1,0,0
61,1997,922,18,NaN,NaN,NaN,0,0,1,1,0,12
61,1997,1021,20,NaN,NaN,NaN,0,0,1,1,0,7
61,1997,1034,11,NaN,NaN,NaN,0,0,1,1,0,0
61,1997,769,12,NaN,NaN,NaN,0,1.29366219235608,1,1,1,21
61,1997,182,17,NaN,NaN,NaN,0,0,1,1,0,0
61,1997,800,17,NaN,NaN,NaN,0,0,1,1,0,0
61,1997,1122,3,NaN,NaN,NaN,0,0,1,1,0,0
61,1997,1345,11,NaN,NaN,NaN,0,0,1,1,0,0
61,1997,625,1,NaN,NaN,NaN,0,3.76640953869519,1,1,1,5
61,1997,545,14,NaN,NaN,NaN,0,0,1,1,0,6
61,1997,170,15,NaN,NaN,NaN,0,4.7558680863837,1,0,0,0
61,1997,766,11,NaN,NaN,NaN,0,0,1,1,0,0
61,1997,296,14,NaN,NaN,NaN,0,0,1,1,0,0
61,1997,20,10,NaN,NaN,NaN,0,0,1,1,0,0
61,1997,968,19,NaN,NaN,NaN,0,6.15490607232339,1,1,1,21
61,1997,1199,13,NaN,NaN,NaN,0,0,1,1,0,12
62,1998,183,2,NaN,NaN,NaN,0,0,1,1,0,20
62,1998,308,3,NaN,NaN,NaN,0,0,1,0,0,0
62,1998,243,8,NaN,NaN,NaN,0,0,1,1,0,20
62,1998,487,9,NaN,NaN,NaN,0,0,1,0,0,5
62,1998,1364,12,NaN,NaN,NaN,0,0,1,1,0,2
62,1998,1356,9,NaN,NaN,NaN,0,0,1,1,0,0
62,1998,767,14,NaN,NaN,NaN,0,0,1,1,0,18
62,1998,534,1,NaN,NaN,NaN,0,0,1,1,0,0
62,1998,376,9,NaN,NaN,NaN,0,0,1,1,0,4
62,1998,1130,11,NaN,NaN,NaN,0,0,1,1,0,2
62,1998,255,7,NaN,NaN,NaN,0,0,1,1,0,0
62,1998,978,1,NaN,NaN,NaN,0,0,1,0,0,15
62,1998,1477,4,NaN,NaN,NaN,0,0,1,1,0,22
62,1998,1144,17,NaN,NaN,NaN,0,0,1,0,0,4
62,1998,272,14,NaN,NaN,NaN,0,0,1,1,0,0
62,1998,390,22,NaN,NaN,NaN,0,0,1,1,0,20
62,1998,985,3,NaN,NaN,NaN,0,0,1,1,0,20
62,1998,323,20,NaN,NaN,NaN,0,0,1,1,0,0
62,1998,1264,15,NaN,NaN,NaN,0,0,1,1,0,18
62,1998,128,16,NaN,NaN,NaN,0,0,1,0,0,11
62,1998,1391,6,NaN,NaN,NaN,0,0,1,1,0,4
62,1998,1021,7,NaN,NaN,NaN,0,0,1,1,0,20
62,1998,185,3,NaN,NaN,NaN,0,0,1,1,0,0
62,1998,925,19,NaN,NaN,NaN,0,0,1,1,0,0
62,1998,1497,5,NaN,NaN,NaN,0,0,1,1,0,0
62,1998,44,5,NaN,NaN,NaN,0,0,1,1,0,17
62,1998,858,13,NaN,NaN,NaN,0,0,1,0,0,0
62,1998,1535,21,NaN,NaN,NaN,0,3.19057829836448,1,1,0,0
62,1998,1312,13,NaN,NaN,NaN,0,0,1,1,0,21
62,1998,1124,18,NaN,NaN,NaN,0,0,1,1,0,0
62,1998,245,2,NaN,NaN,NaN,0,0,1,0,0,5
62,1998,1122,3,NaN,NaN,NaN,0,0,1,1,0,0
62,1998,968,21,NaN,NaN,NaN,0,0,1,0,0,1
62,1998,20,10,NaN,NaN,NaN,0,0,1,1,0,0
62,1998,501,5,NaN,NaN,NaN,0,0,1,1,0,0
62,1998,1368,14,NaN,NaN,NaN,0,4.59328364972286,1,0,0,0
62,1998,134,13,NaN,NaN,NaN,0,0,1,0,0,12
62,1998,821,12,NaN,NaN,NaN,0,0,1,1,0,0
62,1998,1441,13,NaN,NaN,NaN,0,0,1,0,0,18
62,1998,766,11,NaN,NaN,NaN,0,0,1,1,0,0
62,1998,671,22,NaN,NaN,NaN,0,0,1,0,0,0
62,1998,763,7,NaN,NaN,NaN,0,0,1,1,0,12
62,1998,1199,12,NaN,NaN,NaN,0,0,1,1,0,13
62,1998,485,1,NaN,NaN,NaN,0,0,1,0,0,12
62,1998,1003,6,NaN,NaN,NaN,0,0,1,1,0,8
62,1998,47,5,NaN,NaN,NaN,0,0,1,1,0,15
62,1998,595,1,NaN,NaN,NaN,0,0,1,1,0,0
62,1998,625,5,NaN,NaN,NaN,0,0,1,0,0,1
62,1998,16,2,NaN,NaN,NaN,0,0,1,1,0,18
62,1998,803,1,NaN,NaN,NaN,0,0,1,0,0,0
62,1998,1113,19,NaN,NaN,NaN,0,0,1,1,0,10
62,1998,1043,12,NaN,NaN,NaN,0,0,1,1,0,16
62,1998,1305,13,NaN,NaN,NaN,0,0,1,1,0,0
62,1998,182,17,NaN,NaN,NaN,0,0,1,1,0,0
62,1998,1186,13,NaN,NaN,NaN,0,0,1,1,0,0
62,1998,333,17,NaN,NaN,NaN,0,0,1,1,0,0
62,1998,1195,14,NaN,NaN,NaN,0,0,1,1,0,4
62,1998,372,5,NaN,NaN,NaN,0,0,1,1,0,0
62,1998,690,5,NaN,NaN,NaN,0,0,1,1,0,0
62,1998,922,12,NaN,NaN,NaN,0,0,1,1,0,18
62,1998,1222,4,NaN,NaN,NaN,0,0,1,1,0,1
62,1998,541,13,NaN,NaN,NaN,0,0,1,1,0,0
62,1998,1107,10,NaN,NaN,NaN,0,0,1,0,0,0
62,1998,1439,11,NaN,NaN,NaN,0,0,1,1,0,0
62,1998,1580,19,NaN,NaN,NaN,0,6.97946014728513,1,1,0,0
62,1998,1229,19,NaN,NaN,NaN,0,0,1,1,0,1
62,1998,461,13,NaN,NaN,NaN,0,0,1,1,0,21
62,1998,1240,13,NaN,NaN,NaN,0,0,1,1,0,0
62,1998,634,11,NaN,NaN,NaN,0,0.27994290726611,1,1,0,0
62,1998,738,18,NaN,NaN,NaN,0,0,1,0,0,21
62,1998,282,1,NaN,NaN,NaN,0,0,1,1,0,0
62,1998,162,14,NaN,NaN,NaN,0,0,1,1,0,19
62,1998,1169,6,NaN,NaN,NaN,0,0,1,1,0,9
62,1998,568,17,NaN,NaN,NaN,0,0,1,0,0,9
62,1998,247,11,NaN,NaN,NaN,0,0,1,1,0,18
62,1998,447,15,NaN,NaN,NaN,0,0,1,1,0,0
62,1998,769,21,NaN,NaN,NaN,0,0,1,0,0,12
62,1998,1227,6,NaN,NaN,NaN,0,0,1,1,0,0
62,1998,1178,19,NaN,NaN,NaN,0,0,1,1,0,13
62,1998,887,1,NaN,NaN,NaN,0,0,1,1,0,0
62,1998,267,13,NaN,NaN,NaN,0,0,1,1,0,0
62,1998,106,21,NaN,NaN,NaN,0,0,1,1,0,13
62,1998,1394,15,NaN,NaN,NaN,0,0,1,1,0,5
62,1998,1196,13,NaN,NaN,NaN,0,0,1,1,0,8
62,1998,1038,6,NaN,NaN,NaN,0,0,1,1,0,7
62,1998,102,17,NaN,NaN,NaN,0,0,1,0,0,6
62,1998,545,6,NaN,NaN,NaN,0,0,1,1,0,0
62,1998,722,15,NaN,NaN,NaN,0,0,1,1,0,17
62,1998,67,12,NaN,NaN,NaN,0,0,1,0,0,0
62,1998,1584,20,NaN,NaN,NaN,0,4.49077658481333,1,1,0,0
62,1998,745,17,NaN,NaN,NaN,0,0,1,0,0,3
62,1998,151,13,NaN,NaN,NaN,0,0,1,0,0,17
62,1998,410,11,NaN,NaN,NaN,0,0,1,0,0,6
62,1998,174,1,NaN,NaN,NaN,0,0,1,0,0,0
62,1998,276,7,NaN,NaN,NaN,0,0,1,1,0,0
62,1998,1345,11,NaN,NaN,NaN,0,0,1,1,0,5
62,1998,368,18,NaN,NaN,NaN,0,0,1,1,0,9
62,1998,1215,1,NaN,NaN,NaN,0,0,1,1,0,8
62,1998,233,16,NaN,NaN,NaN,0,0,1,1,0,12
62,1998,347,13,NaN,NaN,NaN,0,0,1,1,0,0
62,1998,78,19,NaN,NaN,NaN,0,0,1,1,0,11
62,1998,850,21,NaN,NaN,NaN,0,0,1,1,0,19
62,1998,427,22,NaN,NaN,NaN,0,0,1,1,0,5
62,1998,813,3,NaN,NaN,NaN,0,0,1,1,0,6
62,1998,1034,11,NaN,NaN,NaN,0,0,1,1,0,15
62,1998,1268,17,NaN,NaN,NaN,0,0,1,1,0,0
62,1998,593,5,NaN,NaN,NaN,0,0,1,1,0,6
62,1998,250,14,NaN,NaN,NaN,0,0,1,1,0,9
62,1998,1465,9,NaN,NaN,NaN,0,0,1,1,0,3
62,1998,1599,21,NaN,NaN,NaN,0,3.8618562426946,1,1,0,0
62,1998,544,1,NaN,NaN,NaN,0,0,1,1,0,0
62,1998,1024,3,NaN,NaN,NaN,0,0,1,1,0,21
62,1998,87,18,NaN,NaN,NaN,0,0,1,0,0,20
62,1998,554,2,NaN,NaN,NaN,0,0,1,1,0,3
62,1998,1598,21,NaN,NaN,NaN,0,3.30670071905634,1,1,0,0
62,1998,1457,3,NaN,NaN,NaN,0,0,1,1,0,6
62,1998,296,14,NaN,NaN,NaN,0,0,1,1,0,4
62,1998,210,4,NaN,NaN,NaN,0,0,1,1,0,3
62,1998,80,16,NaN,NaN,NaN,0,0,1,1,0,11
62,1998,907,5,NaN,NaN,NaN,0,0,1,1,0,3
62,1998,607,3,NaN,NaN,NaN,0,0,1,1,0,8
62,1998,801,21,NaN,NaN,NaN,0,0,1,1,0,13
62,1998,931,1,NaN,NaN,NaN,0,0,1,1,0,10
62,1998,27,4,NaN,NaN,NaN,0,0,1,1,0,21
62,1998,729,3,NaN,NaN,NaN,0,0,1,1,0,9
62,1998,170,15,NaN,NaN,NaN,0,4.7558680863837,1,0,0,0
62,1998,800,17,NaN,NaN,NaN,0,0,1,1,0,0
63,1998,1003,8,NaN,NaN,NaN,0,0,1,1,0,20
63,1998,1169,9,NaN,NaN,NaN,0,0,1,1,0,5
63,1998,44,17,NaN,NaN,NaN,0,0,1,1,0,0
63,1998,185,3,NaN,NaN,NaN,0,0,1,1,0,14
63,1998,1598,21,NaN,NaN,NaN,0,3.30670071905634,1,1,0,0
63,1998,182,17,NaN,NaN,NaN,0,0,1,1,0,0
63,1998,1229,1,NaN,NaN,NaN,0,0,1,1,0,12
63,1998,1222,1,NaN,NaN,NaN,0,0,1,1,0,16
63,1998,376,4,NaN,NaN,NaN,0,0,1,1,0,0
63,1998,427,5,NaN,NaN,NaN,0,0,1,1,0,8
63,1998,282,1,NaN,NaN,NaN,0,0,1,1,0,0
63,1998,128,11,NaN,NaN,NaN,0,0,1,0,0,0
63,1998,625,1,NaN,NaN,NaN,0,0,1,0,0,0
63,1998,233,12,NaN,NaN,NaN,0,0,1,1,0,0
63,1998,722,17,NaN,NaN,NaN,0,0,1,1,0,4
63,1998,1021,20,NaN,NaN,NaN,0,0,1,1,0,0
63,1998,554,3,NaN,NaN,NaN,0,0,1,1,0,12
63,1998,1144,4,NaN,NaN,NaN,0,0,1,0,0,22
63,1998,1264,18,NaN,NaN,NaN,0,0,1,1,0,5
63,1998,447,15,NaN,NaN,NaN,0,0,1,1,0,0
63,1998,1345,5,NaN,NaN,NaN,0,0,1,1,0,12
63,1998,255,7,NaN,NaN,NaN,0,0,1,1,0,10
63,1998,250,9,NaN,NaN,NaN,0,0,1,1,0,0
63,1998,850,19,NaN,NaN,NaN,0,0,1,1,0,0
63,1998,545,6,NaN,NaN,NaN,0,0,1,1,0,0
63,1998,858,13,NaN,NaN,NaN,0,0,1,0,0,20
63,1998,461,21,NaN,NaN,NaN,0,0,1,1,0,8
63,1998,102,6,NaN,NaN,NaN,0,0,1,0,0,0
63,1998,1312,21,NaN,NaN,NaN,0,0,1,1,0,0
63,1998,1227,6,NaN,NaN,NaN,0,0,1,1,0,0
63,1998,243,20,NaN,NaN,NaN,0,0,1,1,0,15
63,1998,501,5,NaN,NaN,NaN,0,0,1,1,0,0
63,1998,763,12,NaN,NaN,NaN,0,0,1,1,0,0
63,1998,607,8,NaN,NaN,NaN,0,0,1,1,0,0
63,1998,1043,16,NaN,NaN,NaN,0,0,1,1,0,12
63,1998,368,9,NaN,NaN,NaN,0,0,1,1,0,17
63,1998,800,17,NaN,NaN,NaN,0,0,1,1,0,0
63,1998,671,22,NaN,NaN,NaN,0,0,1,0,0,1
63,1998,20,10,NaN,NaN,NaN,0,0,1,1,0,8
63,1998,568,9,NaN,NaN,NaN,0,0,1,0,0,0
63,1998,1535,21,NaN,NaN,NaN,0,3.19057829836448,1,1,1,7
63,1998,272,14,NaN,NaN,NaN,0,0,1,1,0,0
63,1998,333,17,NaN,NaN,NaN,0,0,1,1,0,0
63,1998,767,18,NaN,NaN,NaN,0,0,1,1,0,0
63,1998,769,12,NaN,NaN,NaN,0,0,1,0,0,0
63,1998,595,1,NaN,NaN,NaN,0,0,1,1,0,0
63,1998,308,3,NaN,NaN,NaN,0,0,1,0,0,15
63,1998,183,20,NaN,NaN,NaN,0,0,1,1,0,18
63,1998,1439,11,NaN,NaN,NaN,0,0,1,1,0,0
63,1998,151,17,NaN,NaN,NaN,0,0,1,0,0,0
63,1998,1186,13,NaN,NaN,NaN,0,0,1,1,0,0
63,1998,1465,3,NaN,NaN,NaN,0,0,1,1,0,21
63,1998,1580,19,NaN,NaN,NaN,0,6.97946014728513,1,1,0,0
63,1998,729,9,NaN,NaN,NaN,0,0,1,1,0,5
63,1998,410,6,NaN,NaN,NaN,0,0,1,0,0,9
63,1998,1599,21,NaN,NaN,NaN,0,3.8618562426946,1,1,0,0
63,1998,1477,22,NaN,NaN,NaN,0,0,1,1,0,4
63,1998,1364,2,NaN,NaN,NaN,0,0,1,1,0,17
63,1998,541,13,NaN,NaN,NaN,0,0,1,1,0,3
63,1998,922,18,NaN,NaN,NaN,0,0,1,1,0,0
63,1998,323,20,NaN,NaN,NaN,0,0,1,1,0,13
63,1998,1368,14,NaN,NaN,NaN,0,4.59328364972286,1,1,1,5
63,1998,1497,5,NaN,NaN,NaN,0,0,1,1,0,13
63,1998,690,5,NaN,NaN,NaN,0,0,1,1,0,21
63,1998,67,12,NaN,NaN,NaN,0,0,1,0,0,0
63,1998,245,5,NaN,NaN,NaN,0,0,1,0,0,0
63,1998,170,15,NaN,NaN,NaN,0,4.7558680863837,1,1,1,20
63,1998,372,5,NaN,NaN,NaN,0,0,1,1,0,9
63,1998,210,3,NaN,NaN,NaN,0,0,1,1,0,21
63,1998,87,20,NaN,NaN,NaN,0,0,1,0,0,0
63,1998,801,13,NaN,NaN,NaN,0,0,1,1,0,0
63,1998,634,11,NaN,NaN,NaN,0,0.27994290726611,1,1,0,4
63,1998,390,20,NaN,NaN,NaN,0,0,1,1,0,0
63,1998,968,1,NaN,NaN,NaN,0,0,1,0,0,0
63,1998,106,13,NaN,NaN,NaN,0,0,1,1,0,1
63,1998,162,19,NaN,NaN,NaN,0,0,1,1,0,21
63,1998,134,12,NaN,NaN,NaN,0,0,1,0,0,0
63,1998,907,3,NaN,NaN,NaN,0,0,1,1,0,1
63,1998,276,7,NaN,NaN,NaN,0,0,1,1,0,1
63,1998,985,20,NaN,NaN,NaN,0,0,1,1,0,0
63,1998,16,18,NaN,NaN,NaN,0,0,1,1,0,0
63,1998,803,1,NaN,NaN,NaN,0,0,1,0,0,0
63,1998,1305,13,NaN,NaN,NaN,0,0,1,1,0,0
63,1998,766,11,NaN,NaN,NaN,0,0,1,1,0,0
63,1998,1457,6,NaN,NaN,NaN,0,0,1,1,0,0
63,1998,1240,13,NaN,NaN,NaN,0,0,1,1,0,0
63,1998,1195,4,NaN,NaN,NaN,0,0,1,1,0,11
63,1998,1034,15,NaN,NaN,NaN,0,0,1,1,0,2
63,1998,821,12,NaN,NaN,NaN,0,0,1,1,0,14
63,1998,267,13,NaN,NaN,NaN,0,0,1,1,0,0
63,1998,296,4,NaN,NaN,NaN,0,0,1,1,0,7
63,1998,745,3,NaN,NaN,NaN,0,0,1,0,0,0
63,1998,1122,3,NaN,NaN,NaN,0,0,1,1,0,1
63,1998,80,11,NaN,NaN,NaN,0,0,1,1,0,0
63,1998,1391,4,NaN,NaN,NaN,0,0,1,1,0,0
63,1998,1215,8,NaN,NaN,NaN,0,0,1,1,0,7
63,1998,1199,13,NaN,NaN,NaN,0,0,1,1,0,0
63,1998,1038,7,NaN,NaN,NaN,0,0,1,1,0,9
63,1998,47,15,NaN,NaN,NaN,0,0,1,1,0,0
63,1998,1107,10,NaN,NaN,NaN,0,0,1,0,0,0
63,1998,978,15,NaN,NaN,NaN,0,0,1,0,0,0
63,1998,1441,18,NaN,NaN,NaN,0,0,1,0,0,0
63,1998,247,18,NaN,NaN,NaN,0,0,1,1,0,16
63,1998,78,11,NaN,NaN,NaN,0,0,1,1,0,0
63,1998,1024,21,NaN,NaN,NaN,0,0,1,1,0,11
63,1998,1268,17,NaN,NaN,NaN,0,0,1,1,0,6
63,1998,487,5,NaN,NaN,NaN,0,0,1,0,0,0
63,1998,925,19,NaN,NaN,NaN,0,0,1,1,0,0
63,1998,1124,18,NaN,NaN,NaN,0,0,1,1,0,6
63,1998,27,21,NaN,NaN,NaN,0,0,1,1,0,0
63,1998,1584,20,NaN,NaN,NaN,0,4.49077658481333,1,1,0,0
63,1998,485,12,NaN,NaN,NaN,0,0,1,0,0,0
63,1998,174,1,NaN,NaN,NaN,0,0,1,0,0,22
63,1998,1113,10,NaN,NaN,NaN,0,0,1,1,0,16
63,1998,738,21,NaN,NaN,NaN,0,0,1,0,0,22
63,1998,1178,13,NaN,NaN,NaN,0,0,1,1,0,0
63,1998,887,1,NaN,NaN,NaN,0,0,1,1,0,0
63,1998,1130,2,NaN,NaN,NaN,0,0,1,1,0,0
63,1998,931,10,NaN,NaN,NaN,0,0,1,1,0,1
63,1998,1196,8,NaN,NaN,NaN,0,0,1,1,0,13
63,1998,1394,5,NaN,NaN,NaN,0,0,1,1,0,0
63,1998,1356,9,NaN,NaN,NaN,0,0,1,1,0,0
63,1998,544,1,NaN,NaN,NaN,0,0,1,1,0,0
63,1998,593,6,NaN,NaN,NaN,0,0,1,1,0,1
63,1998,534,1,NaN,NaN,NaN,0,0,1,1,0,6
63,1998,813,6,NaN,NaN,NaN,0,0,1,1,0,0
63,1998,347,13,NaN,NaN,NaN,0,0,1,1,0,0
64,1998,128,11,NaN,NaN,NaN,0,0,1,0,0,0
64,1998,1391,4,NaN,NaN,NaN,0,0,1,1,0,0
64,1998,501,5,NaN,NaN,NaN,0,0,1,1,0,0
64,1998,250,9,NaN,NaN,NaN,0,0,1,1,0,0
64,1998,410,9,NaN,NaN,NaN,0,0,1,0,0,0
64,1998,729,5,NaN,NaN,NaN,0,0,1,1,0,8
64,1998,931,1,NaN,NaN,NaN,0,0,1,1,0,17
64,1998,978,15,NaN,NaN,NaN,0,0,1,0,0,0
64,1998,1599,21,NaN,NaN,NaN,0,3.8618562426946,1,1,0,0
64,1998,1130,2,NaN,NaN,NaN,0,0,1,1,0,0
64,1998,1356,9,NaN,NaN,NaN,0,0,1,1,0,10
64,1998,44,17,NaN,NaN,NaN,0,0,1,1,0,0
64,1998,1229,12,NaN,NaN,NaN,0,0,1,1,0,6
64,1998,308,15,NaN,NaN,NaN,0,0,1,0,0,3
64,1998,763,12,NaN,NaN,NaN,0,0,1,1,0,1
64,1998,267,13,NaN,NaN,NaN,0,0,1,1,0,4
64,1998,447,15,NaN,NaN,NaN,0,0,1,1,0,0
64,1998,1439,11,NaN,NaN,NaN,0,0,1,1,0,0
64,1998,767,18,NaN,NaN,NaN,0,0,1,1,0,0
64,1998,233,12,NaN,NaN,NaN,0,0,1,1,0,0
64,1998,821,14,NaN,NaN,NaN,0,0,1,1,0,13
64,1998,134,12,NaN,NaN,NaN,0,0,1,0,0,0
64,1998,461,8,NaN,NaN,NaN,0,0,1,1,0,3
64,1998,272,14,NaN,NaN,NaN,0,0,1,1,0,0
64,1998,1345,12,NaN,NaN,NaN,0,0,1,1,0,19
64,1998,907,1,NaN,NaN,NaN,0,0,1,1,0,0
64,1998,803,1,NaN,NaN,NaN,0,0,1,0,0,0
64,1998,534,6,NaN,NaN,NaN,0,0,1,1,0,17
64,1998,1394,5,NaN,NaN,NaN,0,0,1,1,0,0
64,1998,1580,19,NaN,NaN,NaN,0,6.97946014728513,1,1,0,0
64,1998,185,14,NaN,NaN,NaN,0,0,1,1,0,18
64,1998,1021,20,NaN,NaN,NaN,0,0,1,1,0,17
64,1998,1465,21,NaN,NaN,NaN,0,0,1,1,0,0
64,1998,1441,18,NaN,NaN,NaN,0,0,1,0,0,0
64,1998,47,15,NaN,NaN,NaN,0,0,1,1,0,22
64,1998,671,1,NaN,NaN,NaN,0,0,1,0,0,22
64,1998,1264,5,NaN,NaN,NaN,0,0,1,1,0,3
64,1998,545,6,NaN,NaN,NaN,0,0,1,1,0,5
64,1998,67,12,NaN,NaN,NaN,0,0,1,0,0,20
64,1998,1598,21,NaN,NaN,NaN,0,3.30670071905634,1,1,0,0
64,1998,1584,20,NaN,NaN,NaN,0,4.49077658481333,1,1,0,0
64,1998,1215,7,NaN,NaN,NaN,0,0,1,1,0,21
64,1998,245,5,NaN,NaN,NaN,0,0,1,0,0,0
64,1998,1144,22,NaN,NaN,NaN,0,0,1,0,0,6
64,1998,78,11,NaN,NaN,NaN,0,0,1,1,0,21
64,1998,738,22,NaN,NaN,NaN,0,0,1,0,0,21
64,1998,1034,2,NaN,NaN,NaN,0,0,1,1,0,11
64,1998,634,4,NaN,NaN,NaN,0,0.27994290726611,1,1,0,14
64,1998,162,21,NaN,NaN,NaN,0,0,1,1,0,0
64,1998,544,1,NaN,NaN,NaN,0,0,1,1,0,0
64,1998,1240,13,NaN,NaN,NaN,0,0,1,1,0,0
64,1998,813,6,NaN,NaN,NaN,0,0,1,1,0,17
64,1998,376,4,NaN,NaN,NaN,0,0,1,1,0,0
64,1998,151,17,NaN,NaN,NaN,0,0,1,0,0,0
64,1998,1222,16,NaN,NaN,NaN,0,0,1,1,0,18
64,1998,690,21,NaN,NaN,NaN,0,0,1,1,0,5
64,1998,80,11,NaN,NaN,NaN,0,0,1,1,0,0
64,1998,390,20,NaN,NaN,NaN,0,0,1,1,0,0
64,1998,1312,21,NaN,NaN,NaN,0,0,1,1,0,5
64,1998,766,11,NaN,NaN,NaN,0,0,1,1,0,0
64,1998,1124,6,NaN,NaN,NaN,0,0,1,1,0,5
64,1998,850,19,NaN,NaN,NaN,0,0,1,1,0,11
64,1998,1457,6,NaN,NaN,NaN,0,0,1,1,0,19
64,1998,372,9,NaN,NaN,NaN,0,0,1,1,0,0
64,1998,87,20,NaN,NaN,NaN,0,0,1,0,0,0
64,1998,595,1,NaN,NaN,NaN,0,0,1,1,0,0
64,1998,102,6,NaN,NaN,NaN,0,0,1,0,0,0
64,1998,1169,5,NaN,NaN,NaN,0,0,1,1,0,4
64,1998,174,22,NaN,NaN,NaN,0,0,1,0,0,0
64,1998,1113,16,NaN,NaN,NaN,0,0,1,1,0,0
64,1998,968,1,NaN,NaN,NaN,0,0,1,0,0,16
64,1998,16,18,NaN,NaN,NaN,0,0,1,1,0,0
64,1998,985,20,NaN,NaN,NaN,0,0,1,1,0,4
64,1998,858,20,NaN,NaN,NaN,0,0,1,0,0,0
64,1998,769,12,NaN,NaN,NaN,0,0,1,0,0,16
64,1998,282,1,NaN,NaN,NaN,0,0,1,1,0,18
64,1998,20,8,NaN,NaN,NaN,0,0,1,1,0,22
64,1998,1003,20,NaN,NaN,NaN,0,0,1,1,0,6
64,1998,1535,7,NaN,NaN,NaN,0,0,1,0,0,19
64,1998,1122,1,NaN,NaN,NaN,0,0,1,1,0,15
64,1998,1195,11,NaN,NaN,NaN,0,0,1,1,0,4
64,1998,247,16,NaN,NaN,NaN,0,0,1,1,0,0
64,1998,323,13,NaN,NaN,NaN,0,0,1,1,0,4
64,1998,1043,12,NaN,NaN,NaN,0,0,1,1,0,0
64,1998,541,3,NaN,NaN,NaN,0,0,1,1,0,0
64,1998,554,12,NaN,NaN,NaN,0,0,1,1,0,4
64,1998,1038,9,NaN,NaN,NaN,0,0,1,1,0,5
64,1998,1196,13,NaN,NaN,NaN,0,0,1,1,0,6
64,1998,925,19,NaN,NaN,NaN,0,0,1,1,0,0
64,1998,182,17,NaN,NaN,NaN,0,0,1,1,0,0
64,1998,243,15,NaN,NaN,NaN,0,0,1,1,0,0
64,1998,1364,17,NaN,NaN,NaN,0,0,1,1,0,16
64,1998,922,18,NaN,NaN,NaN,0,0,1,1,0,3
64,1998,1368,5,NaN,NaN,NaN,0,0,1,0,0,14
64,1998,1305,13,NaN,NaN,NaN,0,0,1,1,0,0
64,1998,276,1,NaN,NaN,NaN,0,0,1,1,0,13
64,1998,1268,6,NaN,NaN,NaN,0,0,1,1,0,0
64,1998,333,17,NaN,NaN,NaN,0,0,1,1,0,4
64,1998,607,8,NaN,NaN,NaN,0,0,1,1,0,0
64,1998,745,3,NaN,NaN,NaN,0,0,1,0,0,0
64,1998,1024,11,NaN,NaN,NaN,0,0,1,1,0,0
64,1998,568,9,NaN,NaN,NaN,0,0,1,0,0,0
64,1998,485,12,NaN,NaN,NaN,0,0,1,0,0,0
64,1998,801,13,NaN,NaN,NaN,0,0,1,1,0,3
64,1998,296,7,NaN,NaN,NaN,0,0,1,1,0,0
64,1998,1199,13,NaN,NaN,NaN,0,0,1,1,0,0
64,1998,887,1,NaN,NaN,NaN,0,0,1,1,0,17
64,1998,170,20,NaN,NaN,NaN,0,0,1,0,0,15
64,1998,368,17,NaN,NaN,NaN,0,0,1,1,0,16
64,1998,255,10,NaN,NaN,NaN,0,0,1,1,0,12
64,1998,487,5,NaN,NaN,NaN,0,0,1,0,0,18
64,1998,800,17,NaN,NaN,NaN,0,0,1,1,0,0
64,1998,1227,6,NaN,NaN,NaN,0,0,1,1,0,0
64,1998,1497,13,NaN,NaN,NaN,0,0,1,1,0,9
64,1998,625,1,NaN,NaN,NaN,0,0,1,0,0,0
64,1998,593,1,NaN,NaN,NaN,0,0,1,1,0,17
64,1998,183,18,NaN,NaN,NaN,0,0,1,1,0,12
64,1998,27,21,NaN,NaN,NaN,0,0,1,1,0,0
64,1998,1107,10,NaN,NaN,NaN,0,0,1,0,0,0
64,1998,1477,4,NaN,NaN,NaN,0,0,1,1,0,11
64,1998,210,21,NaN,NaN,NaN,0,0,1,1,0,12
64,1998,722,4,NaN,NaN,NaN,0,0,1,1,0,11
64,1998,1178,13,NaN,NaN,NaN,0,0,1,1,0,0
64,1998,106,1,NaN,NaN,NaN,0,0,1,1,0,6
64,1998,427,8,NaN,NaN,NaN,0,0,1,1,0,0
64,1998,347,13,NaN,NaN,NaN,0,0,1,1,0,0
64,1998,1186,13,NaN,NaN,NaN,0,0,1,1,0,0
65,1998,487,18,NaN,NaN,NaN,0,0,1,1,0,0
65,1998,134,12,NaN,NaN,NaN,0,3.78020070451421,1,1,1,5
65,1998,245,5,NaN,NaN,NaN,0,2.68921055439145,1,1,1,18
65,1998,182,17,NaN,NaN,NaN,0,0,1,1,0,0
65,1998,106,6,NaN,NaN,NaN,0,0,1,1,0,13
65,1998,554,4,NaN,NaN,NaN,0,0,1,1,0,12
65,1998,850,11,NaN,NaN,NaN,0,0,1,1,0,0
65,1998,671,22,NaN,NaN,NaN,0,3.26898645684136,1,1,1,1
65,1998,978,15,NaN,NaN,NaN,0,4.77077207136589,1,1,1,17
65,1998,210,12,NaN,NaN,NaN,0,0,1,1,0,19
65,1998,690,5,NaN,NaN,NaN,0,0,1,1,0,0
65,1998,1268,6,NaN,NaN,NaN,0,0,1,1,0,0
65,1998,151,17,NaN,NaN,NaN,0,5.25479990449164,1,1,1,16
65,1998,1034,11,NaN,NaN,NaN,0,0,1,1,0,0
65,1998,1043,12,NaN,NaN,NaN,0,0,1,1,0,11
65,1998,593,17,NaN,NaN,NaN,0,4.60546366788237,1,1,1,13
65,1998,390,20,NaN,NaN,NaN,0,0,1,1,0,0
65,1998,44,17,NaN,NaN,NaN,0,0,1,1,0,0
65,1998,766,11,NaN,NaN,NaN,0,0,1,1,0,0
65,1998,1107,10,NaN,NaN,NaN,0,3.36775600393628,1,1,1,16
65,1998,1345,19,NaN,NaN,NaN,0,0,1,1,0,0
65,1998,541,3,NaN,NaN,NaN,0,0,1,1,0,18
65,1998,1457,19,NaN,NaN,NaN,0,0,1,1,0,0
65,1998,282,18,NaN,NaN,NaN,0,0,1,1,0,1
65,1998,1584,20,NaN,NaN,NaN,0,1.90090808201463,1,1,0,0
65,1998,1535,19,NaN,NaN,NaN,0,0,1,0,0,0
65,1998,255,12,NaN,NaN,NaN,0,0,1,1,0,0
65,1998,595,1,NaN,NaN,NaN,0,0,1,1,0,0
65,1998,985,4,NaN,NaN,NaN,0,0,1,1,0,0
65,1998,1356,10,NaN,NaN,NaN,0,0,1,1,0,0
65,1998,170,15,NaN,NaN,NaN,0,4.41563529362743,1,0,0,0
65,1998,925,19,NaN,NaN,NaN,0,0,1,1,0,0
65,1998,501,5,NaN,NaN,NaN,0,1.54617739922597,1,1,1,10
65,1998,368,16,NaN,NaN,NaN,0,0,1,1,0,21
65,1998,183,12,NaN,NaN,NaN,0,0,1,1,0,7
65,1998,1215,21,NaN,NaN,NaN,0,0,1,1,0,3
65,1998,1195,4,NaN,NaN,NaN,0,0,1,1,0,12
65,1998,67,20,NaN,NaN,NaN,0,4.70962539403765,1,1,1,21
65,1998,607,8,NaN,NaN,NaN,0,0,1,1,0,10
65,1998,1186,13,NaN,NaN,NaN,0,0,1,1,0,0
65,1998,722,11,NaN,NaN,NaN,0,0,1,1,0,4
65,1998,1144,6,NaN,NaN,NaN,0,0,1,1,0,0
65,1998,1394,5,NaN,NaN,NaN,0,0,1,1,0,0
65,1998,767,18,NaN,NaN,NaN,0,0,1,1,0,5
65,1998,1368,14,NaN,NaN,NaN,0,3.41625521030368,1,0,0,0
65,1998,272,14,NaN,NaN,NaN,0,0,1,1,0,0
65,1998,247,16,NaN,NaN,NaN,0,0,1,1,0,17
65,1998,1441,18,NaN,NaN,NaN,0,0,1,1,0,0
65,1998,1477,11,NaN,NaN,NaN,0,0,1,1,0,4
65,1998,47,22,NaN,NaN,NaN,0,0,1,1,0,2
65,1998,1122,15,NaN,NaN,NaN,0,0,1,1,0,9
65,1998,1439,11,NaN,NaN,NaN,0,0,1,1,0,20
65,1998,1196,6,NaN,NaN,NaN,0,0,1,1,0,10
65,1998,233,12,NaN,NaN,NaN,0,0,1,1,0,0
65,1998,801,3,NaN,NaN,NaN,0,0,1,1,0,5
65,1998,887,17,NaN,NaN,NaN,0,0,1,1,0,13
65,1998,534,17,NaN,NaN,NaN,0,0,1,1,0,6
65,1998,1038,5,NaN,NaN,NaN,0,0,1,1,0,21
65,1998,376,4,NaN,NaN,NaN,0,0,1,1,0,0
65,1998,1227,6,NaN,NaN,NaN,0,0,1,1,0,0
65,1998,1124,5,NaN,NaN,NaN,0,0,1,1,0,15
65,1998,485,12,NaN,NaN,NaN,0,4.64026123426551,1,1,1,7
65,1998,162,21,NaN,NaN,NaN,0,0,1,1,0,2
65,1998,1021,17,NaN,NaN,NaN,0,0,1,1,0,0
65,1998,27,21,NaN,NaN,NaN,0,0,1,1,0,16
65,1998,1169,4,NaN,NaN,NaN,0,0,1,1,0,0
65,1998,1178,13,NaN,NaN,NaN,0,0,1,1,0,0
65,1998,931,17,NaN,NaN,NaN,0,0,1,1,0,0
65,1998,447,15,NaN,NaN,NaN,0,0,1,1,0,19
65,1998,267,4,NaN,NaN,NaN,0,0,1,1,0,22
65,1998,1264,3,NaN,NaN,NaN,0,0,1,1,0,11
65,1998,333,4,NaN,NaN,NaN,0,0,1,1,0,19
65,1998,308,3,NaN,NaN,NaN,0,5.16334592644822,1,1,1,15
65,1998,1364,16,NaN,NaN,NaN,0,0,1,1,0,1
65,1998,763,1,NaN,NaN,NaN,0,0,1,1,0,12
65,1998,625,1,NaN,NaN,NaN,0,3.17512024444031,1,1,1,5
65,1998,1240,13,NaN,NaN,NaN,0,0,1,1,0,0
65,1998,821,13,NaN,NaN,NaN,0,0,1,1,0,15
65,1998,347,13,NaN,NaN,NaN,0,0,1,1,0,0
65,1998,80,11,NaN,NaN,NaN,0,0,1,1,0,5
65,1998,1305,13,NaN,NaN,NaN,0,0,1,1,0,0
65,1998,634,14,NaN,NaN,NaN,0,0,1,1,0,0
65,1998,1312,5,NaN,NaN,NaN,0,0,1,1,0,0
65,1998,128,11,NaN,NaN,NaN,0,4.26960689046583,1,1,1,5
65,1998,323,4,NaN,NaN,NaN,0,0,1,1,0,13
65,1998,907,1,NaN,NaN,NaN,0,4.09178932308145,1,1,1,6
65,1998,1003,6,NaN,NaN,NaN,0,0,1,1,0,0
65,1998,185,18,NaN,NaN,NaN,0,0,1,1,0,14
65,1998,1024,11,NaN,NaN,NaN,0,0,1,1,0,0
65,1998,372,9,NaN,NaN,NaN,0,0,1,1,0,0
65,1998,427,8,NaN,NaN,NaN,0,0,1,1,0,0
65,1998,1497,9,NaN,NaN,NaN,0,0,1,1,0,13
65,1998,738,21,NaN,NaN,NaN,0,0,1,1,0,0
65,1998,1222,18,NaN,NaN,NaN,0,0,1,1,0,0
65,1998,102,6,NaN,NaN,NaN,0,0,1,1,0,1
65,1998,568,9,NaN,NaN,NaN,0,3.47115898777648,1,1,1,22
65,1998,1465,21,NaN,NaN,NaN,0,0,1,1,0,0
65,1998,803,1,NaN,NaN,NaN,0,0,1,1,0,0
65,1998,545,5,NaN,NaN,NaN,0,0.638426220697854,1,1,0,0
65,1998,276,13,NaN,NaN,NaN,0,0,1,1,0,15
65,1998,745,3,NaN,NaN,NaN,0,4.08897170591127,1,1,1,2
65,1998,174,22,NaN,NaN,NaN,0,1.74320296307438,1,1,1,19
65,1998,858,20,NaN,NaN,NaN,0,3.27553897119096,1,1,1,1
65,1998,800,17,NaN,NaN,NaN,0,0,1,1,0,0
65,1998,1113,16,NaN,NaN,NaN,0,0,1,1,0,20
65,1998,1199,13,NaN,NaN,NaN,0,0,1,1,0,0
65,1998,296,7,NaN,NaN,NaN,0,0,1,1,0,14
65,1998,410,9,NaN,NaN,NaN,0,2.80663356811328,1,1,1,20
65,1998,968,16,NaN,NaN,NaN,0,0,1,1,0,1
65,1998,250,9,NaN,NaN,NaN,0,1.60060317607426,1,1,1,16
65,1998,243,15,NaN,NaN,NaN,0,0,1,1,0,0
65,1998,729,8,NaN,NaN,NaN,0,0,1,1,0,0
65,1998,1130,2,NaN,NaN,NaN,0,1.62948572085376,1,1,1,12
65,1998,1391,4,NaN,NaN,NaN,0,0,1,1,0,11
65,1998,544,1,NaN,NaN,NaN,0,0,1,1,0,0
65,1998,1598,21,NaN,NaN,NaN,0,4.18086292415541,1,1,0,0
65,1998,1229,6,NaN,NaN,NaN,0,0,1,1,0,8
65,1998,1580,19,NaN,NaN,NaN,0,2.28149310594252,1,1,0,0
65,1998,461,3,NaN,NaN,NaN,0,0,1,1,0,17
65,1998,813,17,NaN,NaN,NaN,0,3.16334853635904,1,1,1,10
65,1998,769,16,NaN,NaN,NaN,0,0,1,1,0,17
65,1998,1599,21,NaN,NaN,NaN,0,2.87869193674876,1,1,0,0
65,1998,16,18,NaN,NaN,NaN,0,2.45012708482868,1,1,1,2
65,1998,87,20,NaN,NaN,NaN,0,0,1,1,0,0
65,1998,78,21,NaN,NaN,NaN,0,0,1,1,0,0
65,1998,20,22,NaN,NaN,NaN,0,0,1,1,0,11
65,1998,922,3,NaN,NaN,NaN,0,0,1,1,0,6
66,1999,671,1,NaN,NaN,NaN,0,0,1,0,0,22
66,1999,625,5,NaN,NaN,NaN,0,0,1,0,0,9
66,1999,1356,10,NaN,NaN,NaN,0,0,1,1,0,6
66,1999,255,12,NaN,NaN,NaN,0,0,1,1,0,6
66,1999,1122,9,NaN,NaN,NaN,0,0,1,1,0,1
66,1999,182,17,NaN,NaN,NaN,0,0,1,1,0,0
66,1999,151,16,NaN,NaN,NaN,0,0,1,0,0,21
66,1999,858,1,NaN,NaN,NaN,0,0,1,0,0,0
66,1999,1465,21,NaN,NaN,NaN,0,0,1,1,0,0
66,1999,1229,8,NaN,NaN,NaN,0,0,1,1,0,0
66,1999,544,1,NaN,NaN,NaN,0,0,1,1,0,0
66,1999,745,2,NaN,NaN,NaN,0,0,1,0,0,1
66,1999,461,17,NaN,NaN,NaN,0,0,1,1,0,16
66,1999,821,15,NaN,NaN,NaN,0,0,1,1,0,11
66,1999,134,5,NaN,NaN,NaN,0,0,1,0,0,0
66,1999,267,22,NaN,NaN,NaN,0,0,1,1,0,13
66,1999,233,12,NaN,NaN,NaN,0,0,1,1,0,13
66,1999,323,13,NaN,NaN,NaN,0,0,1,1,0,0
66,1999,170,15,NaN,NaN,NaN,0,4.41563529362743,1,0,0,0
66,1999,1364,1,NaN,NaN,NaN,0,0,1,1,0,0
66,1999,250,16,NaN,NaN,NaN,0,0,1,0,0,0
66,1999,931,17,NaN,NaN,NaN,0,0,1,1,0,21
66,1999,1305,13,NaN,NaN,NaN,0,0,1,1,0,0
66,1999,722,4,NaN,NaN,NaN,0,0,1,1,0,0
66,1999,162,2,NaN,NaN,NaN,0,0,1,1,0,7
66,1999,554,12,NaN,NaN,NaN,0,0,1,1,0,18
66,1999,447,19,NaN,NaN,NaN,0,0,1,1,0,11
66,1999,296,14,NaN,NaN,NaN,0,0,1,1,0,0
66,1999,1195,12,NaN,NaN,NaN,0,0,1,1,0,4
66,1999,347,13,NaN,NaN,NaN,0,0,1,1,0,11
66,1999,803,1,NaN,NaN,NaN,0,0,1,1,0,0
66,1999,1113,20,NaN,NaN,NaN,0,0,1,1,0,22
66,1999,607,10,NaN,NaN,NaN,0,0,1,1,0,0
66,1999,1124,15,NaN,NaN,NaN,0,0,1,1,0,6
66,1999,1268,6,NaN,NaN,NaN,0,0,1,1,0,0
66,1999,813,10,NaN,NaN,NaN,0,0,1,0,0,0
66,1999,801,5,NaN,NaN,NaN,0,0,1,1,0,0
66,1999,1107,16,NaN,NaN,NaN,0,0,1,0,0,0
66,1999,1345,19,NaN,NaN,NaN,0,0,1,1,0,5
66,1999,102,1,NaN,NaN,NaN,0,0,1,1,0,0
66,1999,376,4,NaN,NaN,NaN,0,0,1,1,0,3
66,1999,800,17,NaN,NaN,NaN,0,0,1,1,0,11
66,1999,1169,4,NaN,NaN,NaN,0,0,1,1,0,0
66,1999,850,11,NaN,NaN,NaN,0,0,1,1,0,5
66,1999,1535,19,NaN,NaN,NaN,0,0,1,0,0,21
66,1999,1391,11,NaN,NaN,NaN,0,0,1,1,0,18
66,1999,541,18,NaN,NaN,NaN,0,0,1,1,0,13
66,1999,183,7,NaN,NaN,NaN,0,0,1,1,0,9
66,1999,1038,21,NaN,NaN,NaN,0,0,1,1,0,14
66,1999,27,16,NaN,NaN,NaN,0,0,1,1,0,21
66,1999,1186,13,NaN,NaN,NaN,0,0,1,1,0,0
66,1999,16,2,NaN,NaN,NaN,0,0,1,0,0,13
66,1999,593,13,NaN,NaN,NaN,0,0,1,0,0,3
66,1999,690,5,NaN,NaN,NaN,0,0,1,1,0,21
66,1999,247,17,NaN,NaN,NaN,0,0,1,1,0,15
66,1999,1222,18,NaN,NaN,NaN,0,0,1,1,0,0
66,1999,80,5,NaN,NaN,NaN,0,0,1,1,0,11
66,1999,243,15,NaN,NaN,NaN,0,0,1,1,0,14
66,1999,1196,10,NaN,NaN,NaN,0,0,1,1,0,13
66,1999,333,19,NaN,NaN,NaN,0,0,1,1,0,18
66,1999,1312,5,NaN,NaN,NaN,0,0,1,1,0,7
66,1999,1240,13,NaN,NaN,NaN,0,0,1,1,0,0
66,1999,276,15,NaN,NaN,NaN,0,0,1,1,0,7
66,1999,1021,17,NaN,NaN,NaN,0,0,1,1,0,0
66,1999,925,19,NaN,NaN,NaN,0,0,1,1,0,0
66,1999,769,17,NaN,NaN,NaN,0,0,1,1,0,3
66,1999,568,22,NaN,NaN,NaN,0,0,1,0,0,0
66,1999,595,1,NaN,NaN,NaN,0,0,1,1,0,0
66,1999,87,20,NaN,NaN,NaN,0,0,1,1,0,0
66,1999,1598,21,NaN,NaN,NaN,0,4.18086292415541,1,1,0,0
66,1999,390,20,NaN,NaN,NaN,0,0,1,1,0,1
66,1999,763,12,NaN,NaN,NaN,0,0,1,1,0,3
66,1999,410,20,NaN,NaN,NaN,0,0,1,0,0,9
66,1999,20,11,NaN,NaN,NaN,0,0,1,1,0,3
66,1999,485,7,NaN,NaN,NaN,0,0,1,0,0,12
66,1999,1599,21,NaN,NaN,NaN,0,2.87869193674876,1,1,0,0
66,1999,368,21,NaN,NaN,NaN,0,0,1,1,0,17
66,1999,1394,5,NaN,NaN,NaN,0,0,1,1,0,0
66,1999,1227,6,NaN,NaN,NaN,0,0,1,1,0,0
66,1999,738,21,NaN,NaN,NaN,0,0,1,1,0,0
66,1999,767,5,NaN,NaN,NaN,0,0,1,1,0,0
66,1999,1034,11,NaN,NaN,NaN,0,0,1,1,0,0
66,1999,1497,13,NaN,NaN,NaN,0,0,1,1,0,0
66,1999,985,4,NaN,NaN,NaN,0,0,1,1,0,17
66,1999,907,6,NaN,NaN,NaN,0,0,1,0,0,0
66,1999,1580,19,NaN,NaN,NaN,0,2.28149310594252,1,1,1,13
66,1999,1439,20,NaN,NaN,NaN,0,0,1,1,0,11
66,1999,978,17,NaN,NaN,NaN,0,0,1,0,0,15
66,1999,67,21,NaN,NaN,NaN,0,0,1,0,0,3
66,1999,210,19,NaN,NaN,NaN,0,0,1,1,0,17
66,1999,1441,18,NaN,NaN,NaN,0,0,1,1,0,0
66,1999,308,15,NaN,NaN,NaN,0,0,1,0,0,3
66,1999,766,11,NaN,NaN,NaN,0,0,1,1,0,5
66,1999,1130,12,NaN,NaN,NaN,0,0,1,0,0,6
66,1999,427,8,NaN,NaN,NaN,0,0,1,1,0,2
66,1999,1264,11,NaN,NaN,NaN,0,0,1,1,0,13
66,1999,1178,13,NaN,NaN,NaN,0,0,1,1,0,12
66,1999,922,6,NaN,NaN,NaN,0,0,1,1,0,5
66,1999,128,5,NaN,NaN,NaN,0,0,1,0,0,11
66,1999,47,2,NaN,NaN,NaN,0,0,1,1,0,12
66,1999,1477,4,NaN,NaN,NaN,0,0,1,1,0,18
66,1999,272,14,NaN,NaN,NaN,0,0,1,1,0,0
66,1999,245,18,NaN,NaN,NaN,0,0,1,0,0,5
66,1999,1144,6,NaN,NaN,NaN,0,0,1,1,0,0
66,1999,729,8,NaN,NaN,NaN,0,0,1,1,0,3
66,1999,174,19,NaN,NaN,NaN,0,0,1,0,0,0
66,1999,534,6,NaN,NaN,NaN,0,0,1,1,0,15
66,1999,545,5,NaN,NaN,NaN,0,0.638426220697854,1,1,0,6
66,1999,1199,13,NaN,NaN,NaN,0,0,1,1,0,14
66,1999,1043,11,NaN,NaN,NaN,0,0,1,1,0,0
66,1999,1003,6,NaN,NaN,NaN,0,0,1,1,0,0
66,1999,282,1,NaN,NaN,NaN,0,0,1,1,0,0
66,1999,501,10,NaN,NaN,NaN,0,0,1,0,0,5
66,1999,44,17,NaN,NaN,NaN,0,0,1,1,0,13
66,1999,1215,3,NaN,NaN,NaN,0,0,1,1,0,0
66,1999,968,1,NaN,NaN,NaN,0,0,1,1,0,0
66,1999,487,18,NaN,NaN,NaN,0,0,1,1,0,9
66,1999,887,13,NaN,NaN,NaN,0,0,1,1,0,0
66,1999,1457,19,NaN,NaN,NaN,0,0,1,1,0,7
66,1999,1024,11,NaN,NaN,NaN,0,0,1,1,0,0
66,1999,106,13,NaN,NaN,NaN,0,0,1,1,0,11
66,1999,1584,20,NaN,NaN,NaN,0,1.90090808201463,1,1,1,22
66,1999,1368,14,NaN,NaN,NaN,0,3.41625521030368,1,0,0,5
66,1999,372,9,NaN,NaN,NaN,0,0,1,1,0,6
66,1999,634,14,NaN,NaN,NaN,0,0,1,1,0,9
66,1999,78,21,NaN,NaN,NaN,0,0,1,1,0,0
66,1999,185,14,NaN,NaN,NaN,0,0,1,1,0,2
67,1999,1477,18,NaN,NaN,NaN,0,0,1,1,0,3
67,1999,800,11,NaN,NaN,NaN,0,0,1,1,0,21
67,1999,282,1,NaN,NaN,NaN,0,0,1,1,0,0
67,1999,1441,18,NaN,NaN,NaN,0,0,1,1,0,0
67,1999,1122,1,NaN,NaN,NaN,0,0,1,1,0,11
67,1999,67,3,NaN,NaN,NaN,0,0,1,0,0,12
67,1999,1196,13,NaN,NaN,NaN,0,0,1,1,0,5
67,1999,20,3,NaN,NaN,NaN,0,0,1,1,0,0
67,1999,1215,3,NaN,NaN,NaN,0,0,1,1,0,12
67,1999,1178,12,NaN,NaN,NaN,0,0,1,1,0,17
67,1999,1312,7,NaN,NaN,NaN,0,0,1,1,0,12
67,1999,931,21,NaN,NaN,NaN,0,0,1,1,0,7
67,1999,1195,4,NaN,NaN,NaN,0,0,1,1,0,14
67,1999,1113,22,NaN,NaN,NaN,0,0,1,1,0,0
67,1999,554,18,NaN,NaN,NaN,0,0,1,1,0,8
67,1999,1003,6,NaN,NaN,NaN,0,0,1,1,0,11
67,1999,106,11,NaN,NaN,NaN,0,0,1,1,0,12
67,1999,1497,13,NaN,NaN,NaN,0,0,1,1,0,0
67,1999,544,1,NaN,NaN,NaN,0,0,1,1,0,0
67,1999,347,11,NaN,NaN,NaN,0,0,1,1,0,13
67,1999,1021,17,NaN,NaN,NaN,0,0,1,1,0,20
67,1999,887,13,NaN,NaN,NaN,0,0,1,1,0,0
67,1999,1130,6,NaN,NaN,NaN,0,0,1,0,0,0
67,1999,134,5,NaN,NaN,NaN,0,0,1,0,0,0
67,1999,625,9,NaN,NaN,NaN,0,0,1,0,0,13
67,1999,1107,16,NaN,NaN,NaN,0,0,1,0,0,10
67,1999,1598,21,NaN,NaN,NaN,0,4.18086292415541,1,1,1,20
67,1999,308,3,NaN,NaN,NaN,0,0,1,0,0,0
67,1999,501,5,NaN,NaN,NaN,0,0,1,0,0,0
67,1999,1368,5,NaN,NaN,NaN,0,3.41625521030368,1,1,1,14
67,1999,745,1,NaN,NaN,NaN,0,0,1,0,0,18
67,1999,1024,11,NaN,NaN,NaN,0,0,1,1,0,0
67,1999,1305,13,NaN,NaN,NaN,0,0,1,1,0,0
67,1999,1229,8,NaN,NaN,NaN,0,0,1,1,0,0
67,1999,607,10,NaN,NaN,NaN,0,0,1,1,0,8
67,1999,461,16,NaN,NaN,NaN,0,0,1,1,0,21
67,1999,690,21,NaN,NaN,NaN,0,0,1,1,0,0
67,1999,128,11,NaN,NaN,NaN,0,0,1,0,0,0
67,1999,174,19,NaN,NaN,NaN,0,0,1,0,0,15
67,1999,1535,21,NaN,NaN,NaN,0,0,1,1,0,17
67,1999,1439,11,NaN,NaN,NaN,0,0,1,1,0,5
67,1999,925,19,NaN,NaN,NaN,0,0,1,1,0,0
67,1999,1043,11,NaN,NaN,NaN,0,0,1,1,0,0
67,1999,27,21,NaN,NaN,NaN,0,0,1,1,0,13
67,1999,368,17,NaN,NaN,NaN,0,0,1,1,0,14
67,1999,1599,21,NaN,NaN,NaN,0,2.87869193674876,1,1,1,9
67,1999,102,1,NaN,NaN,NaN,0,0,1,1,0,6
67,1999,803,1,NaN,NaN,NaN,0,0,1,1,0,19
67,1999,185,2,NaN,NaN,NaN,0,0,1,1,0,21
67,1999,250,16,NaN,NaN,NaN,0,0,1,0,0,9
67,1999,1240,13,NaN,NaN,NaN,0,0,1,1,0,0
67,1999,738,21,NaN,NaN,NaN,0,0,1,1,0,0
67,1999,485,12,NaN,NaN,NaN,0,0,1,0,0,0
67,1999,801,5,NaN,NaN,NaN,0,0,1,1,0,20
67,1999,722,4,NaN,NaN,NaN,0,0,1,1,0,8
67,1999,255,6,NaN,NaN,NaN,0,0,1,1,0,19
67,1999,182,17,NaN,NaN,NaN,0,0,1,1,0,0
67,1999,1169,4,NaN,NaN,NaN,0,0,1,1,0,6
67,1999,766,5,NaN,NaN,NaN,0,0,1,1,0,11
67,1999,247,15,NaN,NaN,NaN,0,0,1,1,0,16
67,1999,487,9,NaN,NaN,NaN,0,0,1,1,0,15
67,1999,545,6,NaN,NaN,NaN,0,0.638426220697854,1,1,0,0
67,1999,1199,14,NaN,NaN,NaN,0,0,1,1,0,22
67,1999,763,3,NaN,NaN,NaN,0,0,1,1,0,13
67,1999,87,20,NaN,NaN,NaN,0,0,1,1,0,0
67,1999,78,21,NaN,NaN,NaN,0,0,1,1,0,0
67,1999,80,11,NaN,NaN,NaN,0,0,1,1,0,0
67,1999,1144,6,NaN,NaN,NaN,0,0,1,1,0,0
67,1999,593,3,NaN,NaN,NaN,0,0,1,0,0,0
67,1999,1465,21,NaN,NaN,NaN,0,0,1,1,0,0
67,1999,1222,18,NaN,NaN,NaN,0,0,1,1,0,16
67,1999,323,13,NaN,NaN,NaN,0,0,1,1,0,0
67,1999,1034,11,NaN,NaN,NaN,0,0,1,1,0,0
67,1999,1124,6,NaN,NaN,NaN,0,0,1,1,0,9
67,1999,729,3,NaN,NaN,NaN,0,0,1,1,0,8
67,1999,769,3,NaN,NaN,NaN,0,0,1,1,0,0
67,1999,1391,18,NaN,NaN,NaN,0,0,1,1,0,22
67,1999,907,6,NaN,NaN,NaN,0,0,1,0,0,2
67,1999,978,15,NaN,NaN,NaN,0,0,1,0,0,0
67,1999,170,15,NaN,NaN,NaN,0,4.41563529362743,1,1,1,11
67,1999,372,6,NaN,NaN,NaN,0,0,1,1,0,4
67,1999,272,14,NaN,NaN,NaN,0,0,1,1,0,0
67,1999,447,11,NaN,NaN,NaN,0,0,1,1,0,3
67,1999,1268,6,NaN,NaN,NaN,0,0,1,1,0,11
67,1999,427,2,NaN,NaN,NaN,0,0,1,1,0,12
67,1999,1345,5,NaN,NaN,NaN,0,0,1,1,0,19
67,1999,922,5,NaN,NaN,NaN,0,0,1,1,0,0
67,1999,671,22,NaN,NaN,NaN,0,0,1,0,0,0
67,1999,162,7,NaN,NaN,NaN,0,0,1,1,0,0
67,1999,821,11,NaN,NaN,NaN,0,0,1,1,0,0
67,1999,541,13,NaN,NaN,NaN,0,0,1,1,0,0
67,1999,210,17,NaN,NaN,NaN,0,0,1,1,0,0
67,1999,16,13,NaN,NaN,NaN,0,0,1,0,0,0
67,1999,296,14,NaN,NaN,NaN,0,0,1,1,0,2
67,1999,968,1,NaN,NaN,NaN,0,0,1,1,0,5
67,1999,151,21,NaN,NaN,NaN,0,0,1,0,0,19
67,1999,44,13,NaN,NaN,NaN,0,0,1,1,0,7
67,1999,333,18,NaN,NaN,NaN,0,0,1,1,0,0
67,1999,1186,13,NaN,NaN,NaN,0,0,1,1,0,0
67,1999,1227,6,NaN,NaN,NaN,0,0,1,1,0,0
67,1999,276,7,NaN,NaN,NaN,0,0,1,1,0,0
67,1999,858,1,NaN,NaN,NaN,0,0,1,0,0,0
67,1999,233,13,NaN,NaN,NaN,0,0,1,1,0,4
67,1999,850,5,NaN,NaN,NaN,0,0,1,1,0,16
67,1999,534,15,NaN,NaN,NaN,0,0,1,1,0,13
67,1999,245,5,NaN,NaN,NaN,0,0,1,0,0,13
67,1999,813,10,NaN,NaN,NaN,0,0,1,0,0,17
67,1999,1264,13,NaN,NaN,NaN,0,0,1,1,0,20
67,1999,267,13,NaN,NaN,NaN,0,0,1,1,0,1
67,1999,1364,1,NaN,NaN,NaN,0,0,1,1,0,6
67,1999,595,1,NaN,NaN,NaN,0,0,1,1,0,0
67,1999,390,1,NaN,NaN,NaN,0,0,1,1,0,8
67,1999,376,3,NaN,NaN,NaN,0,0,1,1,0,18
67,1999,47,12,NaN,NaN,NaN,0,0,1,1,0,14
67,1999,1580,13,NaN,NaN,NaN,0,0,1,0,0,8
67,1999,634,9,NaN,NaN,NaN,0,0,1,1,0,17
67,1999,243,14,NaN,NaN,NaN,0,0,1,1,0,11
67,1999,410,9,NaN,NaN,NaN,0,0,1,0,0,0
67,1999,1394,5,NaN,NaN,NaN,0,0,1,1,0,0
67,1999,767,5,NaN,NaN,NaN,0,0,1,1,0,0
67,1999,1356,6,NaN,NaN,NaN,0,0,1,1,0,12
67,1999,985,17,NaN,NaN,NaN,0,0,1,1,0,0
67,1999,183,9,NaN,NaN,NaN,0,0,1,1,0,0
67,1999,568,22,NaN,NaN,NaN,0,0,1,0,0,19
67,1999,1038,14,NaN,NaN,NaN,0,0,1,1,0,1
67,1999,1457,7,NaN,NaN,NaN,0,0,1,1,0,0
67,1999,1584,22,NaN,NaN,NaN,0,0,1,0,0,7
68,1999,1178,17,NaN,NaN,NaN,0,0,1,1,0,0
68,1999,763,13,NaN,NaN,NaN,0,0,1,1,0,1
68,1999,1169,6,NaN,NaN,NaN,0,0,1,1,0,0
68,1999,1229,8,NaN,NaN,NaN,0,0,1,1,0,0
68,1999,850,16,NaN,NaN,NaN,0,0,1,1,0,7
68,1999,671,22,NaN,NaN,NaN,0,0,1,0,0,0
68,1999,803,19,NaN,NaN,NaN,0,0,1,1,0,17
68,1999,544,1,NaN,NaN,NaN,0,0,1,1,0,0
68,1999,1024,11,NaN,NaN,NaN,0,0,1,1,0,0
68,1999,595,1,NaN,NaN,NaN,0,0,1,1,0,0
68,1999,1391,22,NaN,NaN,NaN,0,0,1,1,0,6
68,1999,1227,6,NaN,NaN,NaN,0,0,1,1,0,0
68,1999,1439,5,NaN,NaN,NaN,0,0,1,1,0,3
68,1999,376,18,NaN,NaN,NaN,0,0,1,1,0,7
68,1999,813,17,NaN,NaN,NaN,0,0,1,0,0,0
68,1999,1394,5,NaN,NaN,NaN,0,0,1,1,0,13
68,1999,1305,13,NaN,NaN,NaN,0,0,1,1,0,0
68,1999,767,5,NaN,NaN,NaN,0,0,1,1,0,0
68,1999,729,8,NaN,NaN,NaN,0,0,1,1,0,21
68,1999,485,12,NaN,NaN,NaN,0,0,1,0,0,0
68,1999,267,1,NaN,NaN,NaN,0,0,1,1,0,4
68,1999,1264,20,NaN,NaN,NaN,0,0,1,1,0,13
68,1999,1038,1,NaN,NaN,NaN,0,0,1,1,0,2
68,1999,1113,22,NaN,NaN,NaN,0,0,1,1,0,13
68,1999,1240,13,NaN,NaN,NaN,0,0,1,1,0,0
68,1999,1465,21,NaN,NaN,NaN,0,0,1,1,0,0
68,1999,545,6,NaN,NaN,NaN,0,0.638426220697854,1,1,0,22
68,1999,243,11,NaN,NaN,NaN,0,0,1,1,0,21
68,1999,1584,7,NaN,NaN,NaN,0,0,1,0,0,11
68,1999,922,5,NaN,NaN,NaN,0,0,1,1,0,0
68,1999,27,13,NaN,NaN,NaN,0,0,1,1,0,0
68,1999,333,18,NaN,NaN,NaN,0,0,1,1,0,10
68,1999,128,11,NaN,NaN,NaN,0,0,1,0,0,0
68,1999,282,1,NaN,NaN,NaN,0,0,1,1,0,16
68,1999,1199,22,NaN,NaN,NaN,0,0,1,1,0,19
68,1999,44,7,NaN,NaN,NaN,0,0,1,1,0,4
68,1999,501,5,NaN,NaN,NaN,0,0,1,0,0,0
68,1999,607,8,NaN,NaN,NaN,0,0,1,1,0,10
68,1999,1312,12,NaN,NaN,NaN,0,0,1,1,0,0
68,1999,390,8,NaN,NaN,NaN,0,0,1,1,0,20
68,1999,1144,6,NaN,NaN,NaN,0,0,1,1,0,7
68,1999,250,9,NaN,NaN,NaN,0,0,1,0,0,0
68,1999,1196,5,NaN,NaN,NaN,0,0,1,1,0,13
68,1999,1215,12,NaN,NaN,NaN,0,0,1,1,0,18
68,1999,634,17,NaN,NaN,NaN,0,0,1,1,0,0
68,1999,1222,16,NaN,NaN,NaN,0,0,1,1,0,0
68,1999,1186,13,NaN,NaN,NaN,0,0,1,1,0,0
68,1999,308,3,NaN,NaN,NaN,0,0,1,0,0,15
68,1999,183,9,NaN,NaN,NaN,0,0,1,1,0,0
68,1999,170,11,NaN,NaN,NaN,0,0,1,0,0,15
68,1999,1034,11,NaN,NaN,NaN,0,0,1,1,0,17
68,1999,67,12,NaN,NaN,NaN,0,0,1,0,0,0
68,1999,1477,3,NaN,NaN,NaN,0,0,1,1,0,6
68,1999,255,19,NaN,NaN,NaN,0,0,1,1,0,0
68,1999,534,13,NaN,NaN,NaN,0,0,1,1,0,0
68,1999,276,7,NaN,NaN,NaN,0,0,1,1,0,0
68,1999,1345,19,NaN,NaN,NaN,0,0,1,1,0,5
68,1999,858,1,NaN,NaN,NaN,0,0,1,0,0,0
68,1999,1124,9,NaN,NaN,NaN,0,0,1,1,0,15
68,1999,487,15,NaN,NaN,NaN,0,0,1,1,0,0
68,1999,690,21,NaN,NaN,NaN,0,0,1,1,0,0
68,1999,368,14,NaN,NaN,NaN,0,0,1,1,0,17
68,1999,1130,6,NaN,NaN,NaN,0,0,1,0,0,16
68,1999,985,17,NaN,NaN,NaN,0,0,1,1,0,9
68,1999,801,20,NaN,NaN,NaN,0,0,1,1,0,0
68,1999,347,13,NaN,NaN,NaN,0,0,1,1,0,11
68,1999,151,19,NaN,NaN,NaN,0,0,1,0,0,17
68,1999,568,19,NaN,NaN,NaN,0,0,1,0,0,0
68,1999,16,13,NaN,NaN,NaN,0,0,1,0,0,15
68,1999,978,15,NaN,NaN,NaN,0,0,1,0,0,0
68,1999,1122,11,NaN,NaN,NaN,0,0,1,1,0,0
68,1999,1441,18,NaN,NaN,NaN,0,0,1,1,0,6
68,1999,185,21,NaN,NaN,NaN,0,0,1,1,0,16
68,1999,1599,9,NaN,NaN,NaN,0,0,1,0,0,0
68,1999,174,15,NaN,NaN,NaN,0,0,1,0,0,13
68,1999,541,13,NaN,NaN,NaN,0,0,1,1,0,0
68,1999,593,3,NaN,NaN,NaN,0,0,1,0,0,21
68,1999,745,18,NaN,NaN,NaN,0,0,1,0,0,0
68,1999,1195,14,NaN,NaN,NaN,0,0,1,1,0,0
68,1999,1003,11,NaN,NaN,NaN,0,0,1,1,0,19
68,1999,766,11,NaN,NaN,NaN,0,0,1,1,0,0
68,1999,210,17,NaN,NaN,NaN,0,0,1,1,0,0
68,1999,410,9,NaN,NaN,NaN,0,0,1,0,0,0
68,1999,722,8,NaN,NaN,NaN,0,0,1,1,0,0
68,1999,1457,7,NaN,NaN,NaN,0,0,1,1,0,19
68,1999,1107,10,NaN,NaN,NaN,0,0,1,0,0,0
68,1999,272,14,NaN,NaN,NaN,0,0,1,1,0,0
68,1999,182,17,NaN,NaN,NaN,0,0,1,1,0,0
68,1999,1021,20,NaN,NaN,NaN,0,0,1,1,0,11
68,1999,821,11,NaN,NaN,NaN,0,0,1,1,0,22
68,1999,1535,17,NaN,NaN,NaN,0,0,1,1,0,13
68,1999,1268,11,NaN,NaN,NaN,0,0,1,1,0,0
68,1999,245,13,NaN,NaN,NaN,0,0,1,0,0,5
68,1999,925,19,NaN,NaN,NaN,0,0,1,1,0,0
68,1999,738,21,NaN,NaN,NaN,0,0,1,1,0,0
68,1999,233,4,NaN,NaN,NaN,0,0,1,1,0,1
68,1999,769,3,NaN,NaN,NaN,0,0,1,1,0,0
68,1999,1364,6,NaN,NaN,NaN,0,0,1,1,0,0
68,1999,102,6,NaN,NaN,NaN,0,0,1,1,0,1
68,1999,427,12,NaN,NaN,NaN,0,0,1,1,0,0
68,1999,1356,12,NaN,NaN,NaN,0,0,1,1,0,6
68,1999,931,7,NaN,NaN,NaN,0,0,1,1,0,18
68,1999,372,4,NaN,NaN,NaN,0,0,1,1,0,10
68,1999,162,7,NaN,NaN,NaN,0,0,1,1,0,3
68,1999,87,20,NaN,NaN,NaN,0,0,1,1,0,0
68,1999,1368,14,NaN,NaN,NaN,0,0,1,0,0,5
68,1999,1043,11,NaN,NaN,NaN,0,0,1,1,0,0
68,1999,80,11,NaN,NaN,NaN,0,0,1,1,0,15
68,1999,625,13,NaN,NaN,NaN,0,0,1,0,0,1
68,1999,887,13,NaN,NaN,NaN,0,0,1,1,0,21
68,1999,296,2,NaN,NaN,NaN,0,0,1,1,0,13
68,1999,134,5,NaN,NaN,NaN,0,0,1,0,0,3
68,1999,554,8,NaN,NaN,NaN,0,0,1,1,0,5
68,1999,78,21,NaN,NaN,NaN,0,0,1,1,0,14
68,1999,106,12,NaN,NaN,NaN,0,0,1,1,0,0
68,1999,1598,20,NaN,NaN,NaN,0,0,1,0,0,0
68,1999,247,16,NaN,NaN,NaN,0,0,1,1,0,15
68,1999,907,2,NaN,NaN,NaN,0,0,1,0,0,17
68,1999,20,3,NaN,NaN,NaN,0,0,1,1,0,0
68,1999,1580,8,NaN,NaN,NaN,0,0,1,0,0,16
68,1999,1497,13,NaN,NaN,NaN,0,0,1,1,0,0
68,1999,47,14,NaN,NaN,NaN,0,0,1,1,0,0
68,1999,968,5,NaN,NaN,NaN,0,0,1,1,0,17
68,1999,447,3,NaN,NaN,NaN,0,0,1,1,0,0
68,1999,800,21,NaN,NaN,NaN,0,0,1,1,0,3
68,1999,461,21,NaN,NaN,NaN,0,0,1,1,0,0
68,1999,323,13,NaN,NaN,NaN,0,0,1,1,0,0
69,1999,1178,17,NaN,NaN,NaN,0,0,1,1,0,8
69,1999,1356,6,NaN,NaN,NaN,0,0,1,1,0,9
69,1999,376,7,NaN,NaN,NaN,0,0,1,1,0,12
69,1999,767,5,NaN,NaN,NaN,0,0,1,1,0,16
69,1999,813,17,NaN,NaN,NaN,0,1.41189919410699,1,1,1,11
69,1999,282,16,NaN,NaN,NaN,0,7.66133866501941,1,1,1,1
69,1999,368,17,NaN,NaN,NaN,0,0,1,1,0,13
69,1999,1034,17,NaN,NaN,NaN,0,0,1,1,0,8
69,1999,1003,19,NaN,NaN,NaN,0,0,1,1,0,3
69,1999,1394,13,NaN,NaN,NaN,0,0,1,1,0,0
69,1999,1130,16,NaN,NaN,NaN,0,9.06809357950815,1,1,1,22
69,1999,801,20,NaN,NaN,NaN,0,0,1,1,0,0
69,1999,858,1,NaN,NaN,NaN,0,8.14108823724743,1,1,1,18
69,1999,1122,11,NaN,NaN,NaN,0,0,1,1,0,0
69,1999,1169,6,NaN,NaN,NaN,0,8.10975806806278,1,1,1,9
69,1999,410,9,NaN,NaN,NaN,0,4.76279487984501,1,1,1,7
69,1999,931,18,NaN,NaN,NaN,0,0,1,1,0,22
69,1999,308,15,NaN,NaN,NaN,0,8.71435488286215,1,1,1,3
69,1999,347,11,NaN,NaN,NaN,0,0,1,1,0,13
69,1999,907,17,NaN,NaN,NaN,0,0,1,1,0,1
69,1999,593,21,NaN,NaN,NaN,0,4.57664267414254,1,1,1,6
69,1999,233,1,NaN,NaN,NaN,0,0,1,1,0,3
69,1999,1364,6,NaN,NaN,NaN,0,0,1,1,0,4
69,1999,1021,11,NaN,NaN,NaN,0,0,1,1,0,20
69,1999,20,3,NaN,NaN,NaN,0,0,1,1,0,12
69,1999,625,1,NaN,NaN,NaN,0,0.467114437571608,1,1,0,18
69,1999,800,3,NaN,NaN,NaN,0,2.22350404762122,1,1,1,9
69,1999,1268,11,NaN,NaN,NaN,0,0,1,1,0,5
69,1999,461,21,NaN,NaN,NaN,0,0,1,1,0,16
69,1999,162,3,NaN,NaN,NaN,0,0,1,1,0,0
69,1999,887,21,NaN,NaN,NaN,0,0,1,1,0,8
69,1999,1345,5,NaN,NaN,NaN,0,0,1,1,0,8
69,1999,1196,13,NaN,NaN,NaN,0,0,1,1,0,0
69,1999,1312,12,NaN,NaN,NaN,0,0,1,1,0,8
69,1999,766,11,NaN,NaN,NaN,0,0,1,1,0,0
69,1999,1584,11,NaN,NaN,NaN,0,0,1,0,0,13
69,1999,568,19,NaN,NaN,NaN,0,5.17210235302223,1,1,1,1
69,1999,634,17,NaN,NaN,NaN,0,3.98311861741789,1,1,1,18
69,1999,183,9,NaN,NaN,NaN,0,0.254276681179923,1,1,0,19
69,1999,1038,2,NaN,NaN,NaN,0,0,1,1,0,0
69,1999,1043,11,NaN,NaN,NaN,0,0.441714740886511,1,1,0,14
69,1999,541,13,NaN,NaN,NaN,0,6.0521311482217,1,1,1,15
69,1999,554,5,NaN,NaN,NaN,0,0,1,1,0,9
69,1999,1580,16,NaN,NaN,NaN,0,0,1,0,0,3
69,1999,1107,10,NaN,NaN,NaN,0,5.2862829215787,1,1,1,16
69,1999,1229,8,NaN,NaN,NaN,0,0,1,1,0,13
69,1999,185,16,NaN,NaN,NaN,0,0,1,1,0,21
69,1999,151,17,NaN,NaN,NaN,0,0,1,1,0,0
69,1999,769,3,NaN,NaN,NaN,0,5.15595832625817,1,1,1,13
69,1999,333,10,NaN,NaN,NaN,0,0,1,1,0,11
69,1999,850,7,NaN,NaN,NaN,0,0,1,1,0,0
69,1999,1598,20,NaN,NaN,NaN,0,0,1,0,0,0
69,1999,210,17,NaN,NaN,NaN,0,0,1,1,0,18
69,1999,87,20,NaN,NaN,NaN,0,0,1,1,0,8
69,1999,544,1,NaN,NaN,NaN,0,0,1,1,0,0
69,1999,243,21,NaN,NaN,NaN,0,0,1,1,0,13
69,1999,372,10,NaN,NaN,NaN,0,0,1,1,0,9
69,1999,729,21,NaN,NaN,NaN,0,0,1,1,0,13
69,1999,170,15,NaN,NaN,NaN,0,8.6476703545316,1,0,0,0
69,1999,1144,7,NaN,NaN,NaN,0,3.94838393857793,1,1,1,3
69,1999,821,22,NaN,NaN,NaN,0,0,1,1,0,14
69,1999,1391,6,NaN,NaN,NaN,0,0,1,1,0,13
69,1999,1535,13,NaN,NaN,NaN,0,8.28566796407225,1,1,1,12
69,1999,27,13,NaN,NaN,NaN,0,0,1,1,0,1
69,1999,245,5,NaN,NaN,NaN,0,1.15962330079554,1,1,1,13
69,1999,427,12,NaN,NaN,NaN,0,0,1,1,0,9
69,1999,763,1,NaN,NaN,NaN,0,0,1,1,0,13
69,1999,745,18,NaN,NaN,NaN,0,0,1,1,0,0
69,1999,1199,19,NaN,NaN,NaN,0,0,1,1,0,13
69,1999,690,21,NaN,NaN,NaN,0,0,1,1,0,0
69,1999,247,15,NaN,NaN,NaN,0,2.2514520923235,1,1,1,21
69,1999,607,10,NaN,NaN,NaN,0,0,1,1,0,11
69,1999,296,13,NaN,NaN,NaN,0,0,1,1,0,20
69,1999,545,22,NaN,NaN,NaN,0,0,1,1,0,0
69,1999,1368,5,NaN,NaN,NaN,0,8.79867880576566,1,0,0,13
69,1999,106,12,NaN,NaN,NaN,0,0.693606102167209,1,1,0,1
69,1999,925,19,NaN,NaN,NaN,0,0,1,1,0,0
69,1999,272,14,NaN,NaN,NaN,0,0,1,1,0,0
69,1999,501,5,NaN,NaN,NaN,0,6.31398664254126,1,1,1,1
69,1999,738,21,NaN,NaN,NaN,0,1.3230863690752,1,1,1,1
69,1999,47,14,NaN,NaN,NaN,0,0,1,1,0,9
69,1999,1113,13,NaN,NaN,NaN,0,0,1,1,0,1
69,1999,134,3,NaN,NaN,NaN,0,8.63717824476071,1,1,1,6
69,1999,1439,3,NaN,NaN,NaN,0,0,1,1,0,1
69,1999,276,7,NaN,NaN,NaN,0,0,1,1,0,14
69,1999,485,12,NaN,NaN,NaN,0,9.34096736421419,1,1,1,16
69,1999,803,17,NaN,NaN,NaN,0,0,1,1,0,9
69,1999,250,9,NaN,NaN,NaN,0,3.89892252620101,1,1,1,20
69,1999,534,13,NaN,NaN,NaN,0,1.48133507752201,1,1,1,6
69,1999,1124,15,NaN,NaN,NaN,0,0,1,1,0,16
69,1999,78,14,NaN,NaN,NaN,0,0,1,1,0,21
69,1999,968,17,NaN,NaN,NaN,0,0,1,1,0,12
69,1999,1195,14,NaN,NaN,NaN,0,1.36316772778469,1,1,1,17
69,1999,323,13,NaN,NaN,NaN,0,5.90900095768108,1,1,1,6
69,1999,128,11,NaN,NaN,NaN,0,4.84396658295962,1,1,1,22
69,1999,1465,21,NaN,NaN,NaN,0,0,1,1,0,8
69,1999,390,20,NaN,NaN,NaN,0,0,1,1,0,0
69,1999,67,12,NaN,NaN,NaN,0,7.88316833726499,1,1,1,18
69,1999,978,15,NaN,NaN,NaN,0,0,1,1,0,13
69,1999,1186,13,NaN,NaN,NaN,0,0,1,1,0,0
69,1999,1215,18,NaN,NaN,NaN,0,0,1,1,0,21
69,1999,1441,6,NaN,NaN,NaN,0,0,1,1,0,18
69,1999,16,15,NaN,NaN,NaN,0,1.47297382276787,1,1,1,6
69,1999,182,17,NaN,NaN,NaN,0,0,1,1,0,0
69,1999,985,9,NaN,NaN,NaN,0,0,1,1,0,10
69,1999,447,3,NaN,NaN,NaN,0,2.67824288840814,1,1,1,11
69,1999,487,15,NaN,NaN,NaN,0,0,1,1,0,0
69,1999,255,19,NaN,NaN,NaN,0,0.869301495340261,1,1,1,12
69,1999,671,22,NaN,NaN,NaN,0,5.09650395700229,1,1,1,7
69,1999,80,15,NaN,NaN,NaN,0,0,1,1,0,22
69,1999,102,1,NaN,NaN,NaN,0,0,1,1,0,18
69,1999,1305,13,NaN,NaN,NaN,0,0,1,1,0,12
69,1999,922,5,NaN,NaN,NaN,0,0,1,1,0,21
69,1999,1240,13,NaN,NaN,NaN,0,0,1,1,0,0
69,1999,1222,16,NaN,NaN,NaN,0,1.83093829343554,1,1,1,19
69,1999,267,4,NaN,NaN,NaN,0,0,1,1,0,13
69,1999,595,1,NaN,NaN,NaN,0,7.36280003843594,1,1,1,15
69,1999,174,13,NaN,NaN,NaN,0,0,1,1,0,18
69,1999,1264,13,NaN,NaN,NaN,0,0,1,1,0,0
69,1999,1599,9,NaN,NaN,NaN,0,0,1,0,0,12
69,1999,1497,13,NaN,NaN,NaN,0,0,1,1,0,17
69,1999,1227,6,NaN,NaN,NaN,0,0,1,1,0,8
69,1999,1457,19,NaN,NaN,NaN,0,0,1,1,0,0
69,1999,722,8,NaN,NaN,NaN,0,0,1,1,0,3
69,1999,1024,11,NaN,NaN,NaN,0,0,1,1,0,16
69,1999,44,4,NaN,NaN,NaN,0,0,1,1,0,12
69,1999,1477,6,NaN,NaN,NaN,0,0,1,1,0,3
70,2000,247,21,NaN,NaN,NaN,0,0,1,0,0,11
70,2000,1021,20,NaN,NaN,NaN,0,0,1,1,0,0
70,2000,106,1,NaN,NaN,NaN,0,0.693606102167209,1,1,0,7
70,2000,134,6,NaN,NaN,NaN,0,0,1,0,0,9
70,2000,1169,9,NaN,NaN,NaN,0,0,1,0,0,1
70,2000,501,1,NaN,NaN,NaN,0,0,1,0,0,5
70,2000,534,6,NaN,NaN,NaN,0,0,1,0,0,13
70,2000,1113,1,NaN,NaN,NaN,0,0,1,1,0,15
70,2000,372,9,NaN,NaN,NaN,0,0,1,1,0,0
70,2000,1457,19,NaN,NaN,NaN,0,0,1,1,0,0
70,2000,568,1,NaN,NaN,NaN,0,0,1,0,0,0
70,2000,554,9,NaN,NaN,NaN,0,0,1,1,0,18
70,2000,1391,13,NaN,NaN,NaN,0,0,1,1,0,4
70,2000,485,16,NaN,NaN,NaN,0,0,1,0,0,12
70,2000,690,21,NaN,NaN,NaN,0,0,1,1,0,22
70,2000,390,20,NaN,NaN,NaN,0,0,1,1,0,0
70,2000,427,9,NaN,NaN,NaN,0,0,1,1,0,0
70,2000,1222,19,NaN,NaN,NaN,0,0,1,0,0,13
70,2000,1345,8,NaN,NaN,NaN,0,0,1,1,0,19
70,2000,745,18,NaN,NaN,NaN,0,0,1,1,0,0
70,2000,170,15,NaN,NaN,NaN,0,8.6476703545316,1,0,0,0
70,2000,931,22,NaN,NaN,NaN,0,0,1,1,0,0
70,2000,1229,13,NaN,NaN,NaN,0,0,1,1,0,0
70,2000,282,1,NaN,NaN,NaN,0,0,1,0,0,6
70,2000,368,13,NaN,NaN,NaN,0,0,1,1,0,0
70,2000,766,11,NaN,NaN,NaN,0,0,1,1,0,3
70,2000,80,22,NaN,NaN,NaN,0,0,1,1,0,14
70,2000,800,9,NaN,NaN,NaN,0,0,1,0,0,0
70,2000,296,20,NaN,NaN,NaN,0,0,1,1,0,1
70,2000,1196,13,NaN,NaN,NaN,0,0,1,1,0,0
70,2000,1465,8,NaN,NaN,NaN,0,0,1,1,0,15
70,2000,738,1,NaN,NaN,NaN,0,0,1,0,0,21
70,2000,347,13,NaN,NaN,NaN,0,0,1,1,0,0
70,2000,887,8,NaN,NaN,NaN,0,0,1,1,0,0
70,2000,47,9,NaN,NaN,NaN,0,0,1,1,0,18
70,2000,250,20,NaN,NaN,NaN,0,0,1,0,0,15
70,2000,545,22,NaN,NaN,NaN,0,0,1,1,0,14
70,2000,968,12,NaN,NaN,NaN,0,0,1,1,0,9
70,2000,1107,16,NaN,NaN,NaN,0,0,1,0,0,10
70,2000,813,11,NaN,NaN,NaN,0,0,1,0,0,0
70,2000,461,16,NaN,NaN,NaN,0,0,1,1,0,0
70,2000,595,15,NaN,NaN,NaN,0,0,1,0,0,1
70,2000,447,11,NaN,NaN,NaN,0,0,1,0,0,5
70,2000,1215,21,NaN,NaN,NaN,0,0,1,1,0,20
70,2000,607,11,NaN,NaN,NaN,0,0,1,1,0,0
70,2000,850,7,NaN,NaN,NaN,0,0,1,1,0,6
70,2000,78,21,NaN,NaN,NaN,0,0,1,1,0,1
70,2000,1124,16,NaN,NaN,NaN,0,0,1,1,0,5
70,2000,1364,4,NaN,NaN,NaN,0,0,1,1,0,15
70,2000,1598,20,NaN,NaN,NaN,0,0,1,0,0,2
70,2000,1122,11,NaN,NaN,NaN,0,0,1,1,0,1
70,2000,1356,9,NaN,NaN,NaN,0,0,1,1,0,6
70,2000,183,19,NaN,NaN,NaN,0,0.254276681179923,1,1,0,7
70,2000,333,11,NaN,NaN,NaN,0,0,1,1,0,12
70,2000,67,18,NaN,NaN,NaN,0,0,1,0,0,17
70,2000,1584,13,NaN,NaN,NaN,0,0,1,1,0,20
70,2000,1227,8,NaN,NaN,NaN,0,0,1,1,0,6
70,2000,722,3,NaN,NaN,NaN,0,0,1,1,0,0
70,2000,1178,8,NaN,NaN,NaN,0,0,1,1,0,0
70,2000,1439,1,NaN,NaN,NaN,0,0,1,1,0,0
70,2000,544,1,NaN,NaN,NaN,0,0,1,1,0,0
70,2000,1268,5,NaN,NaN,NaN,0,0,1,1,0,0
70,2000,1199,13,NaN,NaN,NaN,0,0,1,1,0,21
70,2000,634,18,NaN,NaN,NaN,0,0,1,0,0,0
70,2000,1195,17,NaN,NaN,NaN,0,0,1,0,0,13
70,2000,182,17,NaN,NaN,NaN,0,0,1,1,0,0
70,2000,1043,14,NaN,NaN,NaN,0,0.441714740886511,1,1,0,12
70,2000,20,12,NaN,NaN,NaN,0,0,1,1,0,15
70,2000,925,19,NaN,NaN,NaN,0,0,1,1,0,0
70,2000,162,3,NaN,NaN,NaN,0,0,1,1,0,7
70,2000,1034,8,NaN,NaN,NaN,0,0,1,1,0,13
70,2000,233,3,NaN,NaN,NaN,0,0,1,1,0,5
70,2000,763,13,NaN,NaN,NaN,0,0,1,1,0,0
70,2000,1599,12,NaN,NaN,NaN,0,0,1,0,0,2
70,2000,1003,3,NaN,NaN,NaN,0,0,1,1,0,0
70,2000,1497,17,NaN,NaN,NaN,0,0,1,1,0,0
70,2000,1368,13,NaN,NaN,NaN,0,8.79867880576566,1,0,0,5
70,2000,1024,16,NaN,NaN,NaN,0,0,1,1,0,0
70,2000,1038,2,NaN,NaN,NaN,0,0,1,1,0,13
70,2000,922,21,NaN,NaN,NaN,0,0,1,1,0,0
70,2000,1130,22,NaN,NaN,NaN,0,0,1,0,0,15
70,2000,272,14,NaN,NaN,NaN,0,0,1,1,0,0
70,2000,245,13,NaN,NaN,NaN,0,0,1,0,0,5
70,2000,16,6,NaN,NaN,NaN,0,0,1,0,0,0
70,2000,487,15,NaN,NaN,NaN,0,0,1,1,0,18
70,2000,87,8,NaN,NaN,NaN,0,0,1,1,0,20
70,2000,102,18,NaN,NaN,NaN,0,0,1,1,0,0
70,2000,625,18,NaN,NaN,NaN,0,0.467114437571608,1,1,0,8
70,2000,858,18,NaN,NaN,NaN,0,0,1,0,0,13
70,2000,1535,12,NaN,NaN,NaN,0,0,1,0,0,2
70,2000,376,12,NaN,NaN,NaN,0,0,1,1,0,6
70,2000,803,9,NaN,NaN,NaN,0,0,1,1,0,14
70,2000,1186,13,NaN,NaN,NaN,0,0,1,1,0,0
70,2000,1477,3,NaN,NaN,NaN,0,0,1,1,0,0
70,2000,276,14,NaN,NaN,NaN,0,0,1,1,0,9
70,2000,1305,12,NaN,NaN,NaN,0,0,1,1,0,8
70,2000,671,7,NaN,NaN,NaN,0,0,1,0,0,22
70,2000,174,18,NaN,NaN,NaN,0,0,1,1,0,0
70,2000,255,12,NaN,NaN,NaN,0,0,1,0,0,0
70,2000,151,17,NaN,NaN,NaN,0,0,1,1,0,0
70,2000,985,10,NaN,NaN,NaN,0,0,1,1,0,20
70,2000,978,13,NaN,NaN,NaN,0,0,1,1,0,0
70,2000,323,6,NaN,NaN,NaN,0,0,1,0,0,15
70,2000,243,13,NaN,NaN,NaN,0,0,1,1,0,0
70,2000,801,20,NaN,NaN,NaN,0,0,1,1,0,7
70,2000,541,15,NaN,NaN,NaN,0,0,1,0,0,13
70,2000,267,13,NaN,NaN,NaN,0,0,1,1,0,3
70,2000,1580,3,NaN,NaN,NaN,0,0,1,1,0,0
70,2000,1264,13,NaN,NaN,NaN,0,0,1,1,0,8
70,2000,308,3,NaN,NaN,NaN,0,0,1,0,0,15
70,2000,1240,13,NaN,NaN,NaN,0,0,1,1,0,0
70,2000,210,18,NaN,NaN,NaN,0,0,1,1,0,8
70,2000,907,1,NaN,NaN,NaN,0,0,1,1,0,0
70,2000,27,1,NaN,NaN,NaN,0,0,1,1,0,21
70,2000,185,21,NaN,NaN,NaN,0,0,1,1,0,0
70,2000,729,13,NaN,NaN,NaN,0,0,1,1,0,21
70,2000,410,7,NaN,NaN,NaN,0,0,1,0,0,1
70,2000,1441,18,NaN,NaN,NaN,0,0,1,1,0,0
70,2000,767,16,NaN,NaN,NaN,0,0,1,1,0,13
70,2000,1144,3,NaN,NaN,NaN,0,0,1,0,0,7
70,2000,821,14,NaN,NaN,NaN,0,0,1,1,0,17
70,2000,593,6,NaN,NaN,NaN,0,0,1,0,0,0
70,2000,1394,13,NaN,NaN,NaN,0,0,1,1,0,0
70,2000,44,12,NaN,NaN,NaN,0,0,1,1,0,13
70,2000,128,22,NaN,NaN,NaN,0,0,1,0,0,0
71,2000,250,15,NaN,NaN,NaN,0,0,1,0,0,0
71,2000,801,7,NaN,NaN,NaN,0,0,1,1,0,1
71,2000,128,22,NaN,NaN,NaN,0,0,1,0,0,17
71,2000,690,22,NaN,NaN,NaN,0,0,1,1,0,19
71,2000,1107,10,NaN,NaN,NaN,0,0,1,0,0,0
71,2000,347,13,NaN,NaN,NaN,0,0,1,1,0,0
71,2000,47,18,NaN,NaN,NaN,0,0,1,1,0,0
71,2000,170,15,NaN,NaN,NaN,0,8.6476703545316,1,1,1,5
71,2000,1169,1,NaN,NaN,NaN,0,0,1,0,0,6
71,2000,1240,13,NaN,NaN,NaN,0,0,1,1,0,0
71,2000,821,17,NaN,NaN,NaN,0,0,1,1,0,5
71,2000,1477,3,NaN,NaN,NaN,0,0,1,1,0,17
71,2000,1222,13,NaN,NaN,NaN,0,0,1,0,0,0
71,2000,134,9,NaN,NaN,NaN,0,0,1,0,0,3
71,2000,1113,15,NaN,NaN,NaN,0,0,1,1,0,8
71,2000,767,13,NaN,NaN,NaN,0,0,1,1,0,18
71,2000,1364,15,NaN,NaN,NaN,0,0,1,1,0,1
71,2000,1599,2,NaN,NaN,NaN,0,0,1,1,0,9
71,2000,1356,6,NaN,NaN,NaN,0,0,1,1,0,8
71,2000,1465,15,NaN,NaN,NaN,0,0,1,1,0,3
71,2000,554,18,NaN,NaN,NaN,0,0,1,1,0,16
71,2000,858,13,NaN,NaN,NaN,0,0,1,0,0,0
71,2000,534,13,NaN,NaN,NaN,0,0,1,0,0,0
71,2000,1345,19,NaN,NaN,NaN,0,0,1,1,0,21
71,2000,544,1,NaN,NaN,NaN,0,0,1,1,0,0
71,2000,1598,2,NaN,NaN,NaN,0,0,1,1,0,6
71,2000,487,18,NaN,NaN,NaN,0,0,1,1,0,0
71,2000,1391,4,NaN,NaN,NaN,0,0,1,1,0,7
71,2000,1535,2,NaN,NaN,NaN,0,0,1,0,0,4
71,2000,1215,20,NaN,NaN,NaN,0,0,1,1,0,0
71,2000,1186,13,NaN,NaN,NaN,0,0,1,1,0,0
71,2000,978,13,NaN,NaN,NaN,0,0,1,1,0,14
71,2000,282,6,NaN,NaN,NaN,0,0,1,0,0,1
71,2000,243,13,NaN,NaN,NaN,0,0,1,1,0,0
71,2000,247,11,NaN,NaN,NaN,0,0,1,0,0,6
71,2000,1038,13,NaN,NaN,NaN,0,0,1,1,0,0
71,2000,1227,6,NaN,NaN,NaN,0,0,1,1,0,0
71,2000,800,9,NaN,NaN,NaN,0,0,1,0,0,3
71,2000,106,7,NaN,NaN,NaN,0,0.693606102167209,1,1,0,8
71,2000,333,12,NaN,NaN,NaN,0,0,1,1,0,21
71,2000,1229,13,NaN,NaN,NaN,0,0,1,1,0,0
71,2000,1394,13,NaN,NaN,NaN,0,0,1,1,0,0
71,2000,390,20,NaN,NaN,NaN,0,0,1,1,0,22
71,2000,985,20,NaN,NaN,NaN,0,0,1,1,0,8
71,2000,80,14,NaN,NaN,NaN,0,0,1,1,0,2
71,2000,1034,13,NaN,NaN,NaN,0,0,1,1,0,0
71,2000,745,18,NaN,NaN,NaN,0,0,1,1,0,0
71,2000,182,17,NaN,NaN,NaN,0,0,1,1,0,0
71,2000,1021,20,NaN,NaN,NaN,0,0,1,1,0,0
71,2000,763,13,NaN,NaN,NaN,0,0,1,1,0,0
71,2000,738,21,NaN,NaN,NaN,0,0,1,0,0,0
71,2000,87,20,NaN,NaN,NaN,0,0,1,1,0,19
71,2000,255,12,NaN,NaN,NaN,0,0,1,0,0,0
71,2000,922,21,NaN,NaN,NaN,0,0,1,1,0,15
71,2000,1580,3,NaN,NaN,NaN,0,0,1,1,0,0
71,2000,368,13,NaN,NaN,NaN,0,0,1,1,0,16
71,2000,729,21,NaN,NaN,NaN,0,0,1,1,0,8
71,2000,607,11,NaN,NaN,NaN,0,0,1,1,0,0
71,2000,183,7,NaN,NaN,NaN,0,0.254276681179923,1,1,0,22
71,2000,595,1,NaN,NaN,NaN,0,0,1,0,0,0
71,2000,1144,7,NaN,NaN,NaN,0,0,1,0,0,0
71,2000,461,16,NaN,NaN,NaN,0,0,1,1,0,5
71,2000,545,14,NaN,NaN,NaN,0,0,1,1,0,0
71,2000,485,12,NaN,NaN,NaN,0,0,1,0,0,0
71,2000,267,3,NaN,NaN,NaN,0,0,1,1,0,0
71,2000,1124,5,NaN,NaN,NaN,0,0,1,1,0,18
71,2000,1305,8,NaN,NaN,NaN,0,0,1,1,0,13
71,2000,272,14,NaN,NaN,NaN,0,0,1,1,0,0
71,2000,1122,1,NaN,NaN,NaN,0,0,1,1,0,0
71,2000,850,6,NaN,NaN,NaN,0,0,1,1,0,0
71,2000,722,3,NaN,NaN,NaN,0,0,1,1,0,16
71,2000,1497,17,NaN,NaN,NaN,0,0,1,1,0,5
71,2000,1003,3,NaN,NaN,NaN,0,0,1,1,0,13
71,2000,1043,12,NaN,NaN,NaN,0,0.441714740886511,1,1,0,1
71,2000,308,15,NaN,NaN,NaN,0,0,1,0,0,0
71,2000,276,9,NaN,NaN,NaN,0,0,1,1,0,0
71,2000,27,21,NaN,NaN,NaN,0,0,1,1,0,0
71,2000,210,8,NaN,NaN,NaN,0,0,1,1,0,0
71,2000,447,5,NaN,NaN,NaN,0,0,1,0,0,0
71,2000,1024,16,NaN,NaN,NaN,0,0,1,1,0,0
71,2000,634,18,NaN,NaN,NaN,0,0,1,0,0,0
71,2000,541,13,NaN,NaN,NaN,0,0,1,0,0,0
71,2000,931,22,NaN,NaN,NaN,0,0,1,1,0,2
71,2000,372,9,NaN,NaN,NaN,0,0,1,1,0,6
71,2000,1199,21,NaN,NaN,NaN,0,0,1,1,0,0
71,2000,766,3,NaN,NaN,NaN,0,0,1,1,0,10
71,2000,1439,1,NaN,NaN,NaN,0,0,1,1,0,16
71,2000,162,7,NaN,NaN,NaN,0,0,1,1,0,0
71,2000,376,6,NaN,NaN,NaN,0,0,1,1,0,21
71,2000,1264,8,NaN,NaN,NaN,0,0,1,1,0,5
71,2000,20,15,NaN,NaN,NaN,0,0,1,1,0,0
71,2000,323,15,NaN,NaN,NaN,0,0,1,0,0,20
71,2000,671,22,NaN,NaN,NaN,0,0,1,0,0,0
71,2000,245,5,NaN,NaN,NaN,0,0,1,0,0,13
71,2000,1584,20,NaN,NaN,NaN,0,0,1,1,0,21
71,2000,1178,8,NaN,NaN,NaN,0,0,1,1,0,0
71,2000,925,19,NaN,NaN,NaN,0,0,1,1,0,0
71,2000,174,18,NaN,NaN,NaN,0,0,1,1,0,22
71,2000,907,1,NaN,NaN,NaN,0,0,1,1,0,0
71,2000,968,9,NaN,NaN,NaN,0,0,1,1,0,20
71,2000,185,21,NaN,NaN,NaN,0,0,1,1,0,3
71,2000,593,6,NaN,NaN,NaN,0,0,1,0,0,9
71,2000,151,17,NaN,NaN,NaN,0,0,1,1,0,0
71,2000,67,17,NaN,NaN,NaN,0,0,1,0,0,0
71,2000,625,8,NaN,NaN,NaN,0,0.467114437571608,1,1,0,0
71,2000,44,13,NaN,NaN,NaN,0,0,1,1,0,5
71,2000,427,9,NaN,NaN,NaN,0,0,1,1,0,15
71,2000,803,14,NaN,NaN,NaN,0,0,1,1,0,16
71,2000,1441,18,NaN,NaN,NaN,0,0,1,1,0,0
71,2000,1268,5,NaN,NaN,NaN,0,0,1,1,0,17
71,2000,16,6,NaN,NaN,NaN,0,0,1,0,0,4
71,2000,1196,13,NaN,NaN,NaN,0,0,1,1,0,0
71,2000,887,8,NaN,NaN,NaN,0,0,1,1,0,19
71,2000,1457,19,NaN,NaN,NaN,0,0,1,1,0,0
71,2000,102,18,NaN,NaN,NaN,0,0,1,1,0,0
71,2000,1195,13,NaN,NaN,NaN,0,0,1,0,0,9
71,2000,410,1,NaN,NaN,NaN,0,0,1,0,0,2
71,2000,1130,15,NaN,NaN,NaN,0,0,1,0,0,6
71,2000,296,1,NaN,NaN,NaN,0,0,1,1,0,13
71,2000,813,11,NaN,NaN,NaN,0,0,1,0,0,10
71,2000,1368,5,NaN,NaN,NaN,0,8.79867880576566,1,1,1,14
71,2000,568,1,NaN,NaN,NaN,0,0,1,0,0,0
71,2000,78,1,NaN,NaN,NaN,0,0,1,1,0,13
71,2000,233,5,NaN,NaN,NaN,0,0,1,1,0,12
72,2000,1195,9,NaN,NaN,NaN,0,0,1,0,0,1
72,2000,151,17,NaN,NaN,NaN,0,0,1,1,0,4
72,2000,534,13,NaN,NaN,NaN,0,0,1,0,0,0
72,2000,922,15,NaN,NaN,NaN,0,0,1,1,0,19
72,2000,1356,8,NaN,NaN,NaN,0,0,1,1,0,2
72,2000,247,6,NaN,NaN,NaN,0,0,1,0,0,0
72,2000,1580,3,NaN,NaN,NaN,0,0,1,1,0,2
72,2000,1240,13,NaN,NaN,NaN,0,0,1,1,0,0
72,2000,323,20,NaN,NaN,NaN,0,0,1,0,0,13
72,2000,541,13,NaN,NaN,NaN,0,0,1,0,0,0
72,2000,1144,7,NaN,NaN,NaN,0,0,1,0,0,0
72,2000,333,21,NaN,NaN,NaN,0,0,1,1,0,0
72,2000,690,19,NaN,NaN,NaN,0,0,1,1,0,0
72,2000,233,12,NaN,NaN,NaN,0,0,1,1,0,0
72,2000,1599,9,NaN,NaN,NaN,0,0,1,1,0,1
72,2000,931,2,NaN,NaN,NaN,0,0,1,1,0,3
72,2000,1394,13,NaN,NaN,NaN,0,0,1,1,0,0
72,2000,968,20,NaN,NaN,NaN,0,0,1,1,0,0
72,2000,1457,19,NaN,NaN,NaN,0,0,1,1,0,0
72,2000,1305,13,NaN,NaN,NaN,0,0,1,1,0,10
72,2000,185,3,NaN,NaN,NaN,0,0,1,1,0,13
72,2000,722,16,NaN,NaN,NaN,0,0,1,1,0,3
72,2000,485,12,NaN,NaN,NaN,0,0,1,0,0,0
72,2000,461,5,NaN,NaN,NaN,0,0,1,1,0,18
72,2000,1439,16,NaN,NaN,NaN,0,0,1,1,0,0
72,2000,1021,20,NaN,NaN,NaN,0,0,1,1,0,0
72,2000,102,18,NaN,NaN,NaN,0,0,1,1,0,17
72,2000,1122,1,NaN,NaN,NaN,0,0,1,1,0,19
72,2000,347,13,NaN,NaN,NaN,0,0,1,1,0,0
72,2000,821,5,NaN,NaN,NaN,0,0,1,1,0,13
72,2000,272,14,NaN,NaN,NaN,0,0,1,1,0,17
72,2000,183,22,NaN,NaN,NaN,0,0.254276681179923,1,1,0,0
72,2000,1227,6,NaN,NaN,NaN,0,0,1,1,0,0
72,2000,427,15,NaN,NaN,NaN,0,0,1,1,0,5
72,2000,78,13,NaN,NaN,NaN,0,0,1,1,0,21
72,2000,813,10,NaN,NaN,NaN,0,0,1,0,0,0
72,2000,595,1,NaN,NaN,NaN,0,0,1,0,0,0
72,2000,907,1,NaN,NaN,NaN,0,0,1,1,0,0
72,2000,282,1,NaN,NaN,NaN,0,0,1,0,0,15
72,2000,44,5,NaN,NaN,NaN,0,0,1,1,0,0
72,2000,1345,21,NaN,NaN,NaN,0,0,1,1,0,0
72,2000,134,3,NaN,NaN,NaN,0,0,1,0,0,0
72,2000,1264,5,NaN,NaN,NaN,0,0,1,1,0,0
72,2000,276,9,NaN,NaN,NaN,0,0,1,1,0,0
72,2000,1364,1,NaN,NaN,NaN,0,0,1,1,0,2
72,2000,1368,14,NaN,NaN,NaN,0,0,1,0,0,5
72,2000,250,15,NaN,NaN,NaN,0,0,1,0,0,12
72,2000,767,18,NaN,NaN,NaN,0,0,1,1,0,5
72,2000,545,14,NaN,NaN,NaN,0,0,1,1,0,13
72,2000,390,22,NaN,NaN,NaN,0,0,1,1,0,20
72,2000,738,21,NaN,NaN,NaN,0,0,1,0,0,0
72,2000,625,8,NaN,NaN,NaN,0,0.467114437571608,1,1,0,17
72,2000,296,13,NaN,NaN,NaN,0,0,1,1,0,0
72,2000,1024,16,NaN,NaN,NaN,0,0,1,1,0,14
72,2000,1441,18,NaN,NaN,NaN,0,0,1,1,0,0
72,2000,1497,5,NaN,NaN,NaN,0,0,1,1,0,18
72,2000,1034,13,NaN,NaN,NaN,0,0,1,1,0,18
72,2000,174,22,NaN,NaN,NaN,0,0,1,1,0,0
72,2000,1107,10,NaN,NaN,NaN,0,0,1,0,0,5
72,2000,447,5,NaN,NaN,NaN,0,0,1,0,0,0
72,2000,87,19,NaN,NaN,NaN,0,0,1,1,0,20
72,2000,128,17,NaN,NaN,NaN,0,0,1,0,0,22
72,2000,887,19,NaN,NaN,NaN,0,0,1,1,0,4
72,2000,1268,17,NaN,NaN,NaN,0,0,1,1,0,5
72,2000,671,22,NaN,NaN,NaN,0,0,1,0,0,0
72,2000,376,21,NaN,NaN,NaN,0,0,1,1,0,9
72,2000,47,18,NaN,NaN,NaN,0,0,1,1,0,22
72,2000,803,16,NaN,NaN,NaN,0,0,1,1,0,0
72,2000,858,13,NaN,NaN,NaN,0,0,1,0,0,0
72,2000,1229,13,NaN,NaN,NaN,0,0,1,1,0,0
72,2000,410,2,NaN,NaN,NaN,0,0,1,0,0,0
72,2000,1043,1,NaN,NaN,NaN,0,0.441714740886511,1,1,0,0
72,2000,763,13,NaN,NaN,NaN,0,0,1,1,0,0
72,2000,1215,20,NaN,NaN,NaN,0,0,1,1,0,0
72,2000,162,7,NaN,NaN,NaN,0,0,1,1,0,12
72,2000,80,2,NaN,NaN,NaN,0,0,1,1,0,0
72,2000,607,11,NaN,NaN,NaN,0,0,1,1,0,0
72,2000,27,21,NaN,NaN,NaN,0,0,1,1,0,0
72,2000,1178,8,NaN,NaN,NaN,0,0,1,1,0,0
72,2000,16,4,NaN,NaN,NaN,0,0,1,0,0,18
72,2000,1124,18,NaN,NaN,NaN,0,0,1,1,0,0
72,2000,255,12,NaN,NaN,NaN,0,0,1,0,0,0
72,2000,1477,17,NaN,NaN,NaN,0,0,1,1,0,11
72,2000,593,9,NaN,NaN,NaN,0,0,1,0,0,0
72,2000,20,15,NaN,NaN,NaN,0,0,1,1,0,13
72,2000,1003,13,NaN,NaN,NaN,0,0,1,1,0,0
72,2000,243,13,NaN,NaN,NaN,0,0,1,1,0,8
72,2000,182,17,NaN,NaN,NaN,0,0,1,1,0,0
72,2000,729,8,NaN,NaN,NaN,0,0,1,1,0,0
72,2000,554,16,NaN,NaN,NaN,0,0,1,1,0,12
72,2000,985,8,NaN,NaN,NaN,0,0,1,1,0,0
72,2000,245,13,NaN,NaN,NaN,0,0,1,0,0,5
72,2000,925,19,NaN,NaN,NaN,0,0,1,1,0,0
72,2000,67,17,NaN,NaN,NaN,0,0,1,0,0,10
72,2000,267,3,NaN,NaN,NaN,0,0,1,1,0,1
72,2000,544,1,NaN,NaN,NaN,0,0,1,1,0,0
72,2000,1535,4,NaN,NaN,NaN,0,0,1,0,0,19
72,2000,1199,21,NaN,NaN,NaN,0,0,1,1,0,0
72,2000,978,14,NaN,NaN,NaN,0,0,1,1,0,2
72,2000,1113,8,NaN,NaN,NaN,0,0,1,1,0,3
72,2000,766,10,NaN,NaN,NaN,0,0,1,1,0,11
72,2000,634,18,NaN,NaN,NaN,0,0,1,0,0,0
72,2000,1186,13,NaN,NaN,NaN,0,0,1,1,0,0
72,2000,801,1,NaN,NaN,NaN,0,0,1,1,0,0
72,2000,568,1,NaN,NaN,NaN,0,0,1,0,0,13
72,2000,1038,13,NaN,NaN,NaN,0,0,1,1,0,21
72,2000,210,8,NaN,NaN,NaN,0,0,1,1,0,12
72,2000,106,8,NaN,NaN,NaN,0,0.693606102167209,1,1,0,2
72,2000,1196,13,NaN,NaN,NaN,0,0,1,1,0,0
72,2000,1222,13,NaN,NaN,NaN,0,0,1,0,0,0
72,2000,170,5,NaN,NaN,NaN,0,0,1,0,0,15
72,2000,308,15,NaN,NaN,NaN,0,0,1,0,0,3
72,2000,1598,6,NaN,NaN,NaN,0,0,1,1,0,0
72,2000,368,16,NaN,NaN,NaN,0,0,1,1,0,21
72,2000,1391,7,NaN,NaN,NaN,0,0,1,1,0,0
72,2000,1584,21,NaN,NaN,NaN,0,0,1,1,0,0
72,2000,487,18,NaN,NaN,NaN,0,0,1,1,0,0
72,2000,800,3,NaN,NaN,NaN,0,0,1,0,0,1
72,2000,1465,3,NaN,NaN,NaN,0,0,1,1,0,21
72,2000,1130,6,NaN,NaN,NaN,0,0,1,0,0,16
72,2000,850,6,NaN,NaN,NaN,0,0,1,1,0,12
72,2000,745,18,NaN,NaN,NaN,0,0,1,1,0,13
72,2000,372,6,NaN,NaN,NaN,0,0,1,1,0,0
72,2000,1169,6,NaN,NaN,NaN,0,0,1,0,0,15
73,2000,738,21,NaN,NaN,NaN,0,3.52282578944134,1,1,1,7
73,2000,102,17,NaN,NaN,NaN,0,0,1,1,0,0
73,2000,1196,13,NaN,NaN,NaN,0,0,1,1,0,2
73,2000,745,13,NaN,NaN,NaN,0,0,1,1,0,18
73,2000,390,20,NaN,NaN,NaN,0,1.7424744668734,1,1,1,21
73,2000,1599,1,NaN,NaN,NaN,0,0,1,1,0,0
73,2000,151,4,NaN,NaN,NaN,0,0,1,1,0,0
73,2000,1107,5,NaN,NaN,NaN,0,9.67214070747526,1,1,1,18
73,2000,767,5,NaN,NaN,NaN,0,0,1,1,0,4
73,2000,333,21,NaN,NaN,NaN,0,0,1,1,0,0
73,2000,183,22,NaN,NaN,NaN,0,3.00752111789717,1,1,1,17
73,2000,1021,20,NaN,NaN,NaN,0,0,1,1,0,0
73,2000,233,12,NaN,NaN,NaN,0,0,1,1,0,0
73,2000,1122,19,NaN,NaN,NaN,0,0,1,1,0,1
73,2000,568,13,NaN,NaN,NaN,0,7.92861880769971,1,1,1,17
73,2000,245,5,NaN,NaN,NaN,0,0,1,1,0,13
73,2000,182,17,NaN,NaN,NaN,0,0,1,1,0,0
73,2000,1345,21,NaN,NaN,NaN,0,0,1,1,0,4
73,2000,16,18,NaN,NaN,NaN,0,0.301552259106777,1,1,0,0
73,2000,47,22,NaN,NaN,NaN,0,0,1,1,0,0
73,2000,625,17,NaN,NaN,NaN,0,8.23187389442582,1,1,1,7
73,2000,78,21,NaN,NaN,NaN,0,0,1,1,0,13
73,2000,427,5,NaN,NaN,NaN,0,0,1,1,0,0
73,2000,80,2,NaN,NaN,NaN,0,0,1,1,0,0
73,2000,931,3,NaN,NaN,NaN,0,0,1,1,0,0
73,2000,447,5,NaN,NaN,NaN,0,5.47777692257845,1,1,1,8
73,2000,372,6,NaN,NaN,NaN,0,4.64558320951761,1,1,1,18
73,2000,541,13,NaN,NaN,NaN,0,4.73401921288756,1,1,1,3
73,2000,174,22,NaN,NaN,NaN,0,5.55769909645077,1,1,1,21
73,2000,595,1,NaN,NaN,NaN,0,3.09769739040116,1,1,1,21
73,2000,671,22,NaN,NaN,NaN,0,6.8544980494355,1,1,1,16
73,2000,1457,19,NaN,NaN,NaN,0,0,1,1,0,5
73,2000,1356,2,NaN,NaN,NaN,0,0,1,1,0,13
73,2000,1215,20,NaN,NaN,NaN,0,0,1,1,0,21
73,2000,1199,21,NaN,NaN,NaN,0,0,1,1,0,0
73,2000,545,13,NaN,NaN,NaN,0,0,1,1,0,7
73,2000,1497,18,NaN,NaN,NaN,0,0,1,1,0,6
73,2000,850,12,NaN,NaN,NaN,0,0,1,1,0,0
73,2000,250,12,NaN,NaN,NaN,0,9.21574361624935,1,1,1,7
73,2000,722,3,NaN,NaN,NaN,0,6.14512866648055,1,1,1,1
73,2000,803,16,NaN,NaN,NaN,0,0,1,1,0,0
73,2000,1113,3,NaN,NaN,NaN,0,0,1,1,0,0
73,2000,1580,2,NaN,NaN,NaN,0,0,1,1,0,0
73,2000,1439,16,NaN,NaN,NaN,0,0,1,1,0,13
73,2000,20,13,NaN,NaN,NaN,0,0,1,1,0,3
73,2000,1584,21,NaN,NaN,NaN,0,0,1,1,0,0
73,2000,1364,2,NaN,NaN,NaN,0,2.89393846527613,1,1,1,13
73,2000,485,12,NaN,NaN,NaN,0,9.34996386088728,1,1,1,17
73,2000,44,5,NaN,NaN,NaN,0,0,1,1,0,0
73,2000,821,13,NaN,NaN,NaN,0,0,1,1,0,6
73,2000,1034,18,NaN,NaN,NaN,0,0,1,1,0,0
73,2000,858,13,NaN,NaN,NaN,0,6.84078548807111,1,1,1,6
73,2000,634,18,NaN,NaN,NaN,0,0,1,1,0,0
73,2000,170,15,NaN,NaN,NaN,0,9.99561756700708,1,0,0,0
73,2000,1227,6,NaN,NaN,NaN,0,0,1,1,0,0
73,2000,1535,19,NaN,NaN,NaN,0,2.11932361250908,1,1,1,5
73,2000,978,2,NaN,NaN,NaN,0,0,1,1,0,0
73,2000,1368,5,NaN,NaN,NaN,0,8.69217704250302,1,0,0,14
73,2000,1169,15,NaN,NaN,NaN,0,3.4292651687439,1,1,1,21
73,2000,247,6,NaN,NaN,NaN,0,7.02409725021265,1,1,1,12
73,2000,347,13,NaN,NaN,NaN,0,4.72914447964851,1,1,1,11
73,2000,1465,21,NaN,NaN,NaN,0,0.109142738777467,1,1,0,0
73,2000,1391,7,NaN,NaN,NaN,0,0,1,1,0,19
73,2000,410,2,NaN,NaN,NaN,0,7.06751293931129,1,1,1,4
73,2000,1043,1,NaN,NaN,NaN,0,8.03616394065443,1,1,1,11
73,2000,813,10,NaN,NaN,NaN,0,0,1,1,0,0
73,2000,690,19,NaN,NaN,NaN,0,0,1,1,0,0
73,2000,1268,5,NaN,NaN,NaN,0,0,1,1,0,0
73,2000,968,20,NaN,NaN,NaN,0,0,1,1,0,15
73,2000,763,13,NaN,NaN,NaN,0,0,1,1,0,0
73,2000,1124,18,NaN,NaN,NaN,0,0,1,1,0,5
73,2000,554,12,NaN,NaN,NaN,0,0,1,1,0,0
73,2000,985,8,NaN,NaN,NaN,0,0,1,1,0,1
73,2000,1441,18,NaN,NaN,NaN,0,0,1,1,0,3
73,2000,1195,1,NaN,NaN,NaN,0,0,1,1,0,0
73,2000,128,22,NaN,NaN,NaN,0,1.57500901430206,1,1,1,17
73,2000,1394,13,NaN,NaN,NaN,0,6.72682406121953,1,1,1,18
73,2000,907,1,NaN,NaN,NaN,0,8.70723306547961,1,1,1,4
73,2000,1477,11,NaN,NaN,NaN,0,0,1,1,0,10
73,2000,376,9,NaN,NaN,NaN,0,0,1,1,0,0
73,2000,185,13,NaN,NaN,NaN,0,0,1,1,0,0
73,2000,243,8,NaN,NaN,NaN,0,0,1,1,0,0
73,2000,487,18,NaN,NaN,NaN,0,0,1,1,0,0
73,2000,106,2,NaN,NaN,NaN,0,0,1,1,0,6
73,2000,1144,7,NaN,NaN,NaN,0,7.95082060122866,1,1,1,13
73,2000,1003,13,NaN,NaN,NaN,0,0,1,1,0,21
73,2000,276,9,NaN,NaN,NaN,0,0,1,1,0,19
73,2000,1240,13,NaN,NaN,NaN,0,0,1,1,0,0
73,2000,922,19,NaN,NaN,NaN,0,0,1,1,0,0
73,2000,1264,5,NaN,NaN,NaN,0,0,1,1,0,19
73,2000,1305,10,NaN,NaN,NaN,0,0,1,1,0,13
73,2000,925,19,NaN,NaN,NaN,0,0,1,1,0,0
73,2000,800,1,NaN,NaN,NaN,0,2.58647582499152,1,1,1,7
73,2000,1222,13,NaN,NaN,NaN,0,6.65305811923228,1,1,1,5
73,2000,267,1,NaN,NaN,NaN,0,0,1,1,0,15
73,2000,210,12,NaN,NaN,NaN,0,0,1,1,0,9
73,2000,1229,13,NaN,NaN,NaN,0,0,1,1,0,0
73,2000,544,1,NaN,NaN,NaN,0,0,1,1,0,0
73,2000,593,9,NaN,NaN,NaN,0,1.94478141372822,1,1,1,14
73,2000,1024,14,NaN,NaN,NaN,0,0,1,1,0,0
73,2000,308,3,NaN,NaN,NaN,0,9.60956122800699,1,1,1,15
73,2000,27,21,NaN,NaN,NaN,0,0,1,1,0,0
73,2000,67,10,NaN,NaN,NaN,0,0.777485856518227,1,1,1,4
73,2000,1186,13,NaN,NaN,NaN,0,0,1,1,0,17
73,2000,255,12,NaN,NaN,NaN,0,1.43013737494451,1,1,1,13
73,2000,887,4,NaN,NaN,NaN,0,0,1,1,0,21
73,2000,162,12,NaN,NaN,NaN,0,0,1,1,0,0
73,2000,534,13,NaN,NaN,NaN,0,3.69447128551329,1,1,1,18
73,2000,87,20,NaN,NaN,NaN,0,0,1,1,0,0
73,2000,272,17,NaN,NaN,NaN,0,0,1,1,0,9
73,2000,461,18,NaN,NaN,NaN,0,0,1,1,0,5
73,2000,1598,6,NaN,NaN,NaN,0,0,1,1,0,4
73,2000,801,1,NaN,NaN,NaN,0,0,1,1,0,18
73,2000,134,3,NaN,NaN,NaN,0,9.56256312812609,1,1,1,9
73,2000,607,11,NaN,NaN,NaN,0,0,1,1,0,17
73,2000,1038,21,NaN,NaN,NaN,0,0,1,1,0,0
73,2000,729,8,NaN,NaN,NaN,0,0,1,1,0,0
73,2000,1178,8,NaN,NaN,NaN,0,0,1,1,0,19
73,2000,296,13,NaN,NaN,NaN,0,0,1,1,0,14
73,2000,323,13,NaN,NaN,NaN,0,6.95098688534612,1,1,1,8
73,2000,766,11,NaN,NaN,NaN,0,0,1,1,0,10
73,2000,1130,16,NaN,NaN,NaN,0,5.08904349980992,1,1,1,5
73,2000,368,21,NaN,NaN,NaN,0,0,1,1,0,0
74,2001,534,18,NaN,NaN,NaN,0,0,1,0,0,6
74,2001,745,18,NaN,NaN,NaN,0,0,1,1,0,0
74,2001,106,6,NaN,NaN,NaN,0,0,1,1,0,2
74,2001,1439,13,NaN,NaN,NaN,0,0,1,1,0,8
74,2001,1368,14,NaN,NaN,NaN,0,8.69217704250302,1,0,0,5
74,2001,541,3,NaN,NaN,NaN,0,0,1,0,0,13
74,2001,372,18,NaN,NaN,NaN,0,0,1,0,0,2
74,2001,376,9,NaN,NaN,NaN,0,0,1,1,0,3
74,2001,296,14,NaN,NaN,NaN,0,0,1,1,0,0
74,2001,233,12,NaN,NaN,NaN,0,0,1,1,0,6
74,2001,1130,5,NaN,NaN,NaN,0,0,1,0,0,11
74,2001,1394,18,NaN,NaN,NaN,0,0,1,0,0,15
74,2001,887,21,NaN,NaN,NaN,0,0,1,1,0,4
74,2001,545,7,NaN,NaN,NaN,0,0,1,1,0,4
74,2001,931,3,NaN,NaN,NaN,0,0,1,1,0,13
74,2001,250,7,NaN,NaN,NaN,0,0,1,0,0,15
74,2001,1186,17,NaN,NaN,NaN,0,0,1,1,0,13
74,2001,1196,2,NaN,NaN,NaN,0,0,1,1,0,22
74,2001,308,15,NaN,NaN,NaN,0,0,1,0,0,3
74,2001,151,4,NaN,NaN,NaN,0,0,1,1,0,6
74,2001,1003,21,NaN,NaN,NaN,0,0,1,1,0,0
74,2001,323,8,NaN,NaN,NaN,0,0,1,0,0,13
74,2001,593,14,NaN,NaN,NaN,0,0,1,0,0,3
74,2001,671,16,NaN,NaN,NaN,0,0,1,0,0,0
74,2001,185,13,NaN,NaN,NaN,0,0,1,1,0,5
74,2001,485,17,NaN,NaN,NaN,0,0,1,0,0,6
74,2001,1227,6,NaN,NaN,NaN,0,0,1,1,0,13
74,2001,1144,13,NaN,NaN,NaN,0,0,1,0,0,17
74,2001,1584,21,NaN,NaN,NaN,0,0,1,1,0,8
74,2001,1222,5,NaN,NaN,NaN,0,0,1,0,0,13
74,2001,1038,21,NaN,NaN,NaN,0,0,1,1,0,0
74,2001,634,18,NaN,NaN,NaN,0,0,1,1,0,14
74,2001,554,12,NaN,NaN,NaN,0,0,1,1,0,13
74,2001,1535,5,NaN,NaN,NaN,0,0,1,0,0,0
74,2001,390,21,NaN,NaN,NaN,0,0,1,0,0,20
74,2001,1113,3,NaN,NaN,NaN,0,0,1,1,0,12
74,2001,1457,5,NaN,NaN,NaN,0,0,1,1,0,19
74,2001,625,7,NaN,NaN,NaN,0,0,1,0,0,12
74,2001,907,4,NaN,NaN,NaN,0,0,1,0,0,17
74,2001,20,3,NaN,NaN,NaN,0,0,1,1,0,0
74,2001,1043,11,NaN,NaN,NaN,0,0,1,0,0,16
74,2001,1364,13,NaN,NaN,NaN,0,0,1,0,0,1
74,2001,134,9,NaN,NaN,NaN,0,0,1,0,0,0
74,2001,174,21,NaN,NaN,NaN,0,0,1,0,0,18
74,2001,968,15,NaN,NaN,NaN,0,0,1,1,0,18
74,2001,44,5,NaN,NaN,NaN,0,0,1,1,0,0
74,2001,333,21,NaN,NaN,NaN,0,0,1,1,0,0
74,2001,102,17,NaN,NaN,NaN,0,0,1,1,0,1
74,2001,487,18,NaN,NaN,NaN,0,0,1,1,0,0
74,2001,763,13,NaN,NaN,NaN,0,0,1,1,0,0
74,2001,1497,6,NaN,NaN,NaN,0,0,1,1,0,20
74,2001,461,5,NaN,NaN,NaN,0,0,1,1,0,1
74,2001,128,17,NaN,NaN,NaN,0,0,1,0,0,22
74,2001,729,8,NaN,NaN,NaN,0,0,1,1,0,15
74,2001,925,19,NaN,NaN,NaN,0,0,1,1,0,0
74,2001,1465,21,NaN,NaN,NaN,0,0.109142738777467,1,1,0,3
74,2001,1215,21,NaN,NaN,NaN,0,0,1,1,0,13
74,2001,767,4,NaN,NaN,NaN,0,0,1,1,0,21
74,2001,738,7,NaN,NaN,NaN,0,0,1,0,0,21
74,2001,922,19,NaN,NaN,NaN,0,0,1,1,0,18
74,2001,245,13,NaN,NaN,NaN,0,0,1,1,0,0
74,2001,255,13,NaN,NaN,NaN,0,0,1,0,0,12
74,2001,858,6,NaN,NaN,NaN,0,0,1,0,0,12
74,2001,1599,1,NaN,NaN,NaN,0,0,1,1,0,0
74,2001,447,8,NaN,NaN,NaN,0,0,1,0,0,5
74,2001,1240,13,NaN,NaN,NaN,0,0,1,1,0,0
74,2001,47,22,NaN,NaN,NaN,0,0,1,1,0,18
74,2001,272,9,NaN,NaN,NaN,0,0,1,1,0,3
74,2001,1391,19,NaN,NaN,NaN,0,0,1,1,0,7
74,2001,821,6,NaN,NaN,NaN,0,0,1,1,0,0
74,2001,1034,18,NaN,NaN,NaN,0,0,1,1,0,0
74,2001,1477,10,NaN,NaN,NaN,0,0,1,1,0,1
74,2001,850,12,NaN,NaN,NaN,0,0,1,1,0,0
74,2001,1107,18,NaN,NaN,NaN,0,0,1,0,0,5
74,2001,1356,13,NaN,NaN,NaN,0,0,1,1,0,0
74,2001,1024,14,NaN,NaN,NaN,0,0,1,1,0,0
74,2001,247,12,NaN,NaN,NaN,0,0,1,0,0,16
74,2001,568,17,NaN,NaN,NaN,0,0,1,0,0,16
74,2001,78,13,NaN,NaN,NaN,0,0,1,1,0,0
74,2001,1122,1,NaN,NaN,NaN,0,0,1,1,0,0
74,2001,410,4,NaN,NaN,NaN,0,0,1,0,0,11
74,2001,1598,4,NaN,NaN,NaN,0,0,1,1,0,2
74,2001,182,17,NaN,NaN,NaN,0,0,1,1,0,0
74,2001,16,18,NaN,NaN,NaN,0,0.301552259106777,1,1,0,2
74,2001,722,1,NaN,NaN,NaN,0,0,1,0,0,0
74,2001,1195,1,NaN,NaN,NaN,0,0,1,1,0,5
74,2001,87,20,NaN,NaN,NaN,0,0,1,1,0,0
74,2001,803,16,NaN,NaN,NaN,0,0,1,1,0,0
74,2001,985,1,NaN,NaN,NaN,0,0,1,1,0,0
74,2001,607,17,NaN,NaN,NaN,0,0,1,1,0,11
74,2001,1268,5,NaN,NaN,NaN,0,0,1,1,0,13
74,2001,1229,13,NaN,NaN,NaN,0,0,1,1,0,15
74,2001,813,10,NaN,NaN,NaN,0,0,1,1,0,5
74,2001,978,2,NaN,NaN,NaN,0,0,1,1,0,12
74,2001,690,19,NaN,NaN,NaN,0,0,1,1,0,18
74,2001,80,2,NaN,NaN,NaN,0,0,1,1,0,0
74,2001,347,11,NaN,NaN,NaN,0,0,1,0,0,0
74,2001,276,19,NaN,NaN,NaN,0,0,1,1,0,4
74,2001,1305,13,NaN,NaN,NaN,0,0,1,1,0,0
74,2001,1441,3,NaN,NaN,NaN,0,0,1,1,0,21
74,2001,1264,19,NaN,NaN,NaN,0,0,1,1,0,18
74,2001,595,21,NaN,NaN,NaN,0,0,1,0,0,0
74,2001,1169,21,NaN,NaN,NaN,0,0,1,0,0,9
74,2001,800,7,NaN,NaN,NaN,0,0,1,0,0,0
74,2001,766,10,NaN,NaN,NaN,0,0,1,1,0,22
74,2001,210,9,NaN,NaN,NaN,0,0,1,1,0,17
74,2001,801,18,NaN,NaN,NaN,0,0,1,1,0,5
74,2001,1021,20,NaN,NaN,NaN,0,0,1,1,0,0
74,2001,1199,21,NaN,NaN,NaN,0,0,1,1,0,0
74,2001,183,17,NaN,NaN,NaN,0,0,1,0,0,0
74,2001,1178,19,NaN,NaN,NaN,0,0,1,1,0,17
74,2001,368,21,NaN,NaN,NaN,0,0,1,1,0,7
74,2001,27,21,NaN,NaN,NaN,0,0,1,1,0,12
74,2001,1124,5,NaN,NaN,NaN,0,0,1,1,0,21
74,2001,243,8,NaN,NaN,NaN,0,0,1,1,0,20
74,2001,1580,2,NaN,NaN,NaN,0,0,1,1,0,17
74,2001,267,15,NaN,NaN,NaN,0,0,1,1,0,1
74,2001,427,5,NaN,NaN,NaN,0,0,1,1,0,9
74,2001,544,1,NaN,NaN,NaN,0,0,1,1,0,0
74,2001,1345,4,NaN,NaN,NaN,0,0,1,1,0,5
74,2001,67,4,NaN,NaN,NaN,0,0,1,0,0,17
74,2001,170,15,NaN,NaN,NaN,0,9.99561756700708,1,0,0,0
75,2001,813,5,NaN,NaN,NaN,0,0,1,1,0,12
75,2001,1584,8,NaN,NaN,NaN,0,0,1,1,0,0
75,2001,850,12,NaN,NaN,NaN,0,0,1,1,0,19
75,2001,1497,20,NaN,NaN,NaN,0,0,1,1,0,9
75,2001,1003,21,NaN,NaN,NaN,0,0,1,1,0,16
75,2001,106,2,NaN,NaN,NaN,0,0,1,1,0,9
75,2001,487,18,NaN,NaN,NaN,0,0,1,1,0,0
75,2001,1457,19,NaN,NaN,NaN,0,0,1,1,0,0
75,2001,1465,3,NaN,NaN,NaN,0,0.109142738777467,1,1,0,0
75,2001,390,20,NaN,NaN,NaN,0,0,1,0,0,6
75,2001,447,5,NaN,NaN,NaN,0,0,1,0,0,0
75,2001,1124,21,NaN,NaN,NaN,0,0,1,1,0,4
75,2001,376,3,NaN,NaN,NaN,0,0,1,1,0,0
75,2001,427,9,NaN,NaN,NaN,0,0,1,1,0,16
75,2001,78,13,NaN,NaN,NaN,0,0,1,1,0,0
75,2001,1535,5,NaN,NaN,NaN,0,0,1,0,0,20
75,2001,607,11,NaN,NaN,NaN,0,0,1,1,0,10
75,2001,87,20,NaN,NaN,NaN,0,0,1,1,0,0
75,2001,323,13,NaN,NaN,NaN,0,0,1,0,0,0
75,2001,1196,22,NaN,NaN,NaN,0,0,1,1,0,20
75,2001,1222,13,NaN,NaN,NaN,0,0,1,0,0,0
75,2001,568,16,NaN,NaN,NaN,0,0,1,0,0,0
75,2001,1227,13,NaN,NaN,NaN,0,0,1,1,0,0
75,2001,925,19,NaN,NaN,NaN,0,0,1,1,0,0
75,2001,766,22,NaN,NaN,NaN,0,0,1,1,0,11
75,2001,763,13,NaN,NaN,NaN,0,0,1,1,0,0
75,2001,544,1,NaN,NaN,NaN,0,0,1,1,0,0
75,2001,16,2,NaN,NaN,NaN,0,0.301552259106777,1,1,0,0
75,2001,67,17,NaN,NaN,NaN,0,0,1,0,0,9
75,2001,800,7,NaN,NaN,NaN,0,0,1,0,0,13
75,2001,183,17,NaN,NaN,NaN,0,0,1,0,0,1
75,2001,1144,17,NaN,NaN,NaN,0,0,1,0,0,2
75,2001,250,15,NaN,NaN,NaN,0,0,1,0,0,0
75,2001,134,9,NaN,NaN,NaN,0,0,1,0,0,5
75,2001,1264,18,NaN,NaN,NaN,0,0,1,1,0,0
75,2001,887,4,NaN,NaN,NaN,0,0,1,1,0,0
75,2001,1113,12,NaN,NaN,NaN,0,0,1,1,0,22
75,2001,1021,20,NaN,NaN,NaN,0,0,1,1,0,0
75,2001,801,5,NaN,NaN,NaN,0,0,1,1,0,0
75,2001,1215,13,NaN,NaN,NaN,0,0,1,1,0,0
75,2001,1169,9,NaN,NaN,NaN,0,0,1,0,0,1
75,2001,858,12,NaN,NaN,NaN,0,0,1,0,0,18
75,2001,1229,15,NaN,NaN,NaN,0,0,1,1,0,0
75,2001,128,22,NaN,NaN,NaN,0,0,1,0,0,0
75,2001,671,16,NaN,NaN,NaN,0,0,1,0,0,19
75,2001,20,3,NaN,NaN,NaN,0,0,1,1,0,11
75,2001,368,7,NaN,NaN,NaN,0,0,1,1,0,9
75,2001,1599,1,NaN,NaN,NaN,0,0,1,1,0,12
75,2001,255,12,NaN,NaN,NaN,0,0,1,0,0,10
75,2001,272,3,NaN,NaN,NaN,0,0,1,1,0,11
75,2001,410,11,NaN,NaN,NaN,0,0,1,0,0,0
75,2001,1441,21,NaN,NaN,NaN,0,0,1,1,0,18
75,2001,1122,1,NaN,NaN,NaN,0,0,1,1,0,19
75,2001,1439,8,NaN,NaN,NaN,0,0,1,1,0,13
75,2001,595,21,NaN,NaN,NaN,0,0,1,0,0,6
75,2001,102,1,NaN,NaN,NaN,0,0,1,1,0,0
75,2001,1364,1,NaN,NaN,NaN,0,0,1,0,0,15
75,2001,554,13,NaN,NaN,NaN,0,0,1,1,0,19
75,2001,1199,21,NaN,NaN,NaN,0,0,1,1,0,0
75,2001,210,17,NaN,NaN,NaN,0,0,1,1,0,0
75,2001,333,21,NaN,NaN,NaN,0,0,1,1,0,11
75,2001,1107,5,NaN,NaN,NaN,0,0,1,0,0,0
75,2001,625,12,NaN,NaN,NaN,0,0,1,0,0,15
75,2001,1195,5,NaN,NaN,NaN,0,0,1,1,0,13
75,2001,821,6,NaN,NaN,NaN,0,0,1,1,0,19
75,2001,738,21,NaN,NaN,NaN,0,0,1,0,0,0
75,2001,308,3,NaN,NaN,NaN,0,0,1,0,0,0
75,2001,767,21,NaN,NaN,NaN,0,0,1,1,0,0
75,2001,1186,13,NaN,NaN,NaN,0,0,1,1,0,17
75,2001,347,11,NaN,NaN,NaN,0,0,1,0,0,0
75,2001,296,14,NaN,NaN,NaN,0,0,1,1,0,0
75,2001,485,6,NaN,NaN,NaN,0,0,1,0,0,22
75,2001,722,1,NaN,NaN,NaN,0,0,1,0,0,0
75,2001,1305,13,NaN,NaN,NaN,0,0,1,1,0,0
75,2001,978,12,NaN,NaN,NaN,0,0,1,1,0,0
75,2001,267,1,NaN,NaN,NaN,0,0,1,1,0,6
75,2001,1130,11,NaN,NaN,NaN,0,0,1,0,0,9
75,2001,1240,13,NaN,NaN,NaN,0,0,1,1,0,0
75,2001,1477,1,NaN,NaN,NaN,0,0,1,1,0,21
75,2001,233,6,NaN,NaN,NaN,0,0,1,1,0,22
75,2001,593,3,NaN,NaN,NaN,0,0,1,0,0,0
75,2001,372,2,NaN,NaN,NaN,0,0,1,0,0,5
75,2001,541,13,NaN,NaN,NaN,0,0,1,0,0,0
75,2001,1394,15,NaN,NaN,NaN,0,0,1,0,0,13
75,2001,185,5,NaN,NaN,NaN,0,0,1,1,0,0
75,2001,151,6,NaN,NaN,NaN,0,0,1,1,0,5
75,2001,968,18,NaN,NaN,NaN,0,0,1,1,0,0
75,2001,1034,18,NaN,NaN,NaN,0,0,1,1,0,0
75,2001,276,4,NaN,NaN,NaN,0,0,1,1,0,0
75,2001,1178,17,NaN,NaN,NaN,0,0,1,1,0,0
75,2001,47,18,NaN,NaN,NaN,0,0,1,1,0,22
75,2001,247,16,NaN,NaN,NaN,0,0,1,0,0,6
75,2001,634,14,NaN,NaN,NaN,0,0,1,1,0,0
75,2001,985,1,NaN,NaN,NaN,0,0,1,1,0,19
75,2001,1368,5,NaN,NaN,NaN,0,8.69217704250302,1,1,1,13
75,2001,1043,16,NaN,NaN,NaN,0,0,1,0,0,13
75,2001,745,18,NaN,NaN,NaN,0,0,1,1,0,0
75,2001,1580,17,NaN,NaN,NaN,0,0,1,1,0,7
75,2001,1391,7,NaN,NaN,NaN,0,0,1,1,0,14
75,2001,545,4,NaN,NaN,NaN,0,0,1,1,0,6
75,2001,922,18,NaN,NaN,NaN,0,0,1,1,0,0
75,2001,1345,5,NaN,NaN,NaN,0,0,1,1,0,11
75,2001,182,17,NaN,NaN,NaN,0,0,1,1,0,0
75,2001,80,2,NaN,NaN,NaN,0,0,1,1,0,6
75,2001,243,20,NaN,NaN,NaN,0,0,1,1,0,1
75,2001,803,16,NaN,NaN,NaN,0,0,1,1,0,13
75,2001,245,13,NaN,NaN,NaN,0,0,1,1,0,0
75,2001,534,6,NaN,NaN,NaN,0,0,1,0,0,13
75,2001,461,1,NaN,NaN,NaN,0,0,1,1,0,22
75,2001,1356,13,NaN,NaN,NaN,0,0,1,1,0,0
75,2001,1268,13,NaN,NaN,NaN,0,0,1,1,0,0
75,2001,1598,2,NaN,NaN,NaN,0,0,1,1,0,13
75,2001,27,12,NaN,NaN,NaN,0,0,1,1,0,0
75,2001,729,15,NaN,NaN,NaN,0,0,1,1,0,18
75,2001,170,15,NaN,NaN,NaN,0,9.99561756700708,1,1,1,7
75,2001,44,5,NaN,NaN,NaN,0,0,1,1,0,10
75,2001,1038,21,NaN,NaN,NaN,0,0,1,1,0,0
75,2001,1024,14,NaN,NaN,NaN,0,0,1,1,0,0
75,2001,907,17,NaN,NaN,NaN,0,0,1,0,0,0
75,2001,931,13,NaN,NaN,NaN,0,0,1,1,0,0
75,2001,174,18,NaN,NaN,NaN,0,0,1,0,0,0
76,2001,1169,1,NaN,NaN,NaN,0,0,1,0,0,13
76,2001,80,6,NaN,NaN,NaN,0,0,1,1,0,0
76,2001,1186,17,NaN,NaN,NaN,0,0,1,1,0,21
76,2001,233,22,NaN,NaN,NaN,0,0,1,1,0,0
76,2001,800,13,NaN,NaN,NaN,0,0,1,0,0,6
76,2001,1364,15,NaN,NaN,NaN,0,0,1,0,0,16
76,2001,1196,20,NaN,NaN,NaN,0,0,1,1,0,22
76,2001,323,13,NaN,NaN,NaN,0,0,1,0,0,0
76,2001,1268,13,NaN,NaN,NaN,0,0,1,1,0,11
76,2001,803,13,NaN,NaN,NaN,0,0,1,1,0,0
76,2001,245,13,NaN,NaN,NaN,0,0,1,1,0,0
76,2001,607,10,NaN,NaN,NaN,0,0,1,1,0,11
76,2001,1394,13,NaN,NaN,NaN,0,0,1,0,0,18
76,2001,250,15,NaN,NaN,NaN,0,0,1,0,0,0
76,2001,44,10,NaN,NaN,NaN,0,0,1,1,0,21
76,2001,907,17,NaN,NaN,NaN,0,0,1,0,0,14
76,2001,1199,21,NaN,NaN,NaN,0,0,1,1,0,9
76,2001,410,11,NaN,NaN,NaN,0,0,1,0,0,12
76,2001,27,12,NaN,NaN,NaN,0,0,1,1,0,17
76,2001,887,4,NaN,NaN,NaN,0,0,1,1,0,0
76,2001,1113,22,NaN,NaN,NaN,0,0,1,1,0,21
76,2001,850,19,NaN,NaN,NaN,0,0,1,1,0,12
76,2001,16,2,NaN,NaN,NaN,0,0.301552259106777,1,1,0,0
76,2001,247,6,NaN,NaN,NaN,0,0,1,0,0,0
76,2001,1034,18,NaN,NaN,NaN,0,0,1,1,0,13
76,2001,67,9,NaN,NaN,NaN,0,0,1,0,0,0
76,2001,1465,3,NaN,NaN,NaN,0,0.109142738777467,1,1,0,0
76,2001,151,5,NaN,NaN,NaN,0,0,1,1,0,17
76,2001,1457,19,NaN,NaN,NaN,0,0,1,1,0,18
76,2001,296,14,NaN,NaN,NaN,0,0,1,1,0,0
76,2001,1439,13,NaN,NaN,NaN,0,0,1,1,0,19
76,2001,368,9,NaN,NaN,NaN,0,0,1,1,0,2
76,2001,1144,2,NaN,NaN,NaN,0,0,1,0,0,0
76,2001,1227,13,NaN,NaN,NaN,0,0,1,1,0,0
76,2001,1195,13,NaN,NaN,NaN,0,0,1,1,0,17
76,2001,813,12,NaN,NaN,NaN,0,0,1,1,0,0
76,2001,931,13,NaN,NaN,NaN,0,0,1,1,0,3
76,2001,968,18,NaN,NaN,NaN,0,0,1,1,0,12
76,2001,745,18,NaN,NaN,NaN,0,0,1,1,0,0
76,2001,767,21,NaN,NaN,NaN,0,0,1,1,0,0
76,2001,134,5,NaN,NaN,NaN,0,0,1,0,0,17
76,2001,1599,12,NaN,NaN,NaN,0,0,1,1,0,17
76,2001,801,5,NaN,NaN,NaN,0,0,1,1,0,9
76,2001,722,1,NaN,NaN,NaN,0,0,1,0,0,5
76,2001,1441,18,NaN,NaN,NaN,0,0,1,1,0,0
76,2001,978,12,NaN,NaN,NaN,0,0,1,1,0,5
76,2001,1107,5,NaN,NaN,NaN,0,0,1,0,0,0
76,2001,427,16,NaN,NaN,NaN,0,0,1,1,0,0
76,2001,20,11,NaN,NaN,NaN,0,0,1,1,0,8
76,2001,1345,11,NaN,NaN,NaN,0,0,1,1,0,0
76,2001,102,1,NaN,NaN,NaN,0,0,1,1,0,17
76,2001,545,6,NaN,NaN,NaN,0,0,1,1,0,19
76,2001,1264,18,NaN,NaN,NaN,0,0,1,1,0,5
76,2001,766,11,NaN,NaN,NaN,0,0,1,1,0,17
76,2001,174,18,NaN,NaN,NaN,0,0,1,0,0,0
76,2001,185,5,NaN,NaN,NaN,0,0,1,1,0,0
76,2001,1229,15,NaN,NaN,NaN,0,0,1,1,0,0
76,2001,333,11,NaN,NaN,NaN,0,0,1,1,0,12
76,2001,183,1,NaN,NaN,NaN,0,0,1,0,0,0
76,2001,729,18,NaN,NaN,NaN,0,0,1,1,0,11
76,2001,922,18,NaN,NaN,NaN,0,0,1,1,0,17
76,2001,1021,20,NaN,NaN,NaN,0,0,1,1,0,2
76,2001,447,5,NaN,NaN,NaN,0,0,1,0,0,0
76,2001,671,19,NaN,NaN,NaN,0,0,1,0,0,11
76,2001,593,3,NaN,NaN,NaN,0,0,1,0,0,2
76,2001,1584,8,NaN,NaN,NaN,0,0,1,1,0,0
76,2001,308,3,NaN,NaN,NaN,0,0,1,0,0,0
76,2001,821,19,NaN,NaN,NaN,0,0,1,1,0,16
76,2001,276,4,NaN,NaN,NaN,0,0,1,1,0,8
76,2001,1391,14,NaN,NaN,NaN,0,0,1,1,0,0
76,2001,267,6,NaN,NaN,NaN,0,0,1,1,0,0
76,2001,255,10,NaN,NaN,NaN,0,0,1,0,0,12
76,2001,243,1,NaN,NaN,NaN,0,0,1,1,0,15
76,2001,390,6,NaN,NaN,NaN,0,0,1,0,0,12
76,2001,87,20,NaN,NaN,NaN,0,0,1,1,0,14
76,2001,1122,19,NaN,NaN,NaN,0,0,1,1,0,13
76,2001,1124,4,NaN,NaN,NaN,0,0,1,1,0,6
76,2001,1580,7,NaN,NaN,NaN,0,0,1,1,0,13
76,2001,1024,14,NaN,NaN,NaN,0,0,1,1,0,17
76,2001,461,22,NaN,NaN,NaN,0,0,1,1,0,16
76,2001,485,22,NaN,NaN,NaN,0,0,1,0,0,12
76,2001,347,11,NaN,NaN,NaN,0,0,1,0,0,5
76,2001,47,22,NaN,NaN,NaN,0,0,1,1,0,21
76,2001,170,7,NaN,NaN,NaN,0,0,1,0,0,15
76,2001,1240,13,NaN,NaN,NaN,0,0,1,1,0,5
76,2001,1477,21,NaN,NaN,NaN,0,0,1,1,0,14
76,2001,634,14,NaN,NaN,NaN,0,0,1,1,0,21
76,2001,541,13,NaN,NaN,NaN,0,0,1,0,0,0
76,2001,544,1,NaN,NaN,NaN,0,0,1,1,0,20
76,2001,376,3,NaN,NaN,NaN,0,0,1,1,0,9
76,2001,1178,17,NaN,NaN,NaN,0,0,1,1,0,0
76,2001,1598,13,NaN,NaN,NaN,0,0,1,1,0,0
76,2001,487,18,NaN,NaN,NaN,0,0,1,1,0,0
76,2001,1305,13,NaN,NaN,NaN,0,0,1,1,0,8
76,2001,985,19,NaN,NaN,NaN,0,0,1,1,0,0
76,2001,1130,9,NaN,NaN,NaN,0,0,1,0,0,0
76,2001,738,21,NaN,NaN,NaN,0,0,1,0,0,0
76,2001,1043,13,NaN,NaN,NaN,0,0,1,0,0,0
76,2001,1215,13,NaN,NaN,NaN,0,0,1,1,0,20
76,2001,1222,13,NaN,NaN,NaN,0,0,1,0,0,0
76,2001,1497,9,NaN,NaN,NaN,0,0,1,1,0,2
76,2001,182,17,NaN,NaN,NaN,0,0,1,1,0,0
76,2001,534,13,NaN,NaN,NaN,0,0,1,0,0,0
76,2001,1003,16,NaN,NaN,NaN,0,0,1,1,0,17
76,2001,858,18,NaN,NaN,NaN,0,0,1,0,0,1
76,2001,372,5,NaN,NaN,NaN,0,0,1,0,0,0
76,2001,272,11,NaN,NaN,NaN,0,0,1,1,0,14
76,2001,78,13,NaN,NaN,NaN,0,0,1,1,0,0
76,2001,106,9,NaN,NaN,NaN,0,0,1,1,0,22
76,2001,925,19,NaN,NaN,NaN,0,0,1,1,0,0
76,2001,625,15,NaN,NaN,NaN,0,0,1,0,0,5
76,2001,128,22,NaN,NaN,NaN,0,0,1,0,0,0
76,2001,1356,13,NaN,NaN,NaN,0,0,1,1,0,0
76,2001,568,16,NaN,NaN,NaN,0,0,1,0,0,0
76,2001,1368,13,NaN,NaN,NaN,0,0,1,0,0,5
76,2001,595,6,NaN,NaN,NaN,0,0,1,0,0,4
76,2001,763,13,NaN,NaN,NaN,0,0,1,1,0,5
76,2001,210,17,NaN,NaN,NaN,0,0,1,1,0,4
76,2001,554,19,NaN,NaN,NaN,0,0,1,1,0,20
76,2001,1535,20,NaN,NaN,NaN,0,0,1,0,0,5
76,2001,1038,21,NaN,NaN,NaN,0,0,1,1,0,0
77,2001,534,13,NaN,NaN,NaN,0,5.8921188744276,1,1,1,6
77,2001,250,15,NaN,NaN,NaN,0,7.64725515998491,1,1,1,13
77,2001,243,15,NaN,NaN,NaN,0,0,1,1,0,0
77,2001,767,21,NaN,NaN,NaN,0,0,1,1,0,12
77,2001,931,3,NaN,NaN,NaN,0,0,1,1,0,0
77,2001,78,13,NaN,NaN,NaN,0,0,1,1,0,0
77,2001,803,13,NaN,NaN,NaN,0,0,1,1,0,0
77,2001,376,9,NaN,NaN,NaN,0,0,1,1,0,17
77,2001,745,18,NaN,NaN,NaN,0,0,1,1,0,0
77,2001,593,2,NaN,NaN,NaN,0,0,1,1,0,0
77,2001,245,13,NaN,NaN,NaN,0,0,1,1,0,0
77,2001,255,12,NaN,NaN,NaN,0,0,1,1,0,0
77,2001,447,5,NaN,NaN,NaN,0,3.9339553714781,1,1,1,3
77,2001,1477,14,NaN,NaN,NaN,0,0,1,1,0,0
77,2001,763,5,NaN,NaN,NaN,0,0,1,1,0,12
77,2001,1465,3,NaN,NaN,NaN,0,0,1,1,0,0
77,2001,1264,5,NaN,NaN,NaN,0,0,1,1,0,13
77,2001,1199,9,NaN,NaN,NaN,0,0,1,1,0,4
77,2001,267,6,NaN,NaN,NaN,0,0,1,1,0,15
77,2001,1122,13,NaN,NaN,NaN,0,0,1,1,0,1
77,2001,347,5,NaN,NaN,NaN,0,0,1,1,0,0
77,2001,1003,17,NaN,NaN,NaN,0,0,1,1,0,0
77,2001,390,12,NaN,NaN,NaN,0,0,1,1,0,22
77,2001,1305,8,NaN,NaN,NaN,0,0,1,1,0,13
77,2001,128,22,NaN,NaN,NaN,0,0,1,1,0,16
77,2001,410,12,NaN,NaN,NaN,0,0,1,1,0,9
77,2001,106,22,NaN,NaN,NaN,0,0,1,1,0,9
77,2001,801,9,NaN,NaN,NaN,0,0,1,1,0,21
77,2001,738,21,NaN,NaN,NaN,0,3.2646259832848,1,1,1,7
77,2001,1113,21,NaN,NaN,NaN,0,0,1,1,0,1
77,2001,1144,2,NaN,NaN,NaN,0,6.05501015731648,1,1,1,13
77,2001,766,17,NaN,NaN,NaN,0,0,1,1,0,11
77,2001,1391,14,NaN,NaN,NaN,0,0,1,1,0,0
77,2001,174,18,NaN,NaN,NaN,0,4.92084563243767,1,1,1,15
77,2001,233,22,NaN,NaN,NaN,0,0,1,1,0,18
77,2001,247,6,NaN,NaN,NaN,0,0,1,1,0,0
77,2001,541,13,NaN,NaN,NaN,0,3.47656138966449,1,1,1,11
77,2001,427,16,NaN,NaN,NaN,0,0,1,1,0,12
77,2001,671,11,NaN,NaN,NaN,0,0,1,1,0,2
77,2001,183,1,NaN,NaN,NaN,0,0,1,1,0,13
77,2001,722,5,NaN,NaN,NaN,0,0,1,1,0,0
77,2001,170,15,NaN,NaN,NaN,0,7.3385559308515,1,0,0,0
77,2001,1195,17,NaN,NaN,NaN,0,0,1,1,0,13
77,2001,272,14,NaN,NaN,NaN,0,0,1,1,0,0
77,2001,1222,13,NaN,NaN,NaN,0,6.47175450847122,1,1,1,5
77,2001,16,2,NaN,NaN,NaN,0,6.75042099056572,1,1,1,18
77,2001,800,6,NaN,NaN,NaN,0,0,1,1,0,1
77,2001,1364,16,NaN,NaN,NaN,0,0,1,1,0,15
77,2001,1457,18,NaN,NaN,NaN,0,0,1,1,0,10
77,2001,210,4,NaN,NaN,NaN,0,0.68459529503722,1,1,0,0
77,2001,634,21,NaN,NaN,NaN,0,3.03304500080091,1,1,1,18
77,2001,1130,9,NaN,NaN,NaN,0,0,1,1,0,0
77,2001,887,4,NaN,NaN,NaN,0,0,1,1,0,0
77,2001,182,17,NaN,NaN,NaN,0,0,1,1,0,15
77,2001,1439,19,NaN,NaN,NaN,0,0,1,1,0,0
77,2001,1345,11,NaN,NaN,NaN,0,0,1,1,0,0
77,2001,1268,11,NaN,NaN,NaN,0,0,1,1,0,5
77,2001,1441,18,NaN,NaN,NaN,0,0,1,1,0,8
77,2001,67,9,NaN,NaN,NaN,0,1.57585503271173,1,1,1,21
77,2001,372,5,NaN,NaN,NaN,0,1.91258756455399,1,1,1,11
77,2001,276,8,NaN,NaN,NaN,0,0,1,1,0,4
77,2001,1024,17,NaN,NaN,NaN,0,0,1,1,0,12
77,2001,554,20,NaN,NaN,NaN,0,0,1,1,0,19
77,2001,1196,22,NaN,NaN,NaN,0,0,1,1,0,18
77,2001,545,19,NaN,NaN,NaN,0,0,1,1,0,0
77,2001,978,5,NaN,NaN,NaN,0,0,1,1,0,0
77,2001,134,17,NaN,NaN,NaN,0,6.66956086169959,1,1,1,5
77,2001,729,11,NaN,NaN,NaN,0,0,1,1,0,18
77,2001,1394,18,NaN,NaN,NaN,0,4.3756622140814,1,1,1,13
77,2001,858,1,NaN,NaN,NaN,0,1.4995919685996,1,1,1,8
77,2001,1368,5,NaN,NaN,NaN,0,6.74017046621115,1,0,0,0
77,2001,1599,17,NaN,NaN,NaN,0,0,1,1,0,9
77,2001,1215,20,NaN,NaN,NaN,0,0,1,1,0,19
77,2001,1598,13,NaN,NaN,NaN,0,0.653025702003999,1,1,0,18
77,2001,20,8,NaN,NaN,NaN,0,0,1,1,0,17
77,2001,568,16,NaN,NaN,NaN,0,5.30050115873834,1,1,1,5
77,2001,333,12,NaN,NaN,NaN,0,0,1,1,0,21
77,2001,1227,13,NaN,NaN,NaN,0,0,1,1,0,0
77,2001,461,16,NaN,NaN,NaN,0,0,1,1,0,0
77,2001,1124,6,NaN,NaN,NaN,0,0,1,1,0,4
77,2001,922,17,NaN,NaN,NaN,0,0,1,1,0,12
77,2001,813,12,NaN,NaN,NaN,0,0,1,1,0,7
77,2001,1178,17,NaN,NaN,NaN,0,0,1,1,0,0
77,2001,968,12,NaN,NaN,NaN,0,0,1,1,0,1
77,2001,485,12,NaN,NaN,NaN,0,8.01644646210187,1,1,1,8
77,2001,323,13,NaN,NaN,NaN,0,6.42117301358652,1,1,1,2
77,2001,1229,15,NaN,NaN,NaN,0,0,1,1,0,8
77,2001,1584,8,NaN,NaN,NaN,0,0,1,1,0,17
77,2001,607,11,NaN,NaN,NaN,0,0,1,1,0,17
77,2001,850,12,NaN,NaN,NaN,0,0,1,1,0,8
77,2001,1043,13,NaN,NaN,NaN,0,6.41569822448145,1,1,1,16
77,2001,821,16,NaN,NaN,NaN,0,0,1,1,0,0
77,2001,47,21,NaN,NaN,NaN,0,0,1,1,0,13
77,2001,27,17,NaN,NaN,NaN,0,0,1,1,0,21
77,2001,487,18,NaN,NaN,NaN,0,0,1,1,0,0
77,2001,925,19,NaN,NaN,NaN,0,0,1,1,0,0
77,2001,1107,5,NaN,NaN,NaN,0,7.85553226564299,1,1,1,17
77,2001,625,5,NaN,NaN,NaN,0,0.568538244872888,1,1,0,17
77,2001,80,6,NaN,NaN,NaN,0,0,1,1,0,0
77,2001,1169,13,NaN,NaN,NaN,0,0,1,1,0,0
77,2001,1580,13,NaN,NaN,NaN,0,0,1,1,0,4
77,2001,1356,13,NaN,NaN,NaN,0,2.68147592896501,1,1,1,5
77,2001,151,17,NaN,NaN,NaN,0,6.50257035311953,1,1,1,9
77,2001,185,5,NaN,NaN,NaN,0,0,1,1,0,0
77,2001,1240,5,NaN,NaN,NaN,0,6.55978966384889,1,1,1,21
77,2001,1535,5,NaN,NaN,NaN,0,4.68239510426379,1,1,1,8
77,2001,1497,2,NaN,NaN,NaN,0,0,1,1,0,1
77,2001,1034,13,NaN,NaN,NaN,0,0,1,1,0,18
77,2001,907,14,NaN,NaN,NaN,0,6.11179845001017,1,1,1,12
77,2001,985,19,NaN,NaN,NaN,0,0,1,1,0,0
77,2001,296,14,NaN,NaN,NaN,0,0,1,1,0,13
77,2001,1038,21,NaN,NaN,NaN,0,3.91751761741399,1,1,1,12
77,2001,544,20,NaN,NaN,NaN,0,0,1,1,0,1
77,2001,1186,21,NaN,NaN,NaN,0,1.24428736876975,1,1,1,5
77,2001,1021,2,NaN,NaN,NaN,0,0,1,1,0,20
77,2001,102,17,NaN,NaN,NaN,0,0,1,1,0,1
77,2001,44,21,NaN,NaN,NaN,0,0,1,1,0,5
77,2001,87,14,NaN,NaN,NaN,0,0,1,1,0,20
77,2001,308,3,NaN,NaN,NaN,0,8.01783483864244,1,1,1,15
78,2002,534,6,NaN,NaN,NaN,0,0,1,0,0,13
78,2002,276,4,NaN,NaN,NaN,0,0,1,1,0,0
78,2002,267,15,NaN,NaN,NaN,0,0,1,1,0,4
78,2002,800,1,NaN,NaN,NaN,0,0,1,1,0,0
78,2002,1477,14,NaN,NaN,NaN,0,0,1,1,0,7
78,2002,1169,13,NaN,NaN,NaN,0,0,1,1,0,10
78,2002,1227,13,NaN,NaN,NaN,0,0,1,1,0,11
78,2002,968,1,NaN,NaN,NaN,0,0,1,1,0,0
78,2002,722,5,NaN,NaN,NaN,0,0,1,1,0,18
78,2002,593,2,NaN,NaN,NaN,0,0,1,1,0,11
78,2002,763,12,NaN,NaN,NaN,0,0,1,1,0,0
78,2002,625,17,NaN,NaN,NaN,0,0.568538244872888,1,1,0,13
78,2002,1580,4,NaN,NaN,NaN,0,0,1,1,0,10
78,2002,607,17,NaN,NaN,NaN,0,0,1,1,0,11
78,2002,1465,3,NaN,NaN,NaN,0,0,1,1,0,0
78,2002,44,5,NaN,NaN,NaN,0,0,1,1,0,0
78,2002,183,13,NaN,NaN,NaN,0,0,1,1,0,0
78,2002,738,7,NaN,NaN,NaN,0,0,1,0,0,21
78,2002,634,18,NaN,NaN,NaN,0,0,1,0,0,8
78,2002,233,18,NaN,NaN,NaN,0,0,1,1,0,13
78,2002,245,13,NaN,NaN,NaN,0,0,1,1,0,0
78,2002,80,6,NaN,NaN,NaN,0,0,1,1,0,0
78,2002,745,18,NaN,NaN,NaN,0,0,1,1,0,0
78,2002,858,8,NaN,NaN,NaN,0,0,1,0,0,0
78,2002,671,2,NaN,NaN,NaN,0,0,1,1,0,1
78,2002,1178,17,NaN,NaN,NaN,0,0,1,1,0,0
78,2002,1113,1,NaN,NaN,NaN,0,0,1,1,0,0
78,2002,308,15,NaN,NaN,NaN,0,0,1,0,0,0
78,2002,1222,5,NaN,NaN,NaN,0,0,1,0,0,13
78,2002,978,5,NaN,NaN,NaN,0,0,1,1,0,14
78,2002,106,9,NaN,NaN,NaN,0,0,1,1,0,0
78,2002,1268,5,NaN,NaN,NaN,0,0,1,1,0,0
78,2002,210,4,NaN,NaN,NaN,0,0.68459529503722,1,1,0,0
78,2002,922,12,NaN,NaN,NaN,0,0,1,1,0,18
78,2002,1368,5,NaN,NaN,NaN,0,6.74017046621115,1,0,0,13
78,2002,347,5,NaN,NaN,NaN,0,0,1,1,0,13
78,2002,1122,1,NaN,NaN,NaN,0,0,1,1,0,9
78,2002,333,21,NaN,NaN,NaN,0,0,1,1,0,0
78,2002,931,3,NaN,NaN,NaN,0,0,1,1,0,0
78,2002,390,22,NaN,NaN,NaN,0,0,1,1,0,0
78,2002,16,18,NaN,NaN,NaN,0,0,1,0,0,2
78,2002,766,11,NaN,NaN,NaN,0,0,1,1,0,0
78,2002,247,6,NaN,NaN,NaN,0,0,1,1,0,0
78,2002,485,8,NaN,NaN,NaN,0,0,1,0,0,12
78,2002,850,8,NaN,NaN,NaN,0,0,1,1,0,3
78,2002,372,11,NaN,NaN,NaN,0,0,1,0,0,0
78,2002,296,13,NaN,NaN,NaN,0,0,1,1,0,14
78,2002,1130,9,NaN,NaN,NaN,0,0,1,1,0,6
78,2002,67,21,NaN,NaN,NaN,0,0,1,0,0,9
78,2002,1356,5,NaN,NaN,NaN,0,0,1,0,0,15
78,2002,427,12,NaN,NaN,NaN,0,0,1,1,0,0
78,2002,887,4,NaN,NaN,NaN,0,0,1,1,0,0
78,2002,1535,8,NaN,NaN,NaN,0,0,1,0,0,4
78,2002,134,5,NaN,NaN,NaN,0,0,1,0,0,16
78,2002,376,17,NaN,NaN,NaN,0,0,1,1,0,11
78,2002,1196,18,NaN,NaN,NaN,0,0,1,1,0,4
78,2002,1003,17,NaN,NaN,NaN,0,0,1,1,0,15
78,2002,185,5,NaN,NaN,NaN,0,0,1,1,0,0
78,2002,1021,20,NaN,NaN,NaN,0,0,1,1,0,0
78,2002,554,19,NaN,NaN,NaN,0,0,1,1,0,16
78,2002,821,16,NaN,NaN,NaN,0,0,1,1,0,0
78,2002,1043,16,NaN,NaN,NaN,0,0,1,0,0,13
78,2002,541,11,NaN,NaN,NaN,0,0,1,0,0,13
78,2002,487,18,NaN,NaN,NaN,0,0,1,1,0,14
78,2002,907,12,NaN,NaN,NaN,0,0,1,0,0,0
78,2002,1584,17,NaN,NaN,NaN,0,0,1,1,0,8
78,2002,1124,4,NaN,NaN,NaN,0,0,1,1,0,9
78,2002,323,2,NaN,NaN,NaN,0,0,1,0,0,13
78,2002,1497,1,NaN,NaN,NaN,0,0,1,1,0,2
78,2002,1457,10,NaN,NaN,NaN,0,0,1,1,0,0
78,2002,1599,9,NaN,NaN,NaN,0,0,1,1,0,20
78,2002,174,15,NaN,NaN,NaN,0,0,1,0,0,0
78,2002,803,13,NaN,NaN,NaN,0,0,1,1,0,14
78,2002,801,21,NaN,NaN,NaN,0,0,1,1,0,5
78,2002,568,5,NaN,NaN,NaN,0,0,1,0,0,0
78,2002,20,17,NaN,NaN,NaN,0,0,1,1,0,1
78,2002,925,19,NaN,NaN,NaN,0,0,1,1,0,0
78,2002,545,19,NaN,NaN,NaN,0,0,1,1,0,0
78,2002,1264,13,NaN,NaN,NaN,0,0,1,1,0,22
78,2002,461,16,NaN,NaN,NaN,0,0,1,1,0,0
78,2002,1441,8,NaN,NaN,NaN,0,0,1,1,0,2
78,2002,1345,11,NaN,NaN,NaN,0,0,1,1,0,7
78,2002,1240,21,NaN,NaN,NaN,0,0,1,0,0,5
78,2002,1215,19,NaN,NaN,NaN,0,0,1,1,0,0
78,2002,170,15,NaN,NaN,NaN,0,7.3385559308515,1,0,0,0
78,2002,1305,13,NaN,NaN,NaN,0,0,1,1,0,1
78,2002,151,9,NaN,NaN,NaN,0,0,1,0,0,1
78,2002,250,13,NaN,NaN,NaN,0,0,1,0,0,8
78,2002,47,13,NaN,NaN,NaN,0,0,1,1,0,22
78,2002,1195,13,NaN,NaN,NaN,0,0,1,1,0,16
78,2002,447,3,NaN,NaN,NaN,0,0,1,0,0,5
78,2002,1186,5,NaN,NaN,NaN,0,0,1,0,0,17
78,2002,128,16,NaN,NaN,NaN,0,0,1,1,0,22
78,2002,272,14,NaN,NaN,NaN,0,0,1,1,0,0
78,2002,1144,13,NaN,NaN,NaN,0,0,1,0,0,6
78,2002,1024,12,NaN,NaN,NaN,0,0,1,1,0,0
78,2002,544,1,NaN,NaN,NaN,0,0,1,1,0,0
78,2002,1199,4,NaN,NaN,NaN,0,0,1,1,0,11
78,2002,1107,17,NaN,NaN,NaN,0,0,1,0,0,5
78,2002,1038,12,NaN,NaN,NaN,0,0,1,0,0,21
78,2002,813,7,NaN,NaN,NaN,0,0,1,1,0,0
78,2002,1229,8,NaN,NaN,NaN,0,0,1,1,0,0
78,2002,87,20,NaN,NaN,NaN,0,0,1,1,0,15
78,2002,410,9,NaN,NaN,NaN,0,0,1,1,0,11
78,2002,27,21,NaN,NaN,NaN,0,0,1,1,0,19
78,2002,767,12,NaN,NaN,NaN,0,0,1,1,0,9
78,2002,255,12,NaN,NaN,NaN,0,0,1,1,0,20
78,2002,102,1,NaN,NaN,NaN,0,0,1,1,0,3
78,2002,985,19,NaN,NaN,NaN,0,0,1,1,0,15
78,2002,1034,18,NaN,NaN,NaN,0,0,1,1,0,0
78,2002,1391,14,NaN,NaN,NaN,0,0,1,1,0,0
78,2002,1364,15,NaN,NaN,NaN,0,0,1,1,0,1
78,2002,729,18,NaN,NaN,NaN,0,0,1,1,0,12
78,2002,1598,18,NaN,NaN,NaN,0,0.653025702003999,1,1,0,20
78,2002,1439,19,NaN,NaN,NaN,0,0,1,1,0,13
78,2002,1394,13,NaN,NaN,NaN,0,0,1,0,0,0
78,2002,182,15,NaN,NaN,NaN,0,0,1,1,0,13
78,2002,243,15,NaN,NaN,NaN,0,0,1,1,0,20
79,2002,347,13,NaN,NaN,NaN,0,0,1,1,0,0
79,2002,47,22,NaN,NaN,NaN,0,0,1,1,0,18
79,2002,1215,19,NaN,NaN,NaN,0,0,1,1,0,0
79,2002,1122,9,NaN,NaN,NaN,0,0,1,1,0,0
79,2002,1477,7,NaN,NaN,NaN,0,0,1,1,0,16
79,2002,1240,5,NaN,NaN,NaN,0,0,1,0,0,0
79,2002,1356,15,NaN,NaN,NaN,0,0,1,0,0,0
79,2002,247,6,NaN,NaN,NaN,0,0,1,1,0,0
79,2002,968,1,NaN,NaN,NaN,0,0,1,1,0,5
79,2002,487,14,NaN,NaN,NaN,0,0,1,1,0,10
79,2002,1465,3,NaN,NaN,NaN,0,0,1,1,0,0
79,2002,461,16,NaN,NaN,NaN,0,0,1,1,0,0
79,2002,1497,2,NaN,NaN,NaN,0,0,1,1,0,9
79,2002,16,2,NaN,NaN,NaN,0,0,1,0,0,0
79,2002,390,22,NaN,NaN,NaN,0,0,1,1,0,20
79,2002,1457,10,NaN,NaN,NaN,0,0,1,1,0,19
79,2002,931,3,NaN,NaN,NaN,0,0,1,1,0,18
79,2002,1222,13,NaN,NaN,NaN,0,0,1,0,0,0
79,2002,813,7,NaN,NaN,NaN,0,0,1,1,0,12
79,2002,907,12,NaN,NaN,NaN,0,0,1,0,0,0
79,2002,766,11,NaN,NaN,NaN,0,0,1,1,0,0
79,2002,1043,13,NaN,NaN,NaN,0,0,1,0,0,0
79,2002,1199,11,NaN,NaN,NaN,0,0,1,1,0,0
79,2002,671,1,NaN,NaN,NaN,0,0,1,1,0,20
79,2002,1186,17,NaN,NaN,NaN,0,0,1,0,0,8
79,2002,243,20,NaN,NaN,NaN,0,0,1,1,0,1
79,2002,1441,2,NaN,NaN,NaN,0,0,1,1,0,0
79,2002,1598,20,NaN,NaN,NaN,0,0.653025702003999,1,1,0,0
79,2002,634,8,NaN,NaN,NaN,0,0,1,0,0,17
79,2002,1305,1,NaN,NaN,NaN,0,0,1,1,0,13
79,2002,607,11,NaN,NaN,NaN,0,0,1,1,0,17
79,2002,858,8,NaN,NaN,NaN,0,0,1,0,0,1
79,2002,593,11,NaN,NaN,NaN,0,0,1,1,0,5
79,2002,800,1,NaN,NaN,NaN,0,0,1,1,0,0
79,2002,174,15,NaN,NaN,NaN,0,0,1,0,0,13
79,2002,887,4,NaN,NaN,NaN,0,0,1,1,0,0
79,2002,1034,18,NaN,NaN,NaN,0,0,1,1,0,12
79,2002,1196,4,NaN,NaN,NaN,0,0,1,1,0,0
79,2002,485,12,NaN,NaN,NaN,0,0,1,0,0,0
79,2002,80,6,NaN,NaN,NaN,0,0,1,1,0,12
79,2002,801,5,NaN,NaN,NaN,0,0,1,1,0,12
79,2002,410,11,NaN,NaN,NaN,0,0,1,1,0,0
79,2002,1024,12,NaN,NaN,NaN,0,0,1,1,0,6
79,2002,625,13,NaN,NaN,NaN,0,0.568538244872888,1,1,0,21
79,2002,1264,22,NaN,NaN,NaN,0,0,1,1,0,14
79,2002,803,14,NaN,NaN,NaN,0,0,1,1,0,1
79,2002,185,5,NaN,NaN,NaN,0,0,1,1,0,0
79,2002,128,22,NaN,NaN,NaN,0,0,1,1,0,0
79,2002,323,13,NaN,NaN,NaN,0,0,1,0,0,0
79,2002,568,5,NaN,NaN,NaN,0,0,1,0,0,0
79,2002,1107,5,NaN,NaN,NaN,0,0,1,0,0,0
79,2002,333,21,NaN,NaN,NaN,0,0,1,1,0,15
79,2002,554,16,NaN,NaN,NaN,0,0,1,1,0,0
79,2002,376,11,NaN,NaN,NaN,0,0,1,1,0,2
79,2002,1439,13,NaN,NaN,NaN,0,0,1,1,0,0
79,2002,763,12,NaN,NaN,NaN,0,0,1,1,0,1
79,2002,296,14,NaN,NaN,NaN,0,0,1,1,0,0
79,2002,544,1,NaN,NaN,NaN,0,0,1,1,0,0
79,2002,545,19,NaN,NaN,NaN,0,0,1,1,0,18
79,2002,44,5,NaN,NaN,NaN,0,0,1,1,0,0
79,2002,250,8,NaN,NaN,NaN,0,0,1,0,0,15
79,2002,722,18,NaN,NaN,NaN,0,0,1,1,0,0
79,2002,1368,13,NaN,NaN,NaN,0,6.74017046621115,1,1,1,5
79,2002,170,15,NaN,NaN,NaN,0,7.3385559308515,1,1,1,9
79,2002,1144,6,NaN,NaN,NaN,0,0,1,0,0,11
79,2002,20,1,NaN,NaN,NaN,0,0,1,1,0,5
79,2002,534,13,NaN,NaN,NaN,0,0,1,0,0,0
79,2002,922,18,NaN,NaN,NaN,0,0,1,1,0,17
79,2002,1169,10,NaN,NaN,NaN,0,0,1,1,0,0
79,2002,925,19,NaN,NaN,NaN,0,0,1,1,0,0
79,2002,1535,4,NaN,NaN,NaN,0,0,1,0,0,6
79,2002,1130,6,NaN,NaN,NaN,0,0,1,1,0,0
79,2002,1227,11,NaN,NaN,NaN,0,0,1,1,0,19
79,2002,1268,5,NaN,NaN,NaN,0,0,1,1,0,11
79,2002,267,4,NaN,NaN,NaN,0,0,1,1,0,15
79,2002,183,13,NaN,NaN,NaN,0,0,1,1,0,18
79,2002,245,13,NaN,NaN,NaN,0,0,1,1,0,0
79,2002,850,3,NaN,NaN,NaN,0,0,1,1,0,0
79,2002,821,16,NaN,NaN,NaN,0,0,1,1,0,6
79,2002,1178,17,NaN,NaN,NaN,0,0,1,1,0,0
79,2002,1229,8,NaN,NaN,NaN,0,0,1,1,0,0
79,2002,447,5,NaN,NaN,NaN,0,0,1,0,0,0
79,2002,1364,1,NaN,NaN,NaN,0,0,1,1,0,0
79,2002,541,13,NaN,NaN,NaN,0,0,1,0,0,0
79,2002,729,12,NaN,NaN,NaN,0,0,1,1,0,21
79,2002,738,21,NaN,NaN,NaN,0,0,1,0,0,0
79,2002,210,4,NaN,NaN,NaN,0,0.68459529503722,1,1,0,17
79,2002,767,9,NaN,NaN,NaN,0,0,1,1,0,0
79,2002,985,15,NaN,NaN,NaN,0,0,1,1,0,0
79,2002,1113,1,NaN,NaN,NaN,0,0,1,1,0,6
79,2002,276,4,NaN,NaN,NaN,0,0,1,1,0,16
79,2002,134,16,NaN,NaN,NaN,0,0,1,0,0,0
79,2002,182,13,NaN,NaN,NaN,0,0,1,1,0,0
79,2002,27,19,NaN,NaN,NaN,0,0,1,1,0,17
79,2002,151,1,NaN,NaN,NaN,0,0,1,0,0,10
79,2002,745,18,NaN,NaN,NaN,0,0,1,1,0,8
79,2002,1394,13,NaN,NaN,NaN,0,0,1,0,0,0
79,2002,1584,8,NaN,NaN,NaN,0,0,1,1,0,0
79,2002,102,3,NaN,NaN,NaN,0,0,1,1,0,5
79,2002,427,12,NaN,NaN,NaN,0,0,1,1,0,0
79,2002,272,14,NaN,NaN,NaN,0,0,1,1,0,0
79,2002,233,13,NaN,NaN,NaN,0,0,1,1,0,20
79,2002,1003,15,NaN,NaN,NaN,0,0,1,1,0,2
79,2002,1195,16,NaN,NaN,NaN,0,0,1,1,0,0
79,2002,1391,14,NaN,NaN,NaN,0,0,1,1,0,21
79,2002,308,15,NaN,NaN,NaN,0,0,1,0,0,3
79,2002,87,15,NaN,NaN,NaN,0,0,1,1,0,14
79,2002,67,9,NaN,NaN,NaN,0,0,1,0,0,5
79,2002,1038,21,NaN,NaN,NaN,0,0,1,0,0,0
79,2002,1124,9,NaN,NaN,NaN,0,0,1,1,0,6
79,2002,372,11,NaN,NaN,NaN,0,0,1,0,0,0
79,2002,1580,10,NaN,NaN,NaN,0,0,1,1,0,12
79,2002,1021,20,NaN,NaN,NaN,0,0,1,1,0,0
79,2002,978,14,NaN,NaN,NaN,0,0,1,1,0,22
79,2002,1345,7,NaN,NaN,NaN,0,0,1,1,0,0
79,2002,255,20,NaN,NaN,NaN,0,0,1,1,0,1
79,2002,106,9,NaN,NaN,NaN,0,0,1,1,0,8
79,2002,1599,20,NaN,NaN,NaN,0,0,1,1,0,12
80,2002,803,1,NaN,NaN,NaN,0,0,1,1,0,0
80,2002,545,18,NaN,NaN,NaN,0,0,1,1,0,0
80,2002,534,13,NaN,NaN,NaN,0,0,1,0,0,0
80,2002,766,11,NaN,NaN,NaN,0,0,1,1,0,0
80,2002,296,14,NaN,NaN,NaN,0,0,1,1,0,0
80,2002,170,9,NaN,NaN,NaN,0,0,1,0,0,15
80,2002,427,12,NaN,NaN,NaN,0,0,1,1,0,2
80,2002,858,1,NaN,NaN,NaN,0,0,1,0,0,0
80,2002,210,17,NaN,NaN,NaN,0,0.68459529503722,1,1,0,9
80,2002,568,5,NaN,NaN,NaN,0,0,1,0,0,19
80,2002,978,22,NaN,NaN,NaN,0,0,1,1,0,12
80,2002,245,13,NaN,NaN,NaN,0,0,1,1,0,14
80,2002,763,1,NaN,NaN,NaN,0,0,1,1,0,14
80,2002,1043,13,NaN,NaN,NaN,0,0,1,0,0,0
80,2002,1264,14,NaN,NaN,NaN,0,0,1,1,0,13
80,2002,106,8,NaN,NaN,NaN,0,0,1,1,0,0
80,2002,151,10,NaN,NaN,NaN,0,0,1,0,0,21
80,2002,485,12,NaN,NaN,NaN,0,0,1,0,0,0
80,2002,745,8,NaN,NaN,NaN,0,0,1,1,0,15
80,2002,272,14,NaN,NaN,NaN,0,0,1,1,0,0
80,2002,1024,6,NaN,NaN,NaN,0,0,1,1,0,19
80,2002,1439,13,NaN,NaN,NaN,0,0,1,1,0,0
80,2002,243,1,NaN,NaN,NaN,0,0,1,1,0,11
80,2002,554,16,NaN,NaN,NaN,0,0,1,1,0,13
80,2002,461,16,NaN,NaN,NaN,0,0,1,1,0,3
80,2002,931,18,NaN,NaN,NaN,0,0,1,1,0,0
80,2002,1457,19,NaN,NaN,NaN,0,0,1,1,0,7
80,2002,821,6,NaN,NaN,NaN,0,0,1,1,0,7
80,2002,625,21,NaN,NaN,NaN,0,0.568538244872888,1,1,0,17
80,2002,128,22,NaN,NaN,NaN,0,0,1,1,0,0
80,2002,887,4,NaN,NaN,NaN,0,0,1,1,0,5
80,2002,1391,21,NaN,NaN,NaN,0,0,1,1,0,0
80,2002,1240,5,NaN,NaN,NaN,0,0,1,0,0,0
80,2002,1356,15,NaN,NaN,NaN,0,0,1,0,0,0
80,2002,1124,6,NaN,NaN,NaN,0,0,1,1,0,8
80,2002,1305,13,NaN,NaN,NaN,0,0,1,1,0,0
80,2002,985,15,NaN,NaN,NaN,0,0,1,1,0,16
80,2002,722,18,NaN,NaN,NaN,0,0,1,1,0,0
80,2002,1580,12,NaN,NaN,NaN,0,0,1,1,0,0
80,2002,233,20,NaN,NaN,NaN,0,0,1,1,0,1
80,2002,1222,13,NaN,NaN,NaN,0,0,1,0,0,0
80,2002,27,17,NaN,NaN,NaN,0,0,1,1,0,16
80,2002,1477,16,NaN,NaN,NaN,0,0,1,1,0,6
80,2002,1368,5,NaN,NaN,NaN,0,0,1,0,0,13
80,2002,1215,19,NaN,NaN,NaN,0,0,1,1,0,0
80,2002,44,5,NaN,NaN,NaN,0,0,1,1,0,0
80,2002,390,20,NaN,NaN,NaN,0,0,1,1,0,22
80,2002,347,13,NaN,NaN,NaN,0,0,1,1,0,0
80,2002,1178,17,NaN,NaN,NaN,0,0,1,1,0,0
80,2002,1227,19,NaN,NaN,NaN,0,0,1,1,0,0
80,2002,544,1,NaN,NaN,NaN,0,0,1,1,0,20
80,2002,593,5,NaN,NaN,NaN,0,0,1,1,0,16
80,2002,1038,21,NaN,NaN,NaN,0,0,1,0,0,0
80,2002,1130,6,NaN,NaN,NaN,0,0,1,1,0,2
80,2002,67,5,NaN,NaN,NaN,0,0,1,0,0,12
80,2002,276,16,NaN,NaN,NaN,0,0,1,1,0,0
80,2002,1021,20,NaN,NaN,NaN,0,0,1,1,0,18
80,2002,174,13,NaN,NaN,NaN,0,0,1,0,0,0
80,2002,47,18,NaN,NaN,NaN,0,0,1,1,0,4
80,2002,1598,20,NaN,NaN,NaN,0,0.653025702003999,1,1,0,0
80,2002,922,17,NaN,NaN,NaN,0,0,1,1,0,0
80,2002,1113,6,NaN,NaN,NaN,0,0,1,1,0,0
80,2002,80,12,NaN,NaN,NaN,0,0,1,1,0,0
80,2002,1003,2,NaN,NaN,NaN,0,0,1,1,0,21
80,2002,968,5,NaN,NaN,NaN,0,0,1,1,0,18
80,2002,813,12,NaN,NaN,NaN,0,0,1,1,0,18
80,2002,1196,4,NaN,NaN,NaN,0,0,1,1,0,15
80,2002,671,20,NaN,NaN,NaN,0,0,1,1,0,0
80,2002,1268,11,NaN,NaN,NaN,0,0,1,1,0,17
80,2002,134,16,NaN,NaN,NaN,0,0,1,0,0,3
80,2002,247,6,NaN,NaN,NaN,0,0,1,1,0,0
80,2002,850,3,NaN,NaN,NaN,0,0,1,1,0,0
80,2002,1169,10,NaN,NaN,NaN,0,0,1,1,0,0
80,2002,541,13,NaN,NaN,NaN,0,0,1,0,0,0
80,2002,102,5,NaN,NaN,NaN,0,0,1,1,0,1
80,2002,185,5,NaN,NaN,NaN,0,0,1,1,0,0
80,2002,1107,5,NaN,NaN,NaN,0,0,1,0,0,0
80,2002,1441,2,NaN,NaN,NaN,0,0,1,1,0,14
80,2002,1364,1,NaN,NaN,NaN,0,0,1,1,0,0
80,2002,323,13,NaN,NaN,NaN,0,0,1,0,0,0
80,2002,607,17,NaN,NaN,NaN,0,0,1,1,0,0
80,2002,410,11,NaN,NaN,NaN,0,0,1,1,0,0
80,2002,1497,9,NaN,NaN,NaN,0,0,1,1,0,0
80,2002,255,1,NaN,NaN,NaN,0,0,1,1,0,12
80,2002,1465,3,NaN,NaN,NaN,0,0,1,1,0,0
80,2002,250,15,NaN,NaN,NaN,0,0,1,0,0,12
80,2002,634,17,NaN,NaN,NaN,0,0,1,0,0,21
80,2002,1186,8,NaN,NaN,NaN,0,0,1,0,0,18
80,2002,372,11,NaN,NaN,NaN,0,0,1,0,0,0
80,2002,1034,12,NaN,NaN,NaN,0,0,1,1,0,1
80,2002,767,9,NaN,NaN,NaN,0,0,1,1,0,4
80,2002,1199,11,NaN,NaN,NaN,0,0,1,1,0,0
80,2002,1229,8,NaN,NaN,NaN,0,0,1,1,0,1
80,2002,801,12,NaN,NaN,NaN,0,0,1,1,0,0
80,2002,1584,8,NaN,NaN,NaN,0,0,1,1,0,22
80,2002,738,21,NaN,NaN,NaN,0,0,1,0,0,0
80,2002,333,15,NaN,NaN,NaN,0,0,1,1,0,16
80,2002,182,13,NaN,NaN,NaN,0,0,1,1,0,17
80,2002,800,1,NaN,NaN,NaN,0,0,1,1,0,0
80,2002,447,5,NaN,NaN,NaN,0,0,1,0,0,0
80,2002,1122,9,NaN,NaN,NaN,0,0,1,1,0,0
80,2002,16,2,NaN,NaN,NaN,0,0,1,0,0,0
80,2002,1144,11,NaN,NaN,NaN,0,0,1,0,0,21
80,2002,1599,12,NaN,NaN,NaN,0,0,1,1,0,17
80,2002,20,5,NaN,NaN,NaN,0,0,1,1,0,0
80,2002,1345,7,NaN,NaN,NaN,0,0,1,1,0,20
80,2002,87,14,NaN,NaN,NaN,0,0,1,1,0,20
80,2002,729,21,NaN,NaN,NaN,0,0,1,1,0,0
80,2002,183,18,NaN,NaN,NaN,0,0,1,1,0,20
80,2002,267,15,NaN,NaN,NaN,0,0,1,1,0,0
80,2002,1535,6,NaN,NaN,NaN,0,0,1,0,0,0
80,2002,907,12,NaN,NaN,NaN,0,0,1,0,0,18
80,2002,1394,13,NaN,NaN,NaN,0,0,1,0,0,4
80,2002,487,10,NaN,NaN,NaN,0,0,1,1,0,15
80,2002,308,3,NaN,NaN,NaN,0,0,1,0,0,15
80,2002,1195,16,NaN,NaN,NaN,0,0,1,1,0,17
80,2002,376,2,NaN,NaN,NaN,0,0,1,1,0,21
81,2002,267,15,NaN,NaN,NaN,0,0,1,1,0,11
81,2002,1477,6,NaN,NaN,NaN,0,0,1,1,0,0
81,2002,1441,14,NaN,NaN,NaN,0,5.11545727808701,1,1,1,7
81,2002,1394,4,NaN,NaN,NaN,0,0,1,1,0,13
81,2002,1169,10,NaN,NaN,NaN,0,0,1,1,0,9
81,2002,1003,21,NaN,NaN,NaN,0,0,1,1,0,17
81,2002,255,12,NaN,NaN,NaN,0,0,1,1,0,13
81,2002,722,18,NaN,NaN,NaN,0,0,1,1,0,13
81,2002,850,3,NaN,NaN,NaN,0,0.990343157862217,1,1,1,8
81,2002,607,17,NaN,NaN,NaN,0,0,1,1,0,0
81,2002,174,13,NaN,NaN,NaN,0,0,1,1,0,22
81,2002,170,15,NaN,NaN,NaN,0,7.39447027563028,1,0,0,0
81,2002,1465,3,NaN,NaN,NaN,0,0,1,1,0,0
81,2002,1391,21,NaN,NaN,NaN,0,0,1,1,0,19
81,2002,1021,18,NaN,NaN,NaN,0,0,1,1,0,19
81,2002,1457,7,NaN,NaN,NaN,0,0,1,1,0,0
81,2002,813,18,NaN,NaN,NaN,0,0,1,1,0,11
81,2002,534,13,NaN,NaN,NaN,0,0,1,1,0,16
81,2002,372,11,NaN,NaN,NaN,0,0,1,1,0,21
81,2002,323,13,NaN,NaN,NaN,0,0,1,1,0,0
81,2002,245,14,NaN,NaN,NaN,0,0,1,1,0,13
81,2002,801,12,NaN,NaN,NaN,0,0,1,1,0,8
81,2002,272,14,NaN,NaN,NaN,0,0,1,1,0,0
81,2002,1196,15,NaN,NaN,NaN,0,0,1,1,0,4
81,2002,1599,17,NaN,NaN,NaN,0,0,1,1,0,14
81,2002,1227,19,NaN,NaN,NaN,0,0,1,1,0,6
81,2002,545,18,NaN,NaN,NaN,0,0,1,1,0,6
81,2002,1107,5,NaN,NaN,NaN,0,7.01810626691586,1,1,1,21
81,2002,821,7,NaN,NaN,NaN,0,0,1,1,0,20
81,2002,922,17,NaN,NaN,NaN,0,0,1,1,0,22
81,2002,763,14,NaN,NaN,NaN,0,0,1,1,0,3
81,2002,767,4,NaN,NaN,NaN,0,0,1,1,0,11
81,2002,1268,17,NaN,NaN,NaN,0,0,1,1,0,8
81,2002,1124,8,NaN,NaN,NaN,0,0,1,1,0,7
81,2002,858,1,NaN,NaN,NaN,0,0,1,1,0,0
81,2002,1122,9,NaN,NaN,NaN,0,0,1,1,0,0
81,2002,1038,21,NaN,NaN,NaN,0,4.75602011212813,1,1,1,5
81,2002,729,21,NaN,NaN,NaN,0,0,1,1,0,0
81,2002,800,1,NaN,NaN,NaN,0,0,1,1,0,0
81,2002,568,19,NaN,NaN,NaN,0,5.08388489099638,1,1,1,17
81,2002,87,20,NaN,NaN,NaN,0,0.398434307763152,1,1,0,0
81,2002,183,20,NaN,NaN,NaN,0,0,1,1,0,5
81,2002,16,2,NaN,NaN,NaN,0,5.44647494893645,1,1,1,5
81,2002,1215,19,NaN,NaN,NaN,0,3.10561538097904,1,1,1,2
81,2002,20,5,NaN,NaN,NaN,0,0,1,1,0,0
81,2002,671,20,NaN,NaN,NaN,0,0,1,1,0,1
81,2002,185,5,NaN,NaN,NaN,0,0,1,1,0,0
81,2002,333,16,NaN,NaN,NaN,0,0,1,1,0,11
81,2002,1497,9,NaN,NaN,NaN,0,0,1,1,0,0
81,2002,1368,13,NaN,NaN,NaN,0,5.4486435250709,1,0,0,5
81,2002,1364,1,NaN,NaN,NaN,0,0,1,1,0,0
81,2002,1535,6,NaN,NaN,NaN,0,1.85565296791714,1,1,1,21
81,2002,485,12,NaN,NaN,NaN,0,5.24389409409131,1,1,1,6
81,2002,1199,11,NaN,NaN,NaN,0,0,1,1,0,0
81,2002,1130,2,NaN,NaN,NaN,0,5.94494327050521,1,1,1,14
81,2002,243,11,NaN,NaN,NaN,0,0,1,1,0,13
81,2002,1439,13,NaN,NaN,NaN,0,0,1,1,0,2
81,2002,1580,12,NaN,NaN,NaN,0,0,1,1,0,15
81,2002,487,15,NaN,NaN,NaN,0,0,1,1,0,0
81,2002,67,12,NaN,NaN,NaN,0,4.86522943614006,1,1,1,13
81,2002,1195,17,NaN,NaN,NaN,0,0,1,1,0,16
81,2002,1222,13,NaN,NaN,NaN,0,6.44848593108436,1,1,1,22
81,2002,1264,13,NaN,NaN,NaN,0,0,1,1,0,0
81,2002,544,20,NaN,NaN,NaN,0,0,1,1,0,9
81,2002,745,15,NaN,NaN,NaN,0,0,1,1,0,18
81,2002,151,21,NaN,NaN,NaN,0,0,1,1,0,0
81,2002,410,11,NaN,NaN,NaN,0,0,1,1,0,0
81,2002,44,5,NaN,NaN,NaN,0,0,1,1,0,0
81,2002,461,3,NaN,NaN,NaN,0,0,1,1,0,13
81,2002,427,2,NaN,NaN,NaN,0,1.1091952548871,1,1,1,21
81,2002,182,17,NaN,NaN,NaN,0,0,1,1,0,0
81,2002,1240,5,NaN,NaN,NaN,0,0.753705595635747,1,1,1,3
81,2002,1144,21,NaN,NaN,NaN,0,0,1,1,0,12
81,2002,1345,20,NaN,NaN,NaN,0,0,1,1,0,5
81,2002,1186,18,NaN,NaN,NaN,0,0,1,1,0,6
81,2002,554,13,NaN,NaN,NaN,0,0,1,1,0,8
81,2002,376,21,NaN,NaN,NaN,0,0,1,1,0,0
81,2002,296,14,NaN,NaN,NaN,0,0,1,1,0,20
81,2002,134,3,NaN,NaN,NaN,0,0,1,1,0,0
81,2002,27,16,NaN,NaN,NaN,0,0.393425950119142,1,1,0,20
81,2002,47,4,NaN,NaN,NaN,0,0,1,1,0,18
81,2002,1024,19,NaN,NaN,NaN,0,0,1,1,0,18
81,2002,247,6,NaN,NaN,NaN,0,0,1,1,0,0
81,2002,985,16,NaN,NaN,NaN,0,0,1,1,0,19
81,2002,541,13,NaN,NaN,NaN,0,3.86179799808809,1,1,1,18
81,2002,803,1,NaN,NaN,NaN,0,0,1,1,0,20
81,2002,738,21,NaN,NaN,NaN,0,4.73599019165047,1,1,1,18
81,2002,276,16,NaN,NaN,NaN,0,0,1,1,0,0
81,2002,1305,13,NaN,NaN,NaN,0,0,1,1,0,0
81,2002,106,8,NaN,NaN,NaN,0,0,1,1,0,16
81,2002,766,11,NaN,NaN,NaN,0,0,1,1,0,0
81,2002,1229,1,NaN,NaN,NaN,0,0,1,1,0,0
81,2002,1113,6,NaN,NaN,NaN,0,0,1,1,0,0
81,2002,931,18,NaN,NaN,NaN,0,0,1,1,0,15
81,2002,447,5,NaN,NaN,NaN,0,3.80774540213295,1,1,1,1
81,2002,907,18,NaN,NaN,NaN,0,0,1,1,0,0
81,2002,1584,22,NaN,NaN,NaN,0,5.2200574902291,1,1,1,17
81,2002,390,22,NaN,NaN,NaN,0,0,1,1,0,0
81,2002,102,1,NaN,NaN,NaN,0,0,1,1,0,18
81,2002,80,12,NaN,NaN,NaN,0,0,1,1,0,20
81,2002,1356,15,NaN,NaN,NaN,0,2.90686892410087,1,1,1,17
81,2002,1034,1,NaN,NaN,NaN,0,0,1,1,0,0
81,2002,1178,17,NaN,NaN,NaN,0,0,1,1,0,0
81,2002,625,17,NaN,NaN,NaN,0,0,1,1,0,0
81,2002,210,9,NaN,NaN,NaN,0,5.56661290401767,1,1,1,17
81,2002,593,16,NaN,NaN,NaN,0,0,1,1,0,4
81,2002,250,12,NaN,NaN,NaN,0,4.52706266407363,1,1,1,3
81,2002,1598,20,NaN,NaN,NaN,0,0,1,1,0,0
81,2002,634,21,NaN,NaN,NaN,0,0,1,1,0,1
81,2002,347,13,NaN,NaN,NaN,0,0,1,1,0,0
81,2002,308,15,NaN,NaN,NaN,0,7.78231588236627,1,1,1,3
81,2002,968,18,NaN,NaN,NaN,0,0,1,1,0,5
81,2002,128,22,NaN,NaN,NaN,0,0,1,1,0,0
81,2002,887,5,NaN,NaN,NaN,0,0,1,1,0,18
81,2002,1043,13,NaN,NaN,NaN,0,0,1,1,0,0
81,2002,978,12,NaN,NaN,NaN,0,0,1,1,0,1
81,2002,233,1,NaN,NaN,NaN,0,0,1,1,0,5
82,2003,174,22,NaN,NaN,NaN,0,0,1,1,0,0
82,2003,568,17,NaN,NaN,NaN,0,0,1,0,0,14
82,2003,47,18,NaN,NaN,NaN,0,0,1,1,0,12
82,2003,1122,9,NaN,NaN,NaN,0,0,1,1,0,11
82,2003,1465,3,NaN,NaN,NaN,0,0,1,1,0,0
82,2003,1199,11,NaN,NaN,NaN,0,0,1,1,0,7
82,2003,1345,5,NaN,NaN,NaN,0,0,1,1,0,0
82,2003,763,3,NaN,NaN,NaN,0,0,1,1,0,5
82,2003,102,18,NaN,NaN,NaN,0,0,1,1,0,5
82,2003,461,13,NaN,NaN,NaN,0,0,1,1,0,16
82,2003,887,18,NaN,NaN,NaN,0,0,1,1,0,3
82,2003,183,5,NaN,NaN,NaN,0,0,1,1,0,1
82,2003,1124,7,NaN,NaN,NaN,0,0,1,1,0,14
82,2003,554,8,NaN,NaN,NaN,0,0,1,1,0,15
82,2003,255,13,NaN,NaN,NaN,0,0,1,1,0,22
82,2003,1477,6,NaN,NaN,NaN,0,0,1,1,0,0
82,2003,1364,1,NaN,NaN,NaN,0,0,1,1,0,0
82,2003,1580,15,NaN,NaN,NaN,0,0,1,1,0,9
82,2003,87,20,NaN,NaN,NaN,0,0.398434307763152,1,1,0,0
82,2003,245,13,NaN,NaN,NaN,0,0,1,1,0,0
82,2003,803,20,NaN,NaN,NaN,0,0,1,1,0,1
82,2003,1038,5,NaN,NaN,NaN,0,0,1,0,0,20
82,2003,671,1,NaN,NaN,NaN,0,0,1,1,0,4
82,2003,1107,21,NaN,NaN,NaN,0,0,1,0,0,5
82,2003,16,5,NaN,NaN,NaN,0,0,1,0,0,0
82,2003,625,17,NaN,NaN,NaN,0,0,1,1,0,0
82,2003,182,17,NaN,NaN,NaN,0,0,1,1,0,21
82,2003,267,11,NaN,NaN,NaN,0,0,1,1,0,15
82,2003,1003,17,NaN,NaN,NaN,0,0,1,1,0,0
82,2003,1222,22,NaN,NaN,NaN,0,0,1,0,0,13
82,2003,907,18,NaN,NaN,NaN,0,0,1,1,0,1
82,2003,347,13,NaN,NaN,NaN,0,0,1,1,0,0
82,2003,858,1,NaN,NaN,NaN,0,0,1,1,0,0
82,2003,545,6,NaN,NaN,NaN,0,0,1,1,0,0
82,2003,296,20,NaN,NaN,NaN,0,0,1,1,0,12
82,2003,27,20,NaN,NaN,NaN,0,0.393425950119142,1,1,0,21
82,2003,1196,4,NaN,NaN,NaN,0,0,1,1,0,5
82,2003,1599,14,NaN,NaN,NaN,0,0,1,1,0,6
82,2003,210,17,NaN,NaN,NaN,0,0,1,0,0,0
82,2003,978,1,NaN,NaN,NaN,0,0,1,1,0,10
82,2003,1457,7,NaN,NaN,NaN,0,0,1,1,0,19
82,2003,447,1,NaN,NaN,NaN,0,0,1,0,0,5
82,2003,1130,14,NaN,NaN,NaN,0,0,1,0,0,0
82,2003,276,16,NaN,NaN,NaN,0,0,1,1,0,7
82,2003,106,16,NaN,NaN,NaN,0,0,1,1,0,0
82,2003,44,5,NaN,NaN,NaN,0,0,1,1,0,0
82,2003,1394,13,NaN,NaN,NaN,0,0,1,1,0,9
82,2003,593,4,NaN,NaN,NaN,0,0,1,1,0,17
82,2003,1268,8,NaN,NaN,NaN,0,0,1,1,0,11
82,2003,272,14,NaN,NaN,NaN,0,0,1,1,0,3
82,2003,410,11,NaN,NaN,NaN,0,0,1,1,0,20
82,2003,922,22,NaN,NaN,NaN,0,0,1,1,0,3
82,2003,544,9,NaN,NaN,NaN,0,0,1,1,0,0
82,2003,1178,17,NaN,NaN,NaN,0,0,1,1,0,0
82,2003,151,21,NaN,NaN,NaN,0,0,1,1,0,11
82,2003,1034,1,NaN,NaN,NaN,0,0,1,1,0,0
82,2003,67,13,NaN,NaN,NaN,0,0,1,0,0,9
82,2003,80,20,NaN,NaN,NaN,0,0,1,1,0,9
82,2003,485,6,NaN,NaN,NaN,0,0,1,0,0,12
82,2003,968,5,NaN,NaN,NaN,0,0,1,1,0,0
82,2003,247,6,NaN,NaN,NaN,0,0,1,1,0,0
82,2003,1264,13,NaN,NaN,NaN,0,0,1,1,0,5
82,2003,20,5,NaN,NaN,NaN,0,0,1,1,0,0
82,2003,738,18,NaN,NaN,NaN,0,0,1,0,0,21
82,2003,1598,20,NaN,NaN,NaN,0,0,1,1,0,3
82,2003,323,13,NaN,NaN,NaN,0,0,1,1,0,0
82,2003,1227,6,NaN,NaN,NaN,0,0,1,1,0,0
82,2003,1113,6,NaN,NaN,NaN,0,0,1,1,0,4
82,2003,607,17,NaN,NaN,NaN,0,0,1,1,0,0
82,2003,1441,7,NaN,NaN,NaN,0,0,1,0,0,8
82,2003,1497,9,NaN,NaN,NaN,0,0,1,1,0,21
82,2003,1186,6,NaN,NaN,NaN,0,0,1,1,0,0
82,2003,170,15,NaN,NaN,NaN,0,7.39447027563028,1,0,0,0
82,2003,333,11,NaN,NaN,NaN,0,0,1,1,0,12
82,2003,813,11,NaN,NaN,NaN,0,0,1,1,0,0
82,2003,534,16,NaN,NaN,NaN,0,0,1,1,0,18
82,2003,487,15,NaN,NaN,NaN,0,0,1,1,0,0
82,2003,1356,17,NaN,NaN,NaN,0,0,1,0,0,0
82,2003,767,11,NaN,NaN,NaN,0,0,1,1,0,0
82,2003,729,21,NaN,NaN,NaN,0,0,1,1,0,18
82,2003,850,8,NaN,NaN,NaN,0,0,1,0,0,3
82,2003,134,3,NaN,NaN,NaN,0,0,1,1,0,0
82,2003,722,13,NaN,NaN,NaN,0,0,1,1,0,0
82,2003,1144,12,NaN,NaN,NaN,0,0,1,1,0,2
82,2003,1240,3,NaN,NaN,NaN,0,0,1,0,0,5
82,2003,372,21,NaN,NaN,NaN,0,0,1,1,0,11
82,2003,634,1,NaN,NaN,NaN,0,0,1,1,0,16
82,2003,233,5,NaN,NaN,NaN,0,0,1,1,0,1
82,2003,1021,19,NaN,NaN,NaN,0,0,1,1,0,20
82,2003,801,8,NaN,NaN,NaN,0,0,1,1,0,1
82,2003,1305,13,NaN,NaN,NaN,0,0,1,1,0,4
82,2003,376,21,NaN,NaN,NaN,0,0,1,1,0,3
82,2003,800,1,NaN,NaN,NaN,0,0,1,1,0,19
82,2003,1368,5,NaN,NaN,NaN,0,5.4486435250709,1,0,0,0
82,2003,1229,1,NaN,NaN,NaN,0,0,1,1,0,0
82,2003,1195,16,NaN,NaN,NaN,0,0,1,1,0,3
82,2003,308,3,NaN,NaN,NaN,0,0,1,0,0,0
82,2003,128,22,NaN,NaN,NaN,0,0,1,1,0,0
82,2003,985,19,NaN,NaN,NaN,0,0,1,1,0,6
82,2003,1043,13,NaN,NaN,NaN,0,0,1,1,0,0
82,2003,185,5,NaN,NaN,NaN,0,0,1,1,0,0
82,2003,1584,17,NaN,NaN,NaN,0,0,1,0,0,13
82,2003,821,20,NaN,NaN,NaN,0,0,1,1,0,22
82,2003,243,13,NaN,NaN,NaN,0,0,1,1,0,0
82,2003,1391,19,NaN,NaN,NaN,0,0,1,1,0,5
82,2003,1024,18,NaN,NaN,NaN,0,0,1,1,0,9
82,2003,745,18,NaN,NaN,NaN,0,0,1,1,0,1
82,2003,1169,9,NaN,NaN,NaN,0,0,1,1,0,22
82,2003,427,21,NaN,NaN,NaN,0,0,1,0,0,0
82,2003,1215,2,NaN,NaN,NaN,0,0,1,0,0,0
82,2003,931,15,NaN,NaN,NaN,0,0,1,1,0,9
82,2003,1439,2,NaN,NaN,NaN,0,0,1,1,0,19
82,2003,250,3,NaN,NaN,NaN,0,0,1,0,0,6
82,2003,1535,21,NaN,NaN,NaN,0,0,1,0,0,6
82,2003,390,22,NaN,NaN,NaN,0,0,1,1,0,0
82,2003,541,18,NaN,NaN,NaN,0,0,1,0,0,13
83,2003,968,5,NaN,NaN,NaN,0,0,1,1,0,0
83,2003,1497,21,NaN,NaN,NaN,0,0,1,1,0,6
83,2003,850,3,NaN,NaN,NaN,0,0,1,0,0,0
83,2003,1215,2,NaN,NaN,NaN,0,0,1,0,0,19
83,2003,1178,17,NaN,NaN,NaN,0,0,1,1,0,0
83,2003,1391,5,NaN,NaN,NaN,0,0,1,1,0,3
83,2003,323,13,NaN,NaN,NaN,0,0,1,1,0,17
83,2003,333,12,NaN,NaN,NaN,0,0,1,1,0,0
83,2003,1199,7,NaN,NaN,NaN,0,0,1,1,0,22
83,2003,634,16,NaN,NaN,NaN,0,0,1,1,0,13
83,2003,1477,6,NaN,NaN,NaN,0,0,1,1,0,0
83,2003,800,19,NaN,NaN,NaN,0,0,1,1,0,7
83,2003,296,12,NaN,NaN,NaN,0,0,1,1,0,9
83,2003,243,13,NaN,NaN,NaN,0,0,1,1,0,1
83,2003,1043,13,NaN,NaN,NaN,0,0,1,1,0,0
83,2003,1598,3,NaN,NaN,NaN,0,0,1,1,0,8
83,2003,978,10,NaN,NaN,NaN,0,0,1,1,0,0
83,2003,554,15,NaN,NaN,NaN,0,0,1,1,0,4
83,2003,858,1,NaN,NaN,NaN,0,0,1,1,0,0
83,2003,170,15,NaN,NaN,NaN,0,7.39447027563028,1,1,1,7
83,2003,671,4,NaN,NaN,NaN,0,0,1,1,0,13
83,2003,308,3,NaN,NaN,NaN,0,0,1,0,0,0
83,2003,447,5,NaN,NaN,NaN,0,0,1,0,0,19
83,2003,887,3,NaN,NaN,NaN,0,0,1,1,0,0
83,2003,625,17,NaN,NaN,NaN,0,0,1,1,0,13
83,2003,16,5,NaN,NaN,NaN,0,0,1,0,0,0
83,2003,544,9,NaN,NaN,NaN,0,0,1,1,0,20
83,2003,568,14,NaN,NaN,NaN,0,0,1,0,0,20
83,2003,541,13,NaN,NaN,NaN,0,0,1,0,0,18
83,2003,1345,5,NaN,NaN,NaN,0,0,1,1,0,13
83,2003,487,15,NaN,NaN,NaN,0,0,1,1,0,18
83,2003,722,13,NaN,NaN,NaN,0,0,1,1,0,1
83,2003,185,5,NaN,NaN,NaN,0,0,1,1,0,0
83,2003,931,9,NaN,NaN,NaN,0,0,1,1,0,13
83,2003,1368,5,NaN,NaN,NaN,0,5.4486435250709,1,1,1,14
83,2003,183,1,NaN,NaN,NaN,0,0,1,1,0,12
83,2003,803,1,NaN,NaN,NaN,0,0,1,1,0,0
83,2003,1356,17,NaN,NaN,NaN,0,0,1,0,0,0
83,2003,1169,22,NaN,NaN,NaN,0,0,1,1,0,1
83,2003,128,22,NaN,NaN,NaN,0,0,1,1,0,0
83,2003,1227,6,NaN,NaN,NaN,0,0,1,1,0,0
83,2003,245,13,NaN,NaN,NaN,0,0,1,1,0,0
83,2003,272,3,NaN,NaN,NaN,0,0,1,1,0,0
83,2003,1144,2,NaN,NaN,NaN,0,0,1,1,0,0
83,2003,20,5,NaN,NaN,NaN,0,0,1,1,0,0
83,2003,182,21,NaN,NaN,NaN,0,0,1,1,0,12
83,2003,347,13,NaN,NaN,NaN,0,0,1,1,0,0
83,2003,801,1,NaN,NaN,NaN,0,0,1,1,0,12
83,2003,738,21,NaN,NaN,NaN,0,0,1,0,0,0
83,2003,250,6,NaN,NaN,NaN,0,0,1,0,0,13
83,2003,87,20,NaN,NaN,NaN,0,0.398434307763152,1,1,0,0
83,2003,44,5,NaN,NaN,NaN,0,0,1,1,0,0
83,2003,151,11,NaN,NaN,NaN,0,0,1,1,0,0
83,2003,102,5,NaN,NaN,NaN,0,0,1,1,0,0
83,2003,47,12,NaN,NaN,NaN,0,0,1,1,0,6
83,2003,134,3,NaN,NaN,NaN,0,0,1,1,0,0
83,2003,247,6,NaN,NaN,NaN,0,0,1,1,0,3
83,2003,1599,6,NaN,NaN,NaN,0,0,1,1,0,0
83,2003,372,11,NaN,NaN,NaN,0,0,1,1,0,6
83,2003,376,3,NaN,NaN,NaN,0,0,1,1,0,0
83,2003,1034,1,NaN,NaN,NaN,0,0,1,1,0,0
83,2003,233,1,NaN,NaN,NaN,0,0,1,1,0,21
83,2003,255,22,NaN,NaN,NaN,0,0,1,1,0,0
83,2003,1364,1,NaN,NaN,NaN,0,0,1,1,0,21
83,2003,1195,3,NaN,NaN,NaN,0,0,1,1,0,1
83,2003,1222,13,NaN,NaN,NaN,0,0,1,0,0,0
83,2003,1186,6,NaN,NaN,NaN,0,0,1,1,0,18
83,2003,80,9,NaN,NaN,NaN,0,0,1,1,0,22
83,2003,1229,1,NaN,NaN,NaN,0,0,1,1,0,14
83,2003,1240,5,NaN,NaN,NaN,0,0,1,0,0,0
83,2003,1124,14,NaN,NaN,NaN,0,0,1,1,0,16
83,2003,745,1,NaN,NaN,NaN,0,0,1,1,0,5
83,2003,485,12,NaN,NaN,NaN,0,0,1,0,0,0
83,2003,767,11,NaN,NaN,NaN,0,0,1,1,0,14
83,2003,1113,4,NaN,NaN,NaN,0,0,1,1,0,9
83,2003,1439,19,NaN,NaN,NaN,0,0,1,1,0,0
83,2003,545,6,NaN,NaN,NaN,0,0,1,1,0,0
83,2003,1535,6,NaN,NaN,NaN,0,0,1,0,0,0
83,2003,1268,11,NaN,NaN,NaN,0,0,1,1,0,2
83,2003,729,18,NaN,NaN,NaN,0,0,1,1,0,11
83,2003,763,5,NaN,NaN,NaN,0,0,1,1,0,10
83,2003,1196,5,NaN,NaN,NaN,0,0,1,1,0,2
83,2003,1264,5,NaN,NaN,NaN,0,0,1,1,0,11
83,2003,27,21,NaN,NaN,NaN,0,0.393425950119142,1,1,0,12
83,2003,1394,9,NaN,NaN,NaN,0,0,1,1,0,11
83,2003,67,9,NaN,NaN,NaN,0,0,1,0,0,6
83,2003,427,21,NaN,NaN,NaN,0,0,1,0,0,19
83,2003,1003,17,NaN,NaN,NaN,0,0,1,1,0,0
83,2003,1305,4,NaN,NaN,NaN,0,0,1,1,0,11
83,2003,1465,3,NaN,NaN,NaN,0,0,1,1,0,21
83,2003,1441,8,NaN,NaN,NaN,0,0,1,0,0,17
83,2003,1457,19,NaN,NaN,NaN,0,0,1,1,0,7
83,2003,1122,11,NaN,NaN,NaN,0,0,1,1,0,16
83,2003,1024,9,NaN,NaN,NaN,0,0,1,1,0,6
83,2003,1130,14,NaN,NaN,NaN,0,0,1,0,0,0
83,2003,534,18,NaN,NaN,NaN,0,0,1,1,0,0
83,2003,210,17,NaN,NaN,NaN,0,0,1,0,0,0
83,2003,821,22,NaN,NaN,NaN,0,0,1,1,0,16
83,2003,907,1,NaN,NaN,NaN,0,0,1,1,0,0
83,2003,813,11,NaN,NaN,NaN,0,0,1,1,0,22
83,2003,1584,13,NaN,NaN,NaN,0,0,1,0,0,0
83,2003,174,22,NaN,NaN,NaN,0,0,1,1,0,0
83,2003,607,17,NaN,NaN,NaN,0,0,1,1,0,11
83,2003,1107,5,NaN,NaN,NaN,0,0,1,0,0,0
83,2003,106,16,NaN,NaN,NaN,0,0,1,1,0,18
83,2003,1580,9,NaN,NaN,NaN,0,0,1,1,0,6
83,2003,593,17,NaN,NaN,NaN,0,0,1,1,0,0
83,2003,1021,20,NaN,NaN,NaN,0,0,1,1,0,0
83,2003,461,16,NaN,NaN,NaN,0,0,1,1,0,8
83,2003,410,20,NaN,NaN,NaN,0,0,1,1,0,13
83,2003,276,7,NaN,NaN,NaN,0,0,1,1,0,9
83,2003,922,3,NaN,NaN,NaN,0,0,1,1,0,11
83,2003,390,22,NaN,NaN,NaN,0,0,1,1,0,6
83,2003,267,15,NaN,NaN,NaN,0,0,1,1,0,8
83,2003,1038,20,NaN,NaN,NaN,0,0,1,0,0,8
83,2003,985,6,NaN,NaN,NaN,0,0,1,1,0,0
84,2003,1186,18,NaN,NaN,NaN,0,0,1,1,0,13
84,2003,634,13,NaN,NaN,NaN,0,0,1,1,0,0
84,2003,858,1,NaN,NaN,NaN,0,0,1,1,0,0
84,2003,410,13,NaN,NaN,NaN,0,0,1,1,0,0
84,2003,1477,6,NaN,NaN,NaN,0,0,1,1,0,13
84,2003,931,13,NaN,NaN,NaN,0,0,1,1,0,0
84,2003,1391,3,NaN,NaN,NaN,0,0,1,1,0,0
84,2003,323,17,NaN,NaN,NaN,0,0,1,1,0,2
84,2003,47,6,NaN,NaN,NaN,0,0,1,1,0,0
84,2003,821,16,NaN,NaN,NaN,0,0,1,1,0,0
84,2003,1368,14,NaN,NaN,NaN,0,0,1,0,0,5
84,2003,922,11,NaN,NaN,NaN,0,0,1,1,0,9
84,2003,183,12,NaN,NaN,NaN,0,0,1,1,0,13
84,2003,1580,6,NaN,NaN,NaN,0,0,1,1,0,7
84,2003,738,21,NaN,NaN,NaN,0,0,1,0,0,0
84,2003,347,13,NaN,NaN,NaN,0,0,1,1,0,0
84,2003,545,6,NaN,NaN,NaN,0,0,1,1,0,0
84,2003,1584,13,NaN,NaN,NaN,0,0,1,0,0,11
84,2003,20,5,NaN,NaN,NaN,0,0,1,1,0,12
84,2003,296,9,NaN,NaN,NaN,0,0,1,1,0,0
84,2003,813,22,NaN,NaN,NaN,0,0,1,1,0,5
84,2003,485,12,NaN,NaN,NaN,0,0,1,0,0,0
84,2003,1356,17,NaN,NaN,NaN,0,0,1,0,0,0
84,2003,372,6,NaN,NaN,NaN,0,0,1,1,0,0
84,2003,1229,14,NaN,NaN,NaN,0,0,1,1,0,17
84,2003,1024,6,NaN,NaN,NaN,0,0,1,1,0,0
84,2003,185,5,NaN,NaN,NaN,0,0,1,1,0,0
84,2003,534,18,NaN,NaN,NaN,0,0,1,1,0,0
84,2003,170,7,NaN,NaN,NaN,0,0,1,0,0,15
84,2003,1222,13,NaN,NaN,NaN,0,0,1,0,0,0
84,2003,376,3,NaN,NaN,NaN,0,0,1,1,0,12
84,2003,1599,6,NaN,NaN,NaN,0,0,1,1,0,0
84,2003,267,8,NaN,NaN,NaN,0,0,1,1,0,9
84,2003,1122,16,NaN,NaN,NaN,0,0,1,1,0,7
84,2003,1043,13,NaN,NaN,NaN,0,0,1,1,0,0
84,2003,333,12,NaN,NaN,NaN,0,0,1,1,0,21
84,2003,174,22,NaN,NaN,NaN,0,0,1,1,0,0
84,2003,151,11,NaN,NaN,NaN,0,0,1,1,0,21
84,2003,67,6,NaN,NaN,NaN,0,0,1,0,0,4
84,2003,607,11,NaN,NaN,NaN,0,0,1,1,0,5
84,2003,887,3,NaN,NaN,NaN,0,0,1,1,0,0
84,2003,1195,1,NaN,NaN,NaN,0,0,1,1,0,3
84,2003,1227,6,NaN,NaN,NaN,0,0,1,1,0,0
84,2003,182,12,NaN,NaN,NaN,0,0,1,1,0,17
84,2003,247,3,NaN,NaN,NaN,0,0,1,1,0,2
84,2003,1034,1,NaN,NaN,NaN,0,0,1,1,0,0
84,2003,978,10,NaN,NaN,NaN,0,0,1,1,0,17
84,2003,272,3,NaN,NaN,NaN,0,0,1,1,0,7
84,2003,80,22,NaN,NaN,NaN,0,0,1,1,0,0
84,2003,1535,6,NaN,NaN,NaN,0,0,1,0,0,2
84,2003,907,1,NaN,NaN,NaN,0,0,1,1,0,0
84,2003,1268,2,NaN,NaN,NaN,0,0,1,1,0,5
84,2003,968,5,NaN,NaN,NaN,0,0,1,1,0,12
84,2003,1441,17,NaN,NaN,NaN,0,0,1,0,0,0
84,2003,1439,19,NaN,NaN,NaN,0,0,1,1,0,7
84,2003,16,5,NaN,NaN,NaN,0,0,1,0,0,0
84,2003,487,18,NaN,NaN,NaN,0,0,1,1,0,16
84,2003,850,3,NaN,NaN,NaN,0,0,1,0,0,0
84,2003,447,19,NaN,NaN,NaN,0,0,1,0,0,5
84,2003,308,3,NaN,NaN,NaN,0,0,1,0,0,0
84,2003,134,3,NaN,NaN,NaN,0,0,1,1,0,0
84,2003,1305,11,NaN,NaN,NaN,0,0,1,1,0,12
84,2003,245,13,NaN,NaN,NaN,0,0,1,1,0,1
84,2003,1497,6,NaN,NaN,NaN,0,0,1,1,0,21
84,2003,801,12,NaN,NaN,NaN,0,0,1,1,0,14
84,2003,1215,19,NaN,NaN,NaN,0,0,1,0,0,2
84,2003,250,13,NaN,NaN,NaN,0,0,1,0,0,22
84,2003,1124,16,NaN,NaN,NaN,0,0,1,1,0,0
84,2003,1364,21,NaN,NaN,NaN,0,0,1,1,0,11
84,2003,745,5,NaN,NaN,NaN,0,0,1,1,0,16
84,2003,1021,20,NaN,NaN,NaN,0,0,1,1,0,0
84,2003,1345,13,NaN,NaN,NaN,0,0,1,1,0,5
84,2003,763,10,NaN,NaN,NaN,0,0,1,1,0,18
84,2003,729,11,NaN,NaN,NaN,0,0,1,1,0,4
84,2003,390,6,NaN,NaN,NaN,0,0,1,1,0,21
84,2003,985,6,NaN,NaN,NaN,0,0,1,1,0,5
84,2003,102,5,NaN,NaN,NaN,0,0,1,1,0,0
84,2003,1169,1,NaN,NaN,NaN,0,0,1,1,0,13
84,2003,27,12,NaN,NaN,NaN,0,0.393425950119142,1,1,0,2
84,2003,1113,9,NaN,NaN,NaN,0,0,1,1,0,1
84,2003,233,21,NaN,NaN,NaN,0,0,1,1,0,15
84,2003,1394,11,NaN,NaN,NaN,0,0,1,1,0,0
84,2003,767,14,NaN,NaN,NaN,0,0,1,1,0,17
84,2003,593,17,NaN,NaN,NaN,0,0,1,1,0,0
84,2003,1038,8,NaN,NaN,NaN,0,0,1,0,0,11
84,2003,625,13,NaN,NaN,NaN,0,0,1,1,0,6
84,2003,800,7,NaN,NaN,NaN,0,0,1,1,0,18
84,2003,106,18,NaN,NaN,NaN,0,0,1,1,0,0
84,2003,1457,7,NaN,NaN,NaN,0,0,1,1,0,19
84,2003,722,1,NaN,NaN,NaN,0,0,1,1,0,0
84,2003,1003,17,NaN,NaN,NaN,0,0,1,1,0,0
84,2003,544,20,NaN,NaN,NaN,0,0,1,1,0,0
84,2003,803,1,NaN,NaN,NaN,0,0,1,1,0,0
84,2003,255,22,NaN,NaN,NaN,0,0,1,1,0,0
84,2003,461,8,NaN,NaN,NaN,0,0,1,1,0,13
84,2003,210,17,NaN,NaN,NaN,0,0,1,0,0,0
84,2003,1264,11,NaN,NaN,NaN,0,0,1,1,0,0
84,2003,427,19,NaN,NaN,NaN,0,0,1,0,0,6
84,2003,44,5,NaN,NaN,NaN,0,0,1,1,0,0
84,2003,276,9,NaN,NaN,NaN,0,0,1,1,0,0
84,2003,1144,2,NaN,NaN,NaN,0,0,1,1,0,0
84,2003,1598,8,NaN,NaN,NaN,0,0,1,1,0,17
84,2003,541,18,NaN,NaN,NaN,0,0,1,0,0,13
84,2003,1196,2,NaN,NaN,NaN,0,0,1,1,0,0
84,2003,1240,5,NaN,NaN,NaN,0,0,1,0,0,0
84,2003,128,22,NaN,NaN,NaN,0,0,1,1,0,0
84,2003,87,20,NaN,NaN,NaN,0,0.398434307763152,1,1,0,0
84,2003,1107,5,NaN,NaN,NaN,0,0,1,0,0,0
84,2003,671,13,NaN,NaN,NaN,0,0,1,1,0,0
84,2003,554,4,NaN,NaN,NaN,0,0,1,1,0,18
84,2003,243,1,NaN,NaN,NaN,0,0,1,1,0,14
84,2003,1465,21,NaN,NaN,NaN,0,0,1,1,0,19
84,2003,568,20,NaN,NaN,NaN,0,0,1,0,0,17
84,2003,1178,17,NaN,NaN,NaN,0,0,1,1,0,0
84,2003,1130,14,NaN,NaN,NaN,0,0,1,0,0,0
84,2003,1199,22,NaN,NaN,NaN,0,0,1,1,0,14
85,2003,27,2,NaN,NaN,NaN,0,0,1,1,0,0
85,2003,1394,11,NaN,NaN,NaN,0,0,1,1,0,0
85,2003,267,9,NaN,NaN,NaN,0,0,1,1,0,0
85,2003,1124,16,NaN,NaN,NaN,0,0,1,1,0,0
85,2003,1391,3,NaN,NaN,NaN,0,0,1,1,0,6
85,2003,554,18,NaN,NaN,NaN,0,0,1,1,0,4
85,2003,1113,1,NaN,NaN,NaN,0,0,1,1,0,0
85,2003,931,13,NaN,NaN,NaN,0,0,1,1,0,16
85,2003,1457,19,NaN,NaN,NaN,0,0,1,1,0,0
85,2003,1034,1,NaN,NaN,NaN,0,1.68984371203312,1,1,1,8
85,2003,1599,6,NaN,NaN,NaN,0,0,1,1,0,11
85,2003,1227,6,NaN,NaN,NaN,0,0,1,1,0,20
85,2003,447,5,NaN,NaN,NaN,0,0,1,1,0,0
85,2003,1229,17,NaN,NaN,NaN,0,0,1,1,0,15
85,2003,729,4,NaN,NaN,NaN,0,0,1,1,0,11
85,2003,1465,19,NaN,NaN,NaN,0,0,1,1,0,21
85,2003,1024,6,NaN,NaN,NaN,0,0,1,1,0,21
85,2003,1497,21,NaN,NaN,NaN,0,0,1,1,0,5
85,2003,1186,13,NaN,NaN,NaN,0,0,1,1,0,18
85,2003,745,16,NaN,NaN,NaN,0,0,1,1,0,0
85,2003,763,18,NaN,NaN,NaN,0,0,1,1,0,4
85,2003,738,21,NaN,NaN,NaN,0,1.42215565696651,1,1,1,5
85,2003,44,5,NaN,NaN,NaN,0,0,1,1,0,15
85,2003,722,1,NaN,NaN,NaN,0,0,1,1,0,2
85,2003,245,1,NaN,NaN,NaN,0,0,1,1,0,22
85,2003,233,15,NaN,NaN,NaN,0,0,1,1,0,0
85,2003,607,5,NaN,NaN,NaN,0,0,1,1,0,0
85,2003,1021,20,NaN,NaN,NaN,0,0,1,1,0,0
85,2003,858,1,NaN,NaN,NaN,0,3.83020012849345,1,1,1,18
85,2003,887,3,NaN,NaN,NaN,0,0,1,1,0,0
85,2003,151,21,NaN,NaN,NaN,0,0,1,1,0,17
85,2003,250,22,NaN,NaN,NaN,0,0,1,1,0,0
85,2003,128,22,NaN,NaN,NaN,0,0,1,1,0,0
85,2003,87,20,NaN,NaN,NaN,0,0,1,1,0,0
85,2003,634,13,NaN,NaN,NaN,0,0.26165154734921,1,1,0,9
85,2003,1368,5,NaN,NaN,NaN,0,3.17426938453076,1,0,0,0
85,2003,1345,5,NaN,NaN,NaN,0,0,1,1,0,22
85,2003,1003,17,NaN,NaN,NaN,0,0,1,1,0,0
85,2003,800,18,NaN,NaN,NaN,0,1.02084589310811,1,1,1,5
85,2003,1356,17,NaN,NaN,NaN,0,0,1,1,0,5
85,2003,16,5,NaN,NaN,NaN,0,4.09498152916304,1,1,1,15
85,2003,106,18,NaN,NaN,NaN,0,0,1,1,0,0
85,2003,922,9,NaN,NaN,NaN,0,0,1,1,0,11
85,2003,671,13,NaN,NaN,NaN,0,0,1,1,0,18
85,2003,170,15,NaN,NaN,NaN,0,4.99633819690783,1,0,0,0
85,2003,1268,5,NaN,NaN,NaN,0,0,1,1,0,0
85,2003,1364,11,NaN,NaN,NaN,0,0,1,1,0,15
85,2003,461,13,NaN,NaN,NaN,0,0,1,1,0,0
85,2003,174,22,NaN,NaN,NaN,0,4.33305941176135,1,1,1,15
85,2003,907,1,NaN,NaN,NaN,0,5.8832264138946,1,1,1,15
85,2003,376,12,NaN,NaN,NaN,0,0,1,1,0,5
85,2003,1477,13,NaN,NaN,NaN,0,0,1,1,0,6
85,2003,276,9,NaN,NaN,NaN,0,0,1,1,0,0
85,2003,1598,17,NaN,NaN,NaN,0,0,1,1,0,0
85,2003,372,6,NaN,NaN,NaN,0,0,1,1,0,0
85,2003,1199,14,NaN,NaN,NaN,0,0,1,1,0,16
85,2003,801,14,NaN,NaN,NaN,0,0,1,1,0,12
85,2003,1222,13,NaN,NaN,NaN,0,6.37694907889128,1,1,1,8
85,2003,803,1,NaN,NaN,NaN,0,0,1,1,0,0
85,2003,182,17,NaN,NaN,NaN,0,0,1,1,0,0
85,2003,1169,13,NaN,NaN,NaN,0,0,1,1,0,18
85,2003,410,13,NaN,NaN,NaN,0,1.62875038658143,1,1,1,9
85,2003,1584,11,NaN,NaN,NaN,0,0,1,1,0,14
85,2003,1264,11,NaN,NaN,NaN,0,0,1,1,0,22
85,2003,247,2,NaN,NaN,NaN,0,0,1,1,0,18
85,2003,47,6,NaN,NaN,NaN,0,0,1,1,0,0
85,2003,390,21,NaN,NaN,NaN,0,0.668411475928984,1,1,0,19
85,2003,1195,3,NaN,NaN,NaN,0,0,1,1,0,1
85,2003,102,5,NaN,NaN,NaN,0,0,1,1,0,18
85,2003,1196,2,NaN,NaN,NaN,0,0,1,1,0,18
85,2003,1580,7,NaN,NaN,NaN,0,0,1,1,0,10
85,2003,243,14,NaN,NaN,NaN,0,0,1,1,0,0
85,2003,1038,11,NaN,NaN,NaN,0,5.25398160938471,1,1,1,19
85,2003,1178,17,NaN,NaN,NaN,0,0,1,1,0,0
85,2003,1305,12,NaN,NaN,NaN,0,0,1,1,0,13
85,2003,210,17,NaN,NaN,NaN,0,0,1,1,0,12
85,2003,1441,17,NaN,NaN,NaN,0,0,1,1,0,19
85,2003,568,17,NaN,NaN,NaN,0,0,1,1,0,19
85,2003,1439,7,NaN,NaN,NaN,0,0,1,1,0,14
85,2003,1535,2,NaN,NaN,NaN,0,0,1,1,0,4
85,2003,534,18,NaN,NaN,NaN,0,0,1,1,0,0
85,2003,1215,2,NaN,NaN,NaN,0,3.1124694197734,1,1,1,19
85,2003,1130,14,NaN,NaN,NaN,0,4.73192090939197,1,1,1,8
85,2003,544,20,NaN,NaN,NaN,0,0,1,1,0,18
85,2003,813,5,NaN,NaN,NaN,0,0,1,1,0,0
85,2003,767,17,NaN,NaN,NaN,0,0,1,1,0,14
85,2003,183,13,NaN,NaN,NaN,0,0,1,1,0,0
85,2003,850,3,NaN,NaN,NaN,0,0,1,1,0,0
85,2003,1144,2,NaN,NaN,NaN,0,5.14729074951391,1,1,1,21
85,2003,296,9,NaN,NaN,NaN,0,0,1,1,0,1
85,2003,20,12,NaN,NaN,NaN,0,0,1,1,0,15
85,2003,67,4,NaN,NaN,NaN,0,0,1,1,0,14
85,2003,485,12,NaN,NaN,NaN,0,6.34240954044921,1,1,1,3
85,2003,272,7,NaN,NaN,NaN,0,0,1,1,0,9
85,2003,134,3,NaN,NaN,NaN,0,3.78681706290955,1,1,1,16
85,2003,821,16,NaN,NaN,NaN,0,0,1,1,0,21
85,2003,323,2,NaN,NaN,NaN,0,0,1,1,0,4
85,2003,185,5,NaN,NaN,NaN,0,0,1,1,0,0
85,2003,80,22,NaN,NaN,NaN,0,0,1,1,0,0
85,2003,1043,13,NaN,NaN,NaN,0,0,1,1,0,0
85,2003,978,17,NaN,NaN,NaN,0,0,1,1,0,10
85,2003,1240,5,NaN,NaN,NaN,0,0,1,1,0,0
85,2003,487,16,NaN,NaN,NaN,0,0,1,1,0,0
85,2003,545,6,NaN,NaN,NaN,0,0,1,1,0,0
85,2003,985,5,NaN,NaN,NaN,0,0,1,1,0,20
85,2003,1107,5,NaN,NaN,NaN,0,3.54754470431075,1,1,1,21
85,2003,1122,7,NaN,NaN,NaN,0,0,1,1,0,14
85,2003,255,22,NaN,NaN,NaN,0,0,1,1,0,12
85,2003,427,6,NaN,NaN,NaN,0,0,1,1,0,9
85,2003,347,13,NaN,NaN,NaN,0,0.956827099222734,1,1,1,12
85,2003,308,3,NaN,NaN,NaN,0,7.24996855338461,1,1,1,15
85,2003,541,13,NaN,NaN,NaN,0,3.50775802574228,1,1,1,1
85,2003,593,17,NaN,NaN,NaN,0,0,1,1,0,16
85,2003,968,12,NaN,NaN,NaN,0,0,1,1,0,5
85,2003,333,21,NaN,NaN,NaN,0,0,1,1,0,20
85,2003,625,6,NaN,NaN,NaN,0,0,1,1,0,10
86,2004,1043,13,NaN,NaN,NaN,0,0,1,1,0,1
86,2004,347,12,NaN,NaN,NaN,0,0,1,0,0,13
86,2004,767,14,NaN,NaN,NaN,0,0,1,1,0,0
86,2004,985,20,NaN,NaN,NaN,0,0,1,1,0,0
86,2004,1186,18,NaN,NaN,NaN,0,0,1,1,0,0
86,2004,625,10,NaN,NaN,NaN,0,0,1,1,0,11
86,2004,447,5,NaN,NaN,NaN,0,0,1,1,0,19
86,2004,1394,11,NaN,NaN,NaN,0,0,1,1,0,16
86,2004,541,1,NaN,NaN,NaN,0,0,1,0,0,0
86,2004,907,15,NaN,NaN,NaN,0,0,1,0,0,20
86,2004,858,18,NaN,NaN,NaN,0,0,1,0,0,21
86,2004,729,11,NaN,NaN,NaN,0,0,1,1,0,0
86,2004,20,15,NaN,NaN,NaN,0,0,1,1,0,2
86,2004,931,16,NaN,NaN,NaN,0,0,1,1,0,0
86,2004,1580,10,NaN,NaN,NaN,0,0,1,1,0,1
86,2004,850,3,NaN,NaN,NaN,0,0,1,1,0,0
86,2004,134,16,NaN,NaN,NaN,0,0,1,0,0,4
86,2004,801,12,NaN,NaN,NaN,0,0,1,1,0,8
86,2004,80,22,NaN,NaN,NaN,0,0,1,1,0,13
86,2004,1345,22,NaN,NaN,NaN,0,0,1,1,0,17
86,2004,1024,21,NaN,NaN,NaN,0,0,1,1,0,0
86,2004,1113,1,NaN,NaN,NaN,0,0,1,1,0,12
86,2004,1122,14,NaN,NaN,NaN,0,0,1,1,0,7
86,2004,245,22,NaN,NaN,NaN,0,0,1,1,0,4
86,2004,745,16,NaN,NaN,NaN,0,0,1,1,0,3
86,2004,487,16,NaN,NaN,NaN,0,0,1,1,0,0
86,2004,738,5,NaN,NaN,NaN,0,0,1,0,0,21
86,2004,671,18,NaN,NaN,NaN,0,0,1,1,0,22
86,2004,174,15,NaN,NaN,NaN,0,0,1,0,0,12
86,2004,568,19,NaN,NaN,NaN,0,0,1,1,0,0
86,2004,554,4,NaN,NaN,NaN,0,0,1,1,0,20
86,2004,1268,5,NaN,NaN,NaN,0,0,1,1,0,0
86,2004,247,18,NaN,NaN,NaN,0,0,1,1,0,11
86,2004,1598,17,NaN,NaN,NaN,0,0,1,1,0,7
86,2004,67,14,NaN,NaN,NaN,0,0,1,1,0,17
86,2004,276,9,NaN,NaN,NaN,0,0,1,1,0,3
86,2004,1130,8,NaN,NaN,NaN,0,0,1,0,0,10
86,2004,1144,21,NaN,NaN,NaN,0,0,1,0,0,12
86,2004,722,2,NaN,NaN,NaN,0,0,1,1,0,18
86,2004,968,5,NaN,NaN,NaN,0,0,1,1,0,13
86,2004,1584,14,NaN,NaN,NaN,0,0,1,1,0,12
86,2004,243,14,NaN,NaN,NaN,0,0,1,1,0,1
86,2004,1599,11,NaN,NaN,NaN,0,0,1,1,0,0
86,2004,461,13,NaN,NaN,NaN,0,0,1,1,0,0
86,2004,376,5,NaN,NaN,NaN,0,0,1,1,0,0
86,2004,1227,20,NaN,NaN,NaN,0,0,1,1,0,6
86,2004,1003,17,NaN,NaN,NaN,0,0,1,1,0,0
86,2004,1477,6,NaN,NaN,NaN,0,0,1,1,0,4
86,2004,182,17,NaN,NaN,NaN,0,0,1,1,0,12
86,2004,233,15,NaN,NaN,NaN,0,0,1,1,0,14
86,2004,170,15,NaN,NaN,NaN,0,4.99633819690783,1,0,0,0
86,2004,1497,5,NaN,NaN,NaN,0,0,1,1,0,0
86,2004,255,12,NaN,NaN,NaN,0,0,1,1,0,15
86,2004,1196,18,NaN,NaN,NaN,0,0,1,1,0,0
86,2004,333,20,NaN,NaN,NaN,0,0,1,1,0,0
86,2004,372,6,NaN,NaN,NaN,0,0,1,1,0,0
86,2004,1038,19,NaN,NaN,NaN,0,0,1,0,0,20
86,2004,390,19,NaN,NaN,NaN,0,0.668411475928984,1,1,0,6
86,2004,1199,16,NaN,NaN,NaN,0,0,1,1,0,6
86,2004,102,18,NaN,NaN,NaN,0,0,1,1,0,17
86,2004,1364,15,NaN,NaN,NaN,0,0,1,1,0,1
86,2004,887,3,NaN,NaN,NaN,0,0,1,1,0,0
86,2004,1264,22,NaN,NaN,NaN,0,0,1,1,0,20
86,2004,250,22,NaN,NaN,NaN,0,0,1,1,0,5
86,2004,1391,6,NaN,NaN,NaN,0,0,1,1,0,0
86,2004,1439,14,NaN,NaN,NaN,0,0,1,1,0,22
86,2004,183,13,NaN,NaN,NaN,0,0,1,1,0,9
86,2004,1215,19,NaN,NaN,NaN,0,0,1,0,0,0
86,2004,1356,5,NaN,NaN,NaN,0,0,1,1,0,0
86,2004,978,10,NaN,NaN,NaN,0,0,1,1,0,13
86,2004,16,15,NaN,NaN,NaN,0,0,1,0,0,5
86,2004,1465,21,NaN,NaN,NaN,0,0,1,1,0,0
86,2004,607,5,NaN,NaN,NaN,0,0,1,1,0,0
86,2004,803,1,NaN,NaN,NaN,0,0,1,1,0,5
86,2004,545,6,NaN,NaN,NaN,0,0,1,1,0,0
86,2004,1240,5,NaN,NaN,NaN,0,0,1,1,0,0
86,2004,1178,17,NaN,NaN,NaN,0,0,1,1,0,9
86,2004,47,6,NaN,NaN,NaN,0,0,1,1,0,9
86,2004,813,5,NaN,NaN,NaN,0,0,1,1,0,0
86,2004,128,22,NaN,NaN,NaN,0,0,1,1,0,0
86,2004,800,5,NaN,NaN,NaN,0,0,1,0,0,0
86,2004,1195,1,NaN,NaN,NaN,0,0,1,1,0,21
86,2004,185,5,NaN,NaN,NaN,0,0,1,1,0,0
86,2004,1229,15,NaN,NaN,NaN,0,0,1,1,0,0
86,2004,1021,20,NaN,NaN,NaN,0,0,1,1,0,7
86,2004,267,9,NaN,NaN,NaN,0,0,1,1,0,12
86,2004,1034,8,NaN,NaN,NaN,0,0,1,0,0,1
86,2004,106,18,NaN,NaN,NaN,0,0,1,1,0,8
86,2004,1305,13,NaN,NaN,NaN,0,0,1,1,0,0
86,2004,485,3,NaN,NaN,NaN,0,0,1,0,0,0
86,2004,534,18,NaN,NaN,NaN,0,0,1,1,0,3
86,2004,544,18,NaN,NaN,NaN,0,0,1,1,0,0
86,2004,763,4,NaN,NaN,NaN,0,0,1,1,0,22
86,2004,1124,16,NaN,NaN,NaN,0,0,1,1,0,0
86,2004,323,4,NaN,NaN,NaN,0,0,1,1,0,0
86,2004,922,11,NaN,NaN,NaN,0,0,1,1,0,9
86,2004,87,20,NaN,NaN,NaN,0,0,1,1,0,0
86,2004,821,21,NaN,NaN,NaN,0,0,1,1,0,0
86,2004,1222,8,NaN,NaN,NaN,0,0,1,0,0,13
86,2004,1107,21,NaN,NaN,NaN,0,0,1,0,0,5
86,2004,593,16,NaN,NaN,NaN,0,0,1,1,0,17
86,2004,427,9,NaN,NaN,NaN,0,0,1,1,0,22
86,2004,27,2,NaN,NaN,NaN,0,0,1,1,0,0
86,2004,1368,5,NaN,NaN,NaN,0,3.17426938453076,1,0,0,0
86,2004,308,15,NaN,NaN,NaN,0,0,1,0,0,3
86,2004,272,9,NaN,NaN,NaN,0,0,1,1,0,0
86,2004,44,15,NaN,NaN,NaN,0,0,1,1,0,16
86,2004,634,9,NaN,NaN,NaN,0,0.26165154734921,1,1,0,0
86,2004,1535,4,NaN,NaN,NaN,0,0,1,1,0,16
86,2004,1441,19,NaN,NaN,NaN,0,0,1,1,0,17
86,2004,410,9,NaN,NaN,NaN,0,0,1,0,0,13
86,2004,1169,18,NaN,NaN,NaN,0,0,1,1,0,0
86,2004,296,1,NaN,NaN,NaN,0,0,1,1,0,5
86,2004,1457,19,NaN,NaN,NaN,0,0,1,1,0,7
86,2004,151,17,NaN,NaN,NaN,0,0,1,1,0,0
87,2004,763,22,NaN,NaN,NaN,0,0,1,1,0,11
87,2004,390,6,NaN,NaN,NaN,0,0.668411475928984,1,1,0,22
87,2004,1264,20,NaN,NaN,NaN,0,0,1,1,0,13
87,2004,102,17,NaN,NaN,NaN,0,0,1,1,0,0
87,2004,887,3,NaN,NaN,NaN,0,0,1,1,0,0
87,2004,1169,18,NaN,NaN,NaN,0,0,1,1,0,13
87,2004,376,5,NaN,NaN,NaN,0,0,1,1,0,0
87,2004,1024,21,NaN,NaN,NaN,0,0,1,1,0,0
87,2004,174,12,NaN,NaN,NaN,0,0,1,0,0,0
87,2004,87,20,NaN,NaN,NaN,0,0,1,1,0,0
87,2004,1535,16,NaN,NaN,NaN,0,0,1,1,0,0
87,2004,985,20,NaN,NaN,NaN,0,0,1,1,0,13
87,2004,1113,12,NaN,NaN,NaN,0,0,1,1,0,11
87,2004,1345,17,NaN,NaN,NaN,0,0,1,1,0,0
87,2004,410,13,NaN,NaN,NaN,0,0,1,0,0,0
87,2004,907,20,NaN,NaN,NaN,0,0,1,0,0,17
87,2004,1130,10,NaN,NaN,NaN,0,0,1,0,0,0
87,2004,247,11,NaN,NaN,NaN,0,0,1,1,0,0
87,2004,1199,6,NaN,NaN,NaN,0,0,1,1,0,7
87,2004,1227,6,NaN,NaN,NaN,0,0,1,1,0,13
87,2004,243,1,NaN,NaN,NaN,0,0,1,1,0,21
87,2004,767,14,NaN,NaN,NaN,0,0,1,1,0,11
87,2004,485,3,NaN,NaN,NaN,0,0,1,0,0,17
87,2004,1122,7,NaN,NaN,NaN,0,0,1,1,0,10
87,2004,1222,13,NaN,NaN,NaN,0,0,1,0,0,0
87,2004,1497,5,NaN,NaN,NaN,0,0,1,1,0,0
87,2004,607,5,NaN,NaN,NaN,0,0,1,1,0,18
87,2004,1144,12,NaN,NaN,NaN,0,0,1,0,0,2
87,2004,447,19,NaN,NaN,NaN,0,0,1,1,0,3
87,2004,1215,19,NaN,NaN,NaN,0,0,1,0,0,0
87,2004,308,3,NaN,NaN,NaN,0,0,1,0,0,15
87,2004,544,18,NaN,NaN,NaN,0,0,1,1,0,0
87,2004,922,9,NaN,NaN,NaN,0,0,1,1,0,4
87,2004,534,3,NaN,NaN,NaN,0,0,1,1,0,18
87,2004,738,21,NaN,NaN,NaN,0,0,1,0,0,0
87,2004,1584,12,NaN,NaN,NaN,0,0,1,1,0,4
87,2004,1364,1,NaN,NaN,NaN,0,0,1,1,0,0
87,2004,1305,13,NaN,NaN,NaN,0,0,1,1,0,15
87,2004,722,18,NaN,NaN,NaN,0,0,1,1,0,4
87,2004,1598,7,NaN,NaN,NaN,0,0,1,1,0,9
87,2004,1186,18,NaN,NaN,NaN,0,0,1,1,0,0
87,2004,185,5,NaN,NaN,NaN,0,0,1,1,0,0
87,2004,183,9,NaN,NaN,NaN,0,0,1,1,0,6
87,2004,1034,1,NaN,NaN,NaN,0,0,1,0,0,0
87,2004,801,8,NaN,NaN,NaN,0,0,1,1,0,21
87,2004,106,8,NaN,NaN,NaN,0,0,1,1,0,17
87,2004,276,3,NaN,NaN,NaN,0,0,1,1,0,0
87,2004,1268,5,NaN,NaN,NaN,0,0,1,1,0,13
87,2004,1391,6,NaN,NaN,NaN,0,0,1,1,0,0
87,2004,1599,11,NaN,NaN,NaN,0,0,1,1,0,3
87,2004,347,13,NaN,NaN,NaN,0,0,1,0,0,0
87,2004,67,17,NaN,NaN,NaN,0,0,1,1,0,18
87,2004,487,16,NaN,NaN,NaN,0,0,1,1,0,18
87,2004,1043,1,NaN,NaN,NaN,0,0,1,1,0,17
87,2004,1439,22,NaN,NaN,NaN,0,0,1,1,0,0
87,2004,134,4,NaN,NaN,NaN,0,0,1,0,0,21
87,2004,427,22,NaN,NaN,NaN,0,0,1,1,0,8
87,2004,1196,18,NaN,NaN,NaN,0,0,1,1,0,22
87,2004,1003,17,NaN,NaN,NaN,0,0,1,1,0,0
87,2004,1580,1,NaN,NaN,NaN,0,0,1,1,0,2
87,2004,1394,16,NaN,NaN,NaN,0,0,1,1,0,6
87,2004,821,21,NaN,NaN,NaN,0,0,1,1,0,6
87,2004,729,11,NaN,NaN,NaN,0,0,1,1,0,0
87,2004,80,13,NaN,NaN,NaN,0,0,1,1,0,0
87,2004,233,14,NaN,NaN,NaN,0,0,1,1,0,5
87,2004,323,4,NaN,NaN,NaN,0,0,1,1,0,0
87,2004,20,2,NaN,NaN,NaN,0,0,1,1,0,1
87,2004,968,13,NaN,NaN,NaN,0,0,1,1,0,12
87,2004,745,3,NaN,NaN,NaN,0,0,1,1,0,0
87,2004,372,6,NaN,NaN,NaN,0,0,1,1,0,0
87,2004,1229,15,NaN,NaN,NaN,0,0,1,1,0,6
87,2004,1124,16,NaN,NaN,NaN,0,0,1,1,0,19
87,2004,1441,17,NaN,NaN,NaN,0,0,1,1,0,0
87,2004,16,5,NaN,NaN,NaN,0,0,1,0,0,11
87,2004,931,16,NaN,NaN,NaN,0,0,1,1,0,19
87,2004,333,20,NaN,NaN,NaN,0,0,1,1,0,5
87,2004,250,5,NaN,NaN,NaN,0,0,1,1,0,0
87,2004,128,22,NaN,NaN,NaN,0,0,1,1,0,0
87,2004,1107,5,NaN,NaN,NaN,0,0,1,0,0,0
87,2004,27,2,NaN,NaN,NaN,0,0,1,1,0,0
87,2004,554,20,NaN,NaN,NaN,0,0,1,1,0,10
87,2004,245,4,NaN,NaN,NaN,0,0,1,1,0,3
87,2004,461,13,NaN,NaN,NaN,0,0,1,1,0,17
87,2004,182,12,NaN,NaN,NaN,0,0,1,1,0,16
87,2004,1240,5,NaN,NaN,NaN,0,0,1,1,0,0
87,2004,272,9,NaN,NaN,NaN,0,0,1,1,0,19
87,2004,1368,5,NaN,NaN,NaN,0,3.17426938453076,1,1,1,14
87,2004,151,17,NaN,NaN,NaN,0,0,1,1,0,0
87,2004,568,19,NaN,NaN,NaN,0,0,1,1,0,0
87,2004,634,9,NaN,NaN,NaN,0,0.26165154734921,1,1,0,1
87,2004,296,5,NaN,NaN,NaN,0,0,1,1,0,16
87,2004,1477,4,NaN,NaN,NaN,0,0,1,1,0,0
87,2004,267,12,NaN,NaN,NaN,0,0,1,1,0,0
87,2004,593,17,NaN,NaN,NaN,0,0,1,1,0,15
87,2004,813,5,NaN,NaN,NaN,0,0,1,1,0,17
87,2004,850,3,NaN,NaN,NaN,0,0,1,1,0,0
87,2004,47,9,NaN,NaN,NaN,0,0,1,1,0,4
87,2004,1178,9,NaN,NaN,NaN,0,0,1,1,0,0
87,2004,1021,7,NaN,NaN,NaN,0,0,1,1,0,0
87,2004,1457,7,NaN,NaN,NaN,0,0,1,1,0,19
87,2004,1195,21,NaN,NaN,NaN,0,0,1,1,0,0
87,2004,255,15,NaN,NaN,NaN,0,0,1,1,0,0
87,2004,625,11,NaN,NaN,NaN,0,0,1,1,0,13
87,2004,978,13,NaN,NaN,NaN,0,0,1,1,0,0
87,2004,1465,21,NaN,NaN,NaN,0,0,1,1,0,0
87,2004,541,1,NaN,NaN,NaN,0,0,1,0,0,13
87,2004,170,15,NaN,NaN,NaN,0,4.99633819690783,1,1,1,1
87,2004,858,21,NaN,NaN,NaN,0,0,1,0,0,1
87,2004,1038,20,NaN,NaN,NaN,0,0,1,0,0,0
87,2004,545,6,NaN,NaN,NaN,0,0,1,1,0,0
87,2004,800,5,NaN,NaN,NaN,0,0,1,0,0,0
87,2004,671,22,NaN,NaN,NaN,0,0,1,1,0,18
87,2004,803,5,NaN,NaN,NaN,0,0,1,1,0,0
87,2004,1356,5,NaN,NaN,NaN,0,0,1,1,0,9
87,2004,44,16,NaN,NaN,NaN,0,0,1,1,0,5
88,2004,16,11,NaN,NaN,NaN,0,0,1,0,0,0
88,2004,801,21,NaN,NaN,NaN,0,0,1,1,0,18
88,2004,821,6,NaN,NaN,NaN,0,0,1,1,0,0
88,2004,1465,21,NaN,NaN,NaN,0,0,1,1,0,3
88,2004,1124,19,NaN,NaN,NaN,0,0,1,1,0,0
88,2004,1122,10,NaN,NaN,NaN,0,0,1,1,0,11
88,2004,255,15,NaN,NaN,NaN,0,0,1,1,0,12
88,2004,67,18,NaN,NaN,NaN,0,0,1,1,0,1
88,2004,1043,17,NaN,NaN,NaN,0,0,1,1,0,1
88,2004,1021,7,NaN,NaN,NaN,0,0,1,1,0,17
88,2004,1107,5,NaN,NaN,NaN,0,0,1,0,0,0
88,2004,1240,5,NaN,NaN,NaN,0,0,1,1,0,0
88,2004,267,12,NaN,NaN,NaN,0,0,1,1,0,15
88,2004,487,18,NaN,NaN,NaN,0,0,1,1,0,13
88,2004,729,11,NaN,NaN,NaN,0,0,1,1,0,0
88,2004,763,11,NaN,NaN,NaN,0,0,1,1,0,13
88,2004,800,5,NaN,NaN,NaN,0,0,1,0,0,0
88,2004,1003,17,NaN,NaN,NaN,0,0,1,1,0,0
88,2004,1038,20,NaN,NaN,NaN,0,0,1,0,0,8
88,2004,554,10,NaN,NaN,NaN,0,0,1,1,0,18
88,2004,323,4,NaN,NaN,NaN,0,0,1,1,0,0
88,2004,170,1,NaN,NaN,NaN,0,0,1,0,0,15
88,2004,174,12,NaN,NaN,NaN,0,0,1,0,0,6
88,2004,182,16,NaN,NaN,NaN,0,0,1,1,0,21
88,2004,461,17,NaN,NaN,NaN,0,0,1,1,0,0
88,2004,1186,18,NaN,NaN,NaN,0,0,1,1,0,13
88,2004,1227,13,NaN,NaN,NaN,0,0,1,1,0,0
88,2004,185,5,NaN,NaN,NaN,0,0,1,1,0,0
88,2004,247,11,NaN,NaN,NaN,0,0,1,1,0,8
88,2004,745,3,NaN,NaN,NaN,0,0,1,1,0,6
88,2004,625,13,NaN,NaN,NaN,0,0,1,1,0,12
88,2004,850,3,NaN,NaN,NaN,0,0,1,1,0,18
88,2004,544,18,NaN,NaN,NaN,0,0,1,1,0,20
88,2004,1264,13,NaN,NaN,NaN,0,0,1,1,0,0
88,2004,1394,6,NaN,NaN,NaN,0,0,1,1,0,20
88,2004,308,15,NaN,NaN,NaN,0,0,1,0,0,3
88,2004,1229,6,NaN,NaN,NaN,0,0,1,1,0,0
88,2004,485,17,NaN,NaN,NaN,0,0,1,0,0,0
88,2004,44,5,NaN,NaN,NaN,0,0,1,1,0,18
88,2004,1391,6,NaN,NaN,NaN,0,0,1,1,0,0
88,2004,250,5,NaN,NaN,NaN,0,0,1,1,0,0
88,2004,102,17,NaN,NaN,NaN,0,0,1,1,0,21
88,2004,376,5,NaN,NaN,NaN,0,0,1,1,0,0
88,2004,272,19,NaN,NaN,NaN,0,0,1,1,0,0
88,2004,276,3,NaN,NaN,NaN,0,0,1,1,0,17
88,2004,347,13,NaN,NaN,NaN,0,0,1,0,0,0
88,2004,593,15,NaN,NaN,NaN,0,0,1,1,0,0
88,2004,1130,10,NaN,NaN,NaN,0,0,1,0,0,13
88,2004,87,20,NaN,NaN,NaN,0,0,1,1,0,0
88,2004,1599,3,NaN,NaN,NaN,0,0,1,1,0,22
88,2004,27,2,NaN,NaN,NaN,0,0,1,1,0,0
88,2004,1178,9,NaN,NaN,NaN,0,0,1,1,0,2
88,2004,183,6,NaN,NaN,NaN,0,0,1,1,0,14
88,2004,803,5,NaN,NaN,NaN,0,0,1,1,0,15
88,2004,858,1,NaN,NaN,NaN,0,0,1,0,0,0
88,2004,1441,17,NaN,NaN,NaN,0,0,1,1,0,10
88,2004,1113,11,NaN,NaN,NaN,0,0,1,1,0,5
88,2004,634,1,NaN,NaN,NaN,0,0.26165154734921,1,1,0,18
88,2004,534,18,NaN,NaN,NaN,0,0,1,1,0,0
88,2004,134,21,NaN,NaN,NaN,0,0,1,0,0,0
88,2004,968,12,NaN,NaN,NaN,0,0,1,1,0,0
88,2004,1268,13,NaN,NaN,NaN,0,0,1,1,0,5
88,2004,1580,2,NaN,NaN,NaN,0,0,1,1,0,10
88,2004,151,17,NaN,NaN,NaN,0,0,1,1,0,0
88,2004,1305,15,NaN,NaN,NaN,0,0,1,1,0,13
88,2004,1439,22,NaN,NaN,NaN,0,0,1,1,0,13
88,2004,447,3,NaN,NaN,NaN,0,0,1,1,0,11
88,2004,1356,9,NaN,NaN,NaN,0,0,1,1,0,3
88,2004,1535,16,NaN,NaN,NaN,0,0,1,1,0,3
88,2004,1222,13,NaN,NaN,NaN,0,0,1,0,0,18
88,2004,1477,4,NaN,NaN,NaN,0,0,1,1,0,6
88,2004,978,13,NaN,NaN,NaN,0,0,1,1,0,0
88,2004,1144,2,NaN,NaN,NaN,0,0,1,0,0,0
88,2004,106,17,NaN,NaN,NaN,0,0,1,1,0,0
88,2004,607,18,NaN,NaN,NaN,0,0,1,1,0,0
88,2004,1195,21,NaN,NaN,NaN,0,0,1,1,0,14
88,2004,922,4,NaN,NaN,NaN,0,0,1,1,0,21
88,2004,1457,19,NaN,NaN,NaN,0,0,1,1,0,0
88,2004,671,18,NaN,NaN,NaN,0,0,1,1,0,2
88,2004,128,22,NaN,NaN,NaN,0,0,1,1,0,0
88,2004,767,11,NaN,NaN,NaN,0,0,1,1,0,12
88,2004,541,13,NaN,NaN,NaN,0,0,1,0,0,22
88,2004,233,5,NaN,NaN,NaN,0,0,1,1,0,18
88,2004,738,21,NaN,NaN,NaN,0,0,1,0,0,0
88,2004,410,13,NaN,NaN,NaN,0,0,1,0,0,0
88,2004,931,19,NaN,NaN,NaN,0,0,1,1,0,1
88,2004,20,1,NaN,NaN,NaN,0,0,1,1,0,12
88,2004,1364,1,NaN,NaN,NaN,0,0,1,1,0,21
88,2004,1368,14,NaN,NaN,NaN,0,0,1,0,0,5
88,2004,47,4,NaN,NaN,NaN,0,0,1,1,0,9
88,2004,245,3,NaN,NaN,NaN,0,0,1,1,0,5
88,2004,427,8,NaN,NaN,NaN,0,0,1,1,0,0
88,2004,333,5,NaN,NaN,NaN,0,0,1,1,0,19
88,2004,887,3,NaN,NaN,NaN,0,0,1,1,0,18
88,2004,907,17,NaN,NaN,NaN,0,0,1,0,0,0
88,2004,243,21,NaN,NaN,NaN,0,0,1,1,0,3
88,2004,296,16,NaN,NaN,NaN,0,0,1,1,0,0
88,2004,568,19,NaN,NaN,NaN,0,0,1,1,0,0
88,2004,390,22,NaN,NaN,NaN,0,0.668411475928984,1,1,0,0
88,2004,1497,5,NaN,NaN,NaN,0,0,1,1,0,1
88,2004,1598,9,NaN,NaN,NaN,0,0,1,1,0,3
88,2004,545,6,NaN,NaN,NaN,0,0,1,1,0,0
88,2004,1345,17,NaN,NaN,NaN,0,0,1,1,0,0
88,2004,722,4,NaN,NaN,NaN,0,0,1,1,0,0
88,2004,1584,4,NaN,NaN,NaN,0,0,1,1,0,21
88,2004,1034,1,NaN,NaN,NaN,0,0,1,0,0,0
88,2004,80,13,NaN,NaN,NaN,0,0,1,1,0,20
88,2004,372,6,NaN,NaN,NaN,0,0,1,1,0,0
88,2004,813,17,NaN,NaN,NaN,0,0,1,1,0,0
88,2004,1199,7,NaN,NaN,NaN,0,0,1,1,0,4
88,2004,1169,13,NaN,NaN,NaN,0,0,1,1,0,5
88,2004,1024,21,NaN,NaN,NaN,0,0,1,1,0,0
88,2004,1196,22,NaN,NaN,NaN,0,0,1,1,0,18
88,2004,1215,19,NaN,NaN,NaN,0,0,1,0,0,0
89,2004,1195,14,NaN,NaN,NaN,0,0,1,1,0,5
89,2004,803,15,NaN,NaN,NaN,0,0,1,1,0,0
89,2004,1584,21,NaN,NaN,NaN,0,0,1,1,0,0
89,2004,170,15,NaN,NaN,NaN,0,5.92009135379204,1,0,0,0
89,2004,887,18,NaN,NaN,NaN,0,0,1,1,0,4
89,2004,20,12,NaN,NaN,NaN,0,0,1,1,0,2
89,2004,1441,10,NaN,NaN,NaN,0,0,1,1,0,6
89,2004,1394,20,NaN,NaN,NaN,0,0,1,1,0,12
89,2004,390,22,NaN,NaN,NaN,0,6.33340376364605,1,1,1,6
89,2004,545,6,NaN,NaN,NaN,0,0,1,1,0,0
89,2004,243,3,NaN,NaN,NaN,0,0,1,1,0,0
89,2004,347,13,NaN,NaN,NaN,0,1.9010208288805,1,1,1,11
89,2004,1038,8,NaN,NaN,NaN,0,0,1,1,0,0
89,2004,1535,3,NaN,NaN,NaN,0,0,1,1,0,17
89,2004,372,6,NaN,NaN,NaN,0,0.931207463395037,1,1,1,13
89,2004,487,13,NaN,NaN,NaN,0,0,1,1,0,0
89,2004,182,21,NaN,NaN,NaN,0,0,1,1,0,0
89,2004,1497,1,NaN,NaN,NaN,0,2.46376119867183,1,1,1,18
89,2004,1003,17,NaN,NaN,NaN,0,0,1,1,0,0
89,2004,1021,17,NaN,NaN,NaN,0,0,1,1,0,0
89,2004,1024,21,NaN,NaN,NaN,0,0,1,1,0,11
89,2004,625,12,NaN,NaN,NaN,0,0,1,1,0,14
89,2004,671,2,NaN,NaN,NaN,0,0,1,1,0,3
89,2004,16,11,NaN,NaN,NaN,0,0,1,1,0,0
89,2004,276,17,NaN,NaN,NaN,0,0,1,1,0,16
89,2004,1186,13,NaN,NaN,NaN,0,0,1,1,0,0
89,2004,1465,3,NaN,NaN,NaN,0,0,1,1,0,21
89,2004,1144,2,NaN,NaN,NaN,0,6.90464311323274,1,1,1,16
89,2004,722,4,NaN,NaN,NaN,0,0,1,1,0,17
89,2004,1305,13,NaN,NaN,NaN,0,0,1,1,0,0
89,2004,729,11,NaN,NaN,NaN,0,0,1,1,0,0
89,2004,813,17,NaN,NaN,NaN,0,0,1,1,0,0
89,2004,128,22,NaN,NaN,NaN,0,0,1,1,0,0
89,2004,931,1,NaN,NaN,NaN,0,0,1,1,0,22
89,2004,102,21,NaN,NaN,NaN,0,0,1,1,0,17
89,2004,1124,19,NaN,NaN,NaN,0,0,1,1,0,16
89,2004,821,6,NaN,NaN,NaN,0,0,1,1,0,12
89,2004,151,17,NaN,NaN,NaN,0,0,1,1,0,0
89,2004,250,5,NaN,NaN,NaN,0,2.68390854693867,1,1,1,3
89,2004,554,18,NaN,NaN,NaN,0,0,1,1,0,0
89,2004,541,22,NaN,NaN,NaN,0,4.71707281297124,1,1,1,13
89,2004,1439,13,NaN,NaN,NaN,0,0,1,1,0,0
89,2004,106,17,NaN,NaN,NaN,0,0,1,1,0,0
89,2004,447,11,NaN,NaN,NaN,0,0,1,1,0,0
89,2004,1113,5,NaN,NaN,NaN,0,0,1,1,0,0
89,2004,738,21,NaN,NaN,NaN,0,3.04602562013992,1,1,1,11
89,2004,267,15,NaN,NaN,NaN,0,0,1,1,0,13
89,2004,185,5,NaN,NaN,NaN,0,0,1,1,0,0
89,2004,544,20,NaN,NaN,NaN,0,0,1,1,0,0
89,2004,593,15,NaN,NaN,NaN,0,2.06369897772755,1,1,1,17
89,2004,1130,13,NaN,NaN,NaN,0,5.9495730626414,1,1,1,8
89,2004,1240,5,NaN,NaN,NaN,0,0,1,1,0,0
89,2004,272,19,NaN,NaN,NaN,0,0,1,1,0,0
89,2004,47,9,NaN,NaN,NaN,0,0,1,1,0,13
89,2004,247,8,NaN,NaN,NaN,0,0,1,1,0,22
89,2004,1356,3,NaN,NaN,NaN,0,0,1,1,0,20
89,2004,1227,13,NaN,NaN,NaN,0,0,1,1,0,0
89,2004,255,12,NaN,NaN,NaN,0,0,1,1,0,15
89,2004,333,19,NaN,NaN,NaN,0,0,1,1,0,0
89,2004,634,18,NaN,NaN,NaN,0,0,1,1,0,5
89,2004,1196,18,NaN,NaN,NaN,0,0,1,1,0,0
89,2004,607,18,NaN,NaN,NaN,0,0,1,1,0,22
89,2004,80,20,NaN,NaN,NaN,0,0,1,1,0,10
89,2004,323,4,NaN,NaN,NaN,0,2.3968939703418,1,1,1,2
89,2004,1178,2,NaN,NaN,NaN,0,0,1,1,0,0
89,2004,245,5,NaN,NaN,NaN,0,0,1,1,0,0
89,2004,410,13,NaN,NaN,NaN,0,4.81683851430574,1,1,1,11
89,2004,183,14,NaN,NaN,NaN,0,0,1,1,0,0
89,2004,27,2,NaN,NaN,NaN,0,2.73447045884238,1,1,1,5
89,2004,922,21,NaN,NaN,NaN,0,0,1,1,0,0
89,2004,1345,17,NaN,NaN,NaN,0,0,1,1,0,3
89,2004,461,17,NaN,NaN,NaN,0,0,1,1,0,15
89,2004,1457,19,NaN,NaN,NaN,0,0.0205215597215958,1,1,0,0
89,2004,907,17,NaN,NaN,NaN,0,6.16181933205794,1,1,1,20
89,2004,1215,19,NaN,NaN,NaN,0,5.94601325803838,1,1,1,2
89,2004,308,3,NaN,NaN,NaN,0,8.80685099797723,1,1,1,15
89,2004,763,13,NaN,NaN,NaN,0,0,1,1,0,0
89,2004,1598,3,NaN,NaN,NaN,0,0,1,1,0,0
89,2004,1122,11,NaN,NaN,NaN,0,0,1,1,0,2
89,2004,1107,5,NaN,NaN,NaN,0,4.53654182143,1,1,1,21
89,2004,1222,18,NaN,NaN,NaN,0,6.23777412555512,1,1,1,13
89,2004,1368,5,NaN,NaN,NaN,0,5.25813111641603,1,0,0,0
89,2004,296,16,NaN,NaN,NaN,0,0,1,1,0,8
89,2004,233,18,NaN,NaN,NaN,0,0,1,1,0,14
89,2004,134,21,NaN,NaN,NaN,0,3.51993840154299,1,1,1,1
89,2004,87,20,NaN,NaN,NaN,0,0,1,1,0,0
89,2004,1580,10,NaN,NaN,NaN,0,0,1,1,0,0
89,2004,801,18,NaN,NaN,NaN,0,0,1,1,0,8
89,2004,767,12,NaN,NaN,NaN,0,0,1,1,0,14
89,2004,968,12,NaN,NaN,NaN,0,0,1,1,0,22
89,2004,978,13,NaN,NaN,NaN,0,0,1,1,0,15
89,2004,1264,13,NaN,NaN,NaN,0,0,1,1,0,22
89,2004,67,1,NaN,NaN,NaN,0,0,1,1,0,0
89,2004,1364,21,NaN,NaN,NaN,0,0,1,1,0,15
89,2004,1391,6,NaN,NaN,NaN,0,0,1,1,0,0
89,2004,800,5,NaN,NaN,NaN,0,3.59332450357944,1,1,1,9
89,2004,1034,1,NaN,NaN,NaN,0,4.93307982699088,1,1,1,8
89,2004,1199,4,NaN,NaN,NaN,0,0,1,1,0,9
89,2004,1169,5,NaN,NaN,NaN,0,0,1,1,0,17
89,2004,858,1,NaN,NaN,NaN,0,4.78675648544902,1,1,1,21
89,2004,534,18,NaN,NaN,NaN,0,0,1,1,0,7
89,2004,1477,6,NaN,NaN,NaN,0,0,1,1,0,16
89,2004,376,5,NaN,NaN,NaN,0,0,1,1,0,0
89,2004,174,6,NaN,NaN,NaN,0,0,1,1,0,0
89,2004,568,19,NaN,NaN,NaN,0,4.50266916483379,1,1,1,2
89,2004,427,8,NaN,NaN,NaN,0,0,1,1,0,0
89,2004,44,18,NaN,NaN,NaN,0,0,1,1,0,11
89,2004,1599,22,NaN,NaN,NaN,0,0,1,1,0,0
89,2004,745,6,NaN,NaN,NaN,0,0,1,1,0,0
89,2004,1268,5,NaN,NaN,NaN,0,0,1,1,0,6
89,2004,1043,1,NaN,NaN,NaN,0,0.530782531808226,1,1,0,3
89,2004,1229,6,NaN,NaN,NaN,0,0,1,1,0,21
90,2005,1215,2,NaN,NaN,NaN,0,0,1,0,0,12
90,2005,931,22,NaN,NaN,NaN,0,0,1,1,0,19
90,2005,255,15,NaN,NaN,NaN,0,0,1,1,0,1
90,2005,568,2,NaN,NaN,NaN,0,0,1,0,0,0
90,2005,801,8,NaN,NaN,NaN,0,0,1,1,0,6
90,2005,821,12,NaN,NaN,NaN,0,0,1,1,0,5
90,2005,858,21,NaN,NaN,NaN,0,0,1,0,0,5
90,2005,1113,5,NaN,NaN,NaN,0,0,1,1,0,3
90,2005,625,14,NaN,NaN,NaN,0,0,1,1,0,0
90,2005,106,17,NaN,NaN,NaN,0,0,1,1,0,3
90,2005,745,6,NaN,NaN,NaN,0,0,1,1,0,16
90,2005,887,4,NaN,NaN,NaN,0,0,1,1,0,0
90,2005,174,6,NaN,NaN,NaN,0,0,1,1,0,12
90,2005,410,11,NaN,NaN,NaN,0,0,1,0,0,5
90,2005,347,11,NaN,NaN,NaN,0,0,1,0,0,16
90,2005,1124,16,NaN,NaN,NaN,0,0,1,1,0,0
90,2005,333,19,NaN,NaN,NaN,0,0,1,1,0,3
90,2005,1394,12,NaN,NaN,NaN,0,0,1,1,0,0
90,2005,447,11,NaN,NaN,NaN,0,0,1,1,0,0
90,2005,102,17,NaN,NaN,NaN,0,0,1,1,0,0
90,2005,134,1,NaN,NaN,NaN,0,0,1,0,0,0
90,2005,1240,5,NaN,NaN,NaN,0,0,1,1,0,13
90,2005,1364,15,NaN,NaN,NaN,0,0,1,1,0,1
90,2005,461,15,NaN,NaN,NaN,0,0,1,1,0,17
90,2005,308,15,NaN,NaN,NaN,0,0,1,0,0,0
90,2005,1441,6,NaN,NaN,NaN,0,0,1,1,0,3
90,2005,1227,13,NaN,NaN,NaN,0,0,1,1,0,14
90,2005,67,1,NaN,NaN,NaN,0,0,1,1,0,0
90,2005,1497,18,NaN,NaN,NaN,0,0,1,0,0,15
90,2005,968,22,NaN,NaN,NaN,0,0,1,1,0,12
90,2005,1107,21,NaN,NaN,NaN,0,0,1,0,0,5
90,2005,1021,17,NaN,NaN,NaN,0,0,1,1,0,7
90,2005,545,6,NaN,NaN,NaN,0,0,1,1,0,0
90,2005,803,15,NaN,NaN,NaN,0,0,1,1,0,16
90,2005,1465,21,NaN,NaN,NaN,0,0,1,1,0,0
90,2005,1003,17,NaN,NaN,NaN,0,0,1,1,0,0
90,2005,1196,18,NaN,NaN,NaN,0,0,1,1,0,12
90,2005,1356,20,NaN,NaN,NaN,0,0,1,1,0,0
90,2005,272,19,NaN,NaN,NaN,0,0,1,1,0,8
90,2005,250,3,NaN,NaN,NaN,0,0,1,0,0,0
90,2005,800,9,NaN,NaN,NaN,0,0,1,0,0,20
90,2005,267,13,NaN,NaN,NaN,0,0,1,1,0,16
90,2005,1457,19,NaN,NaN,NaN,0,0.0205215597215958,1,1,0,7
90,2005,1199,9,NaN,NaN,NaN,0,0,1,1,0,17
90,2005,1024,11,NaN,NaN,NaN,0,0,1,1,0,14
90,2005,1178,2,NaN,NaN,NaN,0,0,1,1,0,21
90,2005,323,2,NaN,NaN,NaN,0,0,1,0,0,12
90,2005,27,5,NaN,NaN,NaN,0,0,1,0,0,18
90,2005,1043,3,NaN,NaN,NaN,0,0.530782531808226,1,1,0,15
90,2005,922,21,NaN,NaN,NaN,0,0,1,1,0,0
90,2005,128,22,NaN,NaN,NaN,0,0,1,1,0,0
90,2005,722,17,NaN,NaN,NaN,0,0,1,1,0,11
90,2005,1169,17,NaN,NaN,NaN,0,0,1,1,0,8
90,2005,390,6,NaN,NaN,NaN,0,0,1,0,0,10
90,2005,487,13,NaN,NaN,NaN,0,0,1,1,0,9
90,2005,185,5,NaN,NaN,NaN,0,0,1,1,0,0
90,2005,541,13,NaN,NaN,NaN,0,0,1,0,0,0
90,2005,276,16,NaN,NaN,NaN,0,0,1,1,0,9
90,2005,296,8,NaN,NaN,NaN,0,0,1,1,0,5
90,2005,1268,6,NaN,NaN,NaN,0,0,1,1,0,13
90,2005,634,5,NaN,NaN,NaN,0,0,1,1,0,6
90,2005,427,8,NaN,NaN,NaN,0,0,1,1,0,0
90,2005,729,11,NaN,NaN,NaN,0,0,1,1,0,14
90,2005,671,3,NaN,NaN,NaN,0,0,1,1,0,18
90,2005,183,14,NaN,NaN,NaN,0,0,1,1,0,0
90,2005,1122,2,NaN,NaN,NaN,0,0,1,1,0,18
90,2005,544,20,NaN,NaN,NaN,0,0,1,1,0,16
90,2005,80,10,NaN,NaN,NaN,0,0,1,1,0,6
90,2005,1535,17,NaN,NaN,NaN,0,0,1,1,0,0
90,2005,87,20,NaN,NaN,NaN,0,0,1,1,0,0
90,2005,16,11,NaN,NaN,NaN,0,0,1,1,0,0
90,2005,1439,13,NaN,NaN,NaN,0,0,1,1,0,15
90,2005,763,13,NaN,NaN,NaN,0,0,1,1,0,6
90,2005,47,13,NaN,NaN,NaN,0,0,1,1,0,12
90,2005,1580,10,NaN,NaN,NaN,0,0,1,1,0,13
90,2005,738,11,NaN,NaN,NaN,0,0,1,0,0,21
90,2005,534,7,NaN,NaN,NaN,0,0,1,1,0,16
90,2005,245,5,NaN,NaN,NaN,0,0,1,1,0,0
90,2005,593,17,NaN,NaN,NaN,0,0,1,0,0,3
90,2005,1391,6,NaN,NaN,NaN,0,0,1,1,0,0
90,2005,1598,3,NaN,NaN,NaN,0,0,1,1,0,2
90,2005,1229,21,NaN,NaN,NaN,0,0,1,1,0,16
90,2005,607,22,NaN,NaN,NaN,0,0,1,1,0,17
90,2005,372,13,NaN,NaN,NaN,0,0,1,0,0,1
90,2005,182,21,NaN,NaN,NaN,0,0,1,1,0,16
90,2005,1305,13,NaN,NaN,NaN,0,0,1,1,0,0
90,2005,376,5,NaN,NaN,NaN,0,0,1,1,0,0
90,2005,767,14,NaN,NaN,NaN,0,0,1,1,0,16
90,2005,247,22,NaN,NaN,NaN,0,0,1,1,0,3
90,2005,1144,16,NaN,NaN,NaN,0,0,1,0,0,12
90,2005,1264,22,NaN,NaN,NaN,0,0,1,1,0,9
90,2005,1222,13,NaN,NaN,NaN,0,0,1,0,0,5
90,2005,1345,3,NaN,NaN,NaN,0,0,1,1,0,12
90,2005,1195,5,NaN,NaN,NaN,0,0,1,1,0,21
90,2005,1584,21,NaN,NaN,NaN,0,0,1,1,0,0
90,2005,1186,13,NaN,NaN,NaN,0,0,1,1,0,0
90,2005,907,20,NaN,NaN,NaN,0,0,1,0,0,10
90,2005,243,3,NaN,NaN,NaN,0,0,1,1,0,18
90,2005,1368,5,NaN,NaN,NaN,0,5.25813111641603,1,0,0,14
90,2005,1599,22,NaN,NaN,NaN,0,0,1,1,0,17
90,2005,233,14,NaN,NaN,NaN,0,0,1,1,0,5
90,2005,1038,8,NaN,NaN,NaN,0,0,1,1,0,11
90,2005,813,17,NaN,NaN,NaN,0,0,1,1,0,5
90,2005,170,15,NaN,NaN,NaN,0,5.92009135379204,1,0,0,0
90,2005,20,2,NaN,NaN,NaN,0,0,1,1,0,0
90,2005,44,11,NaN,NaN,NaN,0,0,1,1,0,5
90,2005,1034,8,NaN,NaN,NaN,0,0,1,0,0,0
90,2005,554,18,NaN,NaN,NaN,0,0,1,1,0,5
90,2005,151,17,NaN,NaN,NaN,0,0,1,1,0,0
90,2005,1130,8,NaN,NaN,NaN,0,0,1,0,0,0
91,2005,323,12,NaN,NaN,NaN,0,0,1,0,0,0
91,2005,1465,21,NaN,NaN,NaN,0,0,1,1,0,4
91,2005,1368,14,NaN,NaN,NaN,0,5.25813111641603,1,1,1,5
91,2005,1222,5,NaN,NaN,NaN,0,0,1,0,0,0
91,2005,545,6,NaN,NaN,NaN,0,0,1,1,0,0
91,2005,106,3,NaN,NaN,NaN,0,0,1,1,0,20
91,2005,625,14,NaN,NaN,NaN,0,0,1,1,0,17
91,2005,1215,12,NaN,NaN,NaN,0,0,1,0,0,0
91,2005,243,18,NaN,NaN,NaN,0,0,1,1,0,4
91,2005,541,13,NaN,NaN,NaN,0,0,1,0,0,22
91,2005,1240,13,NaN,NaN,NaN,0,0,1,1,0,5
91,2005,247,3,NaN,NaN,NaN,0,0,1,1,0,21
91,2005,722,11,NaN,NaN,NaN,0,0,1,1,0,5
91,2005,1178,21,NaN,NaN,NaN,0,0,1,1,0,5
91,2005,887,4,NaN,NaN,NaN,0,0,1,1,0,0
91,2005,87,20,NaN,NaN,NaN,0,0,1,1,0,0
91,2005,27,18,NaN,NaN,NaN,0,0,1,0,0,7
91,2005,1268,13,NaN,NaN,NaN,0,0,1,1,0,19
91,2005,151,17,NaN,NaN,NaN,0,0,1,1,0,0
91,2005,255,1,NaN,NaN,NaN,0,0,1,1,0,16
91,2005,461,17,NaN,NaN,NaN,0,0,1,1,0,5
91,2005,1535,17,NaN,NaN,NaN,0,0,1,1,0,0
91,2005,813,5,NaN,NaN,NaN,0,0,1,1,0,0
91,2005,183,14,NaN,NaN,NaN,0,0,1,1,0,2
91,2005,1599,17,NaN,NaN,NaN,0,0,1,1,0,19
91,2005,185,5,NaN,NaN,NaN,0,0,1,1,0,0
91,2005,1107,5,NaN,NaN,NaN,0,0,1,0,0,0
91,2005,1124,16,NaN,NaN,NaN,0,0,1,1,0,19
91,2005,803,16,NaN,NaN,NaN,0,0,1,1,0,12
91,2005,1457,7,NaN,NaN,NaN,0,0.0205215597215958,1,1,0,0
91,2005,447,11,NaN,NaN,NaN,0,0,1,1,0,14
91,2005,487,9,NaN,NaN,NaN,0,0,1,1,0,13
91,2005,1394,12,NaN,NaN,NaN,0,0,1,1,0,0
91,2005,1113,3,NaN,NaN,NaN,0,0,1,1,0,0
91,2005,1043,15,NaN,NaN,NaN,0,0.530782531808226,1,1,0,0
91,2005,134,1,NaN,NaN,NaN,0,0,1,0,0,0
91,2005,801,6,NaN,NaN,NaN,0,0,1,1,0,18
91,2005,1598,2,NaN,NaN,NaN,0,0,1,1,0,19
91,2005,1439,15,NaN,NaN,NaN,0,0,1,1,0,13
91,2005,47,12,NaN,NaN,NaN,0,0,1,1,0,18
91,2005,534,16,NaN,NaN,NaN,0,0,1,1,0,18
91,2005,182,16,NaN,NaN,NaN,0,0,1,1,0,11
91,2005,1497,15,NaN,NaN,NaN,0,0,1,0,0,0
91,2005,333,3,NaN,NaN,NaN,0,0,1,1,0,0
91,2005,245,5,NaN,NaN,NaN,0,0,1,1,0,0
91,2005,1391,6,NaN,NaN,NaN,0,0,1,1,0,2
91,2005,233,5,NaN,NaN,NaN,0,0,1,1,0,13
91,2005,427,8,NaN,NaN,NaN,0,0,1,1,0,0
91,2005,1130,8,NaN,NaN,NaN,0,0,1,0,0,22
91,2005,1441,3,NaN,NaN,NaN,0,0,1,1,0,0
91,2005,1195,21,NaN,NaN,NaN,0,0,1,1,0,1
91,2005,671,18,NaN,NaN,NaN,0,0,1,1,0,0
91,2005,634,6,NaN,NaN,NaN,0,0,1,1,0,13
91,2005,174,12,NaN,NaN,NaN,0,0,1,1,0,15
91,2005,593,3,NaN,NaN,NaN,0,0,1,0,0,0
91,2005,1034,8,NaN,NaN,NaN,0,0,1,0,0,11
91,2005,1580,13,NaN,NaN,NaN,0,0,1,1,0,0
91,2005,1196,12,NaN,NaN,NaN,0,0,1,1,0,5
91,2005,767,16,NaN,NaN,NaN,0,0,1,1,0,0
91,2005,1229,16,NaN,NaN,NaN,0,0,1,1,0,0
91,2005,1264,9,NaN,NaN,NaN,0,0,1,1,0,8
91,2005,347,16,NaN,NaN,NaN,0,0,1,0,0,5
91,2005,745,16,NaN,NaN,NaN,0,0,1,1,0,7
91,2005,1122,18,NaN,NaN,NaN,0,0,1,1,0,0
91,2005,128,22,NaN,NaN,NaN,0,0,1,1,0,11
91,2005,1364,1,NaN,NaN,NaN,0,0,1,1,0,0
91,2005,20,2,NaN,NaN,NaN,0,0,1,1,0,18
91,2005,276,9,NaN,NaN,NaN,0,0,1,1,0,0
91,2005,308,15,NaN,NaN,NaN,0,0,1,0,0,3
91,2005,1584,21,NaN,NaN,NaN,0,0,1,1,0,7
91,2005,250,3,NaN,NaN,NaN,0,0,1,0,0,7
91,2005,1038,11,NaN,NaN,NaN,0,0,1,1,0,0
91,2005,568,2,NaN,NaN,NaN,0,0,1,0,0,4
91,2005,1021,7,NaN,NaN,NaN,0,0,1,1,0,20
91,2005,1345,12,NaN,NaN,NaN,0,0,1,1,0,0
91,2005,102,17,NaN,NaN,NaN,0,0,1,1,0,5
91,2005,267,16,NaN,NaN,NaN,0,0,1,1,0,5
91,2005,554,5,NaN,NaN,NaN,0,0,1,1,0,9
91,2005,858,5,NaN,NaN,NaN,0,0,1,0,0,0
91,2005,1024,14,NaN,NaN,NaN,0,0,1,1,0,20
91,2005,1144,12,NaN,NaN,NaN,0,0,1,0,0,0
91,2005,80,6,NaN,NaN,NaN,0,0,1,1,0,5
91,2005,170,15,NaN,NaN,NaN,0,5.92009135379204,1,1,1,1
91,2005,544,16,NaN,NaN,NaN,0,0,1,1,0,0
91,2005,16,11,NaN,NaN,NaN,0,0,1,1,0,13
91,2005,410,5,NaN,NaN,NaN,0,0,1,0,0,13
91,2005,800,20,NaN,NaN,NaN,0,0,1,0,0,9
91,2005,763,6,NaN,NaN,NaN,0,0,1,1,0,0
91,2005,1186,13,NaN,NaN,NaN,0,0,1,1,0,4
91,2005,272,8,NaN,NaN,NaN,0,0,1,1,0,11
91,2005,44,5,NaN,NaN,NaN,0,0,1,1,0,0
91,2005,821,5,NaN,NaN,NaN,0,0,1,1,0,9
91,2005,296,5,NaN,NaN,NaN,0,0,1,1,0,0
91,2005,607,17,NaN,NaN,NaN,0,0,1,1,0,11
91,2005,729,14,NaN,NaN,NaN,0,0,1,1,0,15
91,2005,922,21,NaN,NaN,NaN,0,0,1,1,0,6
91,2005,390,10,NaN,NaN,NaN,0,0,1,0,0,20
91,2005,376,5,NaN,NaN,NaN,0,0,1,1,0,0
91,2005,67,1,NaN,NaN,NaN,0,0,1,1,0,7
91,2005,1356,20,NaN,NaN,NaN,0,0,1,1,0,4
91,2005,1227,14,NaN,NaN,NaN,0,0,1,1,0,16
91,2005,1305,13,NaN,NaN,NaN,0,0,1,1,0,0
91,2005,372,1,NaN,NaN,NaN,0,0,1,0,0,5
91,2005,1199,17,NaN,NaN,NaN,0,0,1,1,0,0
91,2005,738,21,NaN,NaN,NaN,0,0,1,0,0,0
91,2005,907,10,NaN,NaN,NaN,0,0,1,0,0,5
91,2005,1169,8,NaN,NaN,NaN,0,0,1,1,0,16
91,2005,1003,17,NaN,NaN,NaN,0,0,1,1,0,0
91,2005,931,19,NaN,NaN,NaN,0,0,1,1,0,11
91,2005,968,12,NaN,NaN,NaN,0,0,1,1,0,18
92,2005,376,5,NaN,NaN,NaN,0,0,1,1,0,9
92,2005,1368,5,NaN,NaN,NaN,0,0,1,0,0,0
92,2005,1598,19,NaN,NaN,NaN,0,0,1,1,0,0
92,2005,128,11,NaN,NaN,NaN,0,0,1,1,0,0
92,2005,907,5,NaN,NaN,NaN,0,0,1,0,0,0
92,2005,1240,5,NaN,NaN,NaN,0,0,1,1,0,0
92,2005,1356,4,NaN,NaN,NaN,0,0,1,1,0,13
92,2005,245,5,NaN,NaN,NaN,0,0,1,1,0,21
92,2005,1227,16,NaN,NaN,NaN,0,0,1,1,0,19
92,2005,106,20,NaN,NaN,NaN,0,0,1,1,0,18
92,2005,1199,17,NaN,NaN,NaN,0,0,1,1,0,16
92,2005,80,5,NaN,NaN,NaN,0,0,1,1,0,18
92,2005,183,2,NaN,NaN,NaN,0,0,1,1,0,0
92,2005,813,5,NaN,NaN,NaN,0,0,1,1,0,0
92,2005,1268,19,NaN,NaN,NaN,0,0,1,1,0,17
92,2005,372,5,NaN,NaN,NaN,0,0,1,0,0,0
92,2005,182,11,NaN,NaN,NaN,0,0,1,1,0,13
92,2005,1345,12,NaN,NaN,NaN,0,0,1,1,0,0
92,2005,1229,16,NaN,NaN,NaN,0,0,1,1,0,0
92,2005,1394,12,NaN,NaN,NaN,0,0,1,1,0,0
92,2005,801,18,NaN,NaN,NaN,0,0,1,1,0,9
92,2005,554,9,NaN,NaN,NaN,0,0,1,1,0,5
92,2005,671,18,NaN,NaN,NaN,0,0,1,1,0,0
92,2005,1215,12,NaN,NaN,NaN,0,0,1,0,0,19
92,2005,607,11,NaN,NaN,NaN,0,0,1,1,0,0
92,2005,534,18,NaN,NaN,NaN,0,0,1,1,0,0
92,2005,544,16,NaN,NaN,NaN,0,0,1,1,0,0
92,2005,1021,20,NaN,NaN,NaN,0,0,1,1,0,0
92,2005,1441,3,NaN,NaN,NaN,0,0,1,1,0,15
92,2005,1038,11,NaN,NaN,NaN,0,0,1,1,0,0
92,2005,87,20,NaN,NaN,NaN,0,0,1,1,0,0
92,2005,233,13,NaN,NaN,NaN,0,0,1,1,0,18
92,2005,487,13,NaN,NaN,NaN,0,0,1,1,0,0
92,2005,545,6,NaN,NaN,NaN,0,0,1,1,0,0
92,2005,1107,5,NaN,NaN,NaN,0,0,1,0,0,0
92,2005,276,9,NaN,NaN,NaN,0,0,1,1,0,7
92,2005,102,5,NaN,NaN,NaN,0,0,1,1,0,0
92,2005,625,17,NaN,NaN,NaN,0,0,1,1,0,0
92,2005,858,5,NaN,NaN,NaN,0,0,1,0,0,0
92,2005,272,11,NaN,NaN,NaN,0,0,1,1,0,0
92,2005,461,5,NaN,NaN,NaN,0,0,1,1,0,0
92,2005,1391,2,NaN,NaN,NaN,0,0,1,1,0,19
92,2005,1122,18,NaN,NaN,NaN,0,0,1,1,0,0
92,2005,1305,13,NaN,NaN,NaN,0,0,1,1,0,0
92,2005,729,15,NaN,NaN,NaN,0,0,1,1,0,11
92,2005,767,16,NaN,NaN,NaN,0,0,1,1,0,12
92,2005,347,5,NaN,NaN,NaN,0,0,1,0,0,7
92,2005,296,5,NaN,NaN,NaN,0,0,1,1,0,19
92,2005,247,21,NaN,NaN,NaN,0,0,1,1,0,4
92,2005,1222,5,NaN,NaN,NaN,0,0,1,0,0,20
92,2005,593,3,NaN,NaN,NaN,0,0,1,0,0,0
92,2005,1195,1,NaN,NaN,NaN,0,0,1,1,0,9
92,2005,763,6,NaN,NaN,NaN,0,0,1,1,0,12
92,2005,968,18,NaN,NaN,NaN,0,0,1,1,0,0
92,2005,20,18,NaN,NaN,NaN,0,0,1,1,0,0
92,2005,1439,13,NaN,NaN,NaN,0,0,1,1,0,0
92,2005,185,5,NaN,NaN,NaN,0,0,1,1,0,4
92,2005,568,4,NaN,NaN,NaN,0,0,1,0,0,9
92,2005,1264,8,NaN,NaN,NaN,0,0,1,1,0,3
92,2005,267,5,NaN,NaN,NaN,0,0,1,1,0,19
92,2005,821,9,NaN,NaN,NaN,0,0,1,1,0,5
92,2005,333,3,NaN,NaN,NaN,0,0,1,1,0,20
92,2005,1024,20,NaN,NaN,NaN,0,0,1,1,0,14
92,2005,1144,12,NaN,NaN,NaN,0,0,1,0,0,6
92,2005,1034,11,NaN,NaN,NaN,0,0,1,0,0,4
92,2005,1497,15,NaN,NaN,NaN,0,0,1,0,0,0
92,2005,1124,19,NaN,NaN,NaN,0,0,1,1,0,0
92,2005,738,21,NaN,NaN,NaN,0,0,1,0,0,0
92,2005,1457,7,NaN,NaN,NaN,0,0.0205215597215958,1,1,0,0
92,2005,427,8,NaN,NaN,NaN,0,0,1,1,0,17
92,2005,1196,5,NaN,NaN,NaN,0,0,1,1,0,11
92,2005,255,16,NaN,NaN,NaN,0,0,1,1,0,0
92,2005,800,9,NaN,NaN,NaN,0,0,1,0,0,0
92,2005,803,12,NaN,NaN,NaN,0,0,1,1,0,15
92,2005,410,13,NaN,NaN,NaN,0,0,1,0,0,0
92,2005,1465,4,NaN,NaN,NaN,0,0,1,1,0,21
92,2005,1186,4,NaN,NaN,NaN,0,0,1,1,0,0
92,2005,243,4,NaN,NaN,NaN,0,0,1,1,0,0
92,2005,67,7,NaN,NaN,NaN,0,0,1,1,0,20
92,2005,1178,5,NaN,NaN,NaN,0,0,1,1,0,14
92,2005,27,7,NaN,NaN,NaN,0,0,1,0,0,6
92,2005,1003,17,NaN,NaN,NaN,0,0,1,1,0,0
92,2005,16,13,NaN,NaN,NaN,0,0,1,1,0,7
92,2005,323,12,NaN,NaN,NaN,0,0,1,0,0,14
92,2005,634,13,NaN,NaN,NaN,0,0,1,1,0,0
92,2005,170,1,NaN,NaN,NaN,0,0,1,0,0,15
92,2005,447,14,NaN,NaN,NaN,0,0,1,1,0,0
92,2005,887,4,NaN,NaN,NaN,0,0,1,1,0,0
92,2005,1599,19,NaN,NaN,NaN,0,0,1,1,0,0
92,2005,308,3,NaN,NaN,NaN,0,0,1,0,0,0
92,2005,1113,3,NaN,NaN,NaN,0,0,1,1,0,16
92,2005,1364,1,NaN,NaN,NaN,0,0,1,1,0,0
92,2005,1169,16,NaN,NaN,NaN,0,0,1,1,0,6
92,2005,44,5,NaN,NaN,NaN,0,0,1,1,0,0
92,2005,745,7,NaN,NaN,NaN,0,0,1,1,0,16
92,2005,1535,17,NaN,NaN,NaN,0,0,1,1,0,3
92,2005,922,6,NaN,NaN,NaN,0,0,1,1,0,14
92,2005,1580,13,NaN,NaN,NaN,0,0,1,1,0,22
92,2005,1043,15,NaN,NaN,NaN,0,0.530782531808226,1,1,0,18
92,2005,1130,22,NaN,NaN,NaN,0,0,1,0,0,0
92,2005,174,15,NaN,NaN,NaN,0,0,1,1,0,8
92,2005,931,11,NaN,NaN,NaN,0,0,1,1,0,20
92,2005,722,5,NaN,NaN,NaN,0,0,1,1,0,11
92,2005,541,22,NaN,NaN,NaN,0,0,1,0,0,0
92,2005,151,17,NaN,NaN,NaN,0,0,1,1,0,0
92,2005,1584,7,NaN,NaN,NaN,0,0,1,1,0,17
92,2005,390,20,NaN,NaN,NaN,0,0,1,0,0,11
92,2005,250,7,NaN,NaN,NaN,0,0,1,0,0,0
92,2005,134,1,NaN,NaN,NaN,0,0,1,0,0,0
92,2005,47,18,NaN,NaN,NaN,0,0,1,1,0,12
93,2005,968,18,NaN,NaN,NaN,0,0,1,1,0,0
93,2005,634,13,NaN,NaN,NaN,0,0,1,1,0,1
93,2005,887,4,NaN,NaN,NaN,0,0,1,1,0,18
93,2005,183,2,NaN,NaN,NaN,0,0,1,1,0,22
93,2005,1264,3,NaN,NaN,NaN,0,0,1,1,0,0
93,2005,1107,5,NaN,NaN,NaN,0,3.94169012804627,1,1,1,17
93,2005,1345,12,NaN,NaN,NaN,0,0,1,1,0,0
93,2005,1580,22,NaN,NaN,NaN,0,0,1,1,0,8
93,2005,20,18,NaN,NaN,NaN,0,0,1,1,0,0
93,2005,134,1,NaN,NaN,NaN,0,2.92497198795123,1,1,1,13
93,2005,1195,9,NaN,NaN,NaN,0,0,1,1,0,5
93,2005,27,6,NaN,NaN,NaN,0,4.05520983035248,1,1,1,21
93,2005,1598,19,NaN,NaN,NaN,0,0,1,1,0,9
93,2005,87,20,NaN,NaN,NaN,0,0,1,1,0,0
93,2005,487,13,NaN,NaN,NaN,0,4.45283438045784,1,1,1,18
93,2005,245,21,NaN,NaN,NaN,0,2.17921567254988,1,1,1,5
93,2005,376,9,NaN,NaN,NaN,0,0,1,1,0,3
93,2005,534,18,NaN,NaN,NaN,0,0,1,1,0,0
93,2005,1199,16,NaN,NaN,NaN,0,0,1,1,0,17
93,2005,427,17,NaN,NaN,NaN,0,0,1,1,0,0
93,2005,1457,7,NaN,NaN,NaN,0,0,1,1,0,0
93,2005,1227,19,NaN,NaN,NaN,0,0,1,1,0,21
93,2005,729,11,NaN,NaN,NaN,0,0,1,1,0,0
93,2005,607,11,NaN,NaN,NaN,0,0,1,1,0,13
93,2005,308,3,NaN,NaN,NaN,0,8.48471410220496,1,1,1,15
93,2005,1368,5,NaN,NaN,NaN,0,4.54747604894267,1,0,0,14
93,2005,372,5,NaN,NaN,NaN,0,2.69193185610006,1,1,1,8
93,2005,907,5,NaN,NaN,NaN,0,6.18720545903156,1,1,1,20
93,2005,323,14,NaN,NaN,NaN,0,0,1,1,0,2
93,2005,410,13,NaN,NaN,NaN,0,5.72729616498766,1,1,1,5
93,2005,738,21,NaN,NaN,NaN,0,3.09188045639997,1,1,1,8
93,2005,722,11,NaN,NaN,NaN,0,0,1,1,0,0
93,2005,922,14,NaN,NaN,NaN,0,0,1,1,0,6
93,2005,247,4,NaN,NaN,NaN,0,0,1,1,0,1
93,2005,255,16,NaN,NaN,NaN,0,1.24843692329087,1,1,1,17
93,2005,1124,19,NaN,NaN,NaN,0,0,1,1,0,0
93,2005,1497,15,NaN,NaN,NaN,0,0,1,1,0,21
93,2005,276,7,NaN,NaN,NaN,0,0,1,1,0,0
93,2005,170,15,NaN,NaN,NaN,0,6.27930290283573,1,0,0,0
93,2005,568,9,NaN,NaN,NaN,0,6.32049099806805,1,1,1,14
93,2005,80,18,NaN,NaN,NaN,0,0,1,1,0,0
93,2005,1021,20,NaN,NaN,NaN,0,0,1,1,0,15
93,2005,296,19,NaN,NaN,NaN,0,0,1,1,0,0
93,2005,174,8,NaN,NaN,NaN,0,0,1,1,0,6
93,2005,1394,12,NaN,NaN,NaN,0,0,1,1,0,0
93,2005,1305,13,NaN,NaN,NaN,0,0,1,1,0,0
93,2005,1599,19,NaN,NaN,NaN,0,0,1,1,0,5
93,2005,1186,4,NaN,NaN,NaN,0,0,1,1,0,2
93,2005,858,5,NaN,NaN,NaN,0,4.52939094436952,1,1,1,12
93,2005,1441,15,NaN,NaN,NaN,0,0,1,1,0,13
93,2005,554,5,NaN,NaN,NaN,0,0,1,1,0,11
93,2005,347,7,NaN,NaN,NaN,0,0,1,1,0,0
93,2005,1122,18,NaN,NaN,NaN,0,0,1,1,0,1
93,2005,185,4,NaN,NaN,NaN,0,0,1,1,0,5
93,2005,1535,3,NaN,NaN,NaN,0,0,1,1,0,0
93,2005,625,17,NaN,NaN,NaN,0,0,1,1,0,0
93,2005,1240,5,NaN,NaN,NaN,0,0,1,1,0,0
93,2005,1268,17,NaN,NaN,NaN,0,0,1,1,0,5
93,2005,1169,6,NaN,NaN,NaN,0,0,1,1,0,17
93,2005,243,4,NaN,NaN,NaN,0,0,1,1,0,0
93,2005,545,6,NaN,NaN,NaN,0,0,1,1,0,0
93,2005,1003,17,NaN,NaN,NaN,0,0,1,1,0,0
93,2005,1229,16,NaN,NaN,NaN,0,0,1,1,0,1
93,2005,763,12,NaN,NaN,NaN,0,0,1,1,0,9
93,2005,1391,19,NaN,NaN,NaN,0,0,1,1,0,0
93,2005,1024,14,NaN,NaN,NaN,0,3.00938902270489,1,1,1,18
93,2005,67,20,NaN,NaN,NaN,0,4.45687850755723,1,1,1,8
93,2005,390,11,NaN,NaN,NaN,0,0,1,1,0,20
93,2005,1364,1,NaN,NaN,NaN,0,1.5941663195429,1,1,1,19
93,2005,1034,4,NaN,NaN,NaN,0,0,1,1,0,0
93,2005,1215,19,NaN,NaN,NaN,0,0,1,1,0,0
93,2005,1465,21,NaN,NaN,NaN,0,0,1,1,0,0
93,2005,671,18,NaN,NaN,NaN,0,0,1,1,0,1
93,2005,1439,13,NaN,NaN,NaN,0,0,1,1,0,0
93,2005,745,16,NaN,NaN,NaN,0,3.28981181676397,1,1,1,22
93,2005,1584,17,NaN,NaN,NaN,0,1.75544611081216,1,1,1,7
93,2005,767,12,NaN,NaN,NaN,0,0,1,1,0,0
93,2005,250,7,NaN,NaN,NaN,0,6.84950938593801,1,1,1,5
93,2005,47,12,NaN,NaN,NaN,0,0,1,1,0,13
93,2005,1144,6,NaN,NaN,NaN,0,0,1,1,0,19
93,2005,1196,11,NaN,NaN,NaN,0,0,1,1,0,12
93,2005,267,19,NaN,NaN,NaN,0,0,1,1,0,3
93,2005,16,7,NaN,NaN,NaN,0,0,1,1,0,6
93,2005,803,15,NaN,NaN,NaN,0,0,1,1,0,0
93,2005,801,9,NaN,NaN,NaN,0,0,1,1,0,8
93,2005,1043,18,NaN,NaN,NaN,0,0,1,1,0,0
93,2005,106,18,NaN,NaN,NaN,0,0,1,1,0,6
93,2005,102,5,NaN,NaN,NaN,0,0,1,1,0,0
93,2005,447,14,NaN,NaN,NaN,0,0,1,1,0,0
93,2005,1130,22,NaN,NaN,NaN,0,6.45650519925646,1,1,1,7
93,2005,544,16,NaN,NaN,NaN,0,0,1,1,0,5
93,2005,593,3,NaN,NaN,NaN,0,4.81394065851413,1,1,1,12
93,2005,1038,11,NaN,NaN,NaN,0,0,1,1,0,0
93,2005,272,11,NaN,NaN,NaN,0,0,1,1,0,0
93,2005,233,18,NaN,NaN,NaN,0,0,1,1,0,8
93,2005,44,5,NaN,NaN,NaN,0,0,1,1,0,0
93,2005,931,20,NaN,NaN,NaN,0,0,1,1,0,0
93,2005,151,17,NaN,NaN,NaN,0,0,1,1,0,0
93,2005,1113,16,NaN,NaN,NaN,0,0,1,1,0,12
93,2005,333,20,NaN,NaN,NaN,0,0,1,1,0,9
93,2005,1178,14,NaN,NaN,NaN,0,0,1,1,0,0
93,2005,461,5,NaN,NaN,NaN,0,0,1,1,0,0
93,2005,1356,13,NaN,NaN,NaN,0,0,1,1,0,8
93,2005,128,11,NaN,NaN,NaN,0,0,1,1,0,0
93,2005,813,5,NaN,NaN,NaN,0,3.68219603351639,1,1,1,1
93,2005,821,5,NaN,NaN,NaN,0,0,1,1,0,20
93,2005,1222,20,NaN,NaN,NaN,0,0,1,1,0,13
93,2005,541,22,NaN,NaN,NaN,0,4.3630716065767,1,1,1,18
93,2005,800,9,NaN,NaN,NaN,0,0,1,1,0,0
94,2006,308,15,NaN,NaN,NaN,0,0,1,0,0,0
94,2006,333,9,NaN,NaN,NaN,0,0,1,1,0,5
94,2006,233,8,NaN,NaN,NaN,0,0,1,1,0,20
94,2006,1441,13,NaN,NaN,NaN,0,0,1,1,0,5
94,2006,738,8,NaN,NaN,NaN,0,0,1,0,0,21
94,2006,151,17,NaN,NaN,NaN,0,0,1,1,0,0
94,2006,272,11,NaN,NaN,NaN,0,0,1,1,0,0
94,2006,1130,7,NaN,NaN,NaN,0,0,1,0,0,0
94,2006,931,20,NaN,NaN,NaN,0,0,1,1,0,8
94,2006,1122,1,NaN,NaN,NaN,0,0,1,1,0,3
94,2006,487,18,NaN,NaN,NaN,0,0,1,0,0,13
94,2006,858,12,NaN,NaN,NaN,0,0,1,0,0,14
94,2006,1021,15,NaN,NaN,NaN,0,0,1,1,0,22
94,2006,1229,1,NaN,NaN,NaN,0,0,1,1,0,0
94,2006,67,8,NaN,NaN,NaN,0,0,1,0,0,19
94,2006,767,12,NaN,NaN,NaN,0,0,1,1,0,7
94,2006,447,14,NaN,NaN,NaN,0,0,1,1,0,11
94,2006,372,8,NaN,NaN,NaN,0,0,1,0,0,4
94,2006,541,18,NaN,NaN,NaN,0,0,1,0,0,22
94,2006,170,15,NaN,NaN,NaN,0,6.27930290283573,1,0,0,0
94,2006,1439,13,NaN,NaN,NaN,0,0,1,1,0,16
94,2006,1598,9,NaN,NaN,NaN,0,0,1,1,0,0
94,2006,800,9,NaN,NaN,NaN,0,0,1,1,0,0
94,2006,1497,21,NaN,NaN,NaN,0,0,1,1,0,5
94,2006,174,6,NaN,NaN,NaN,0,0,1,1,0,0
94,2006,296,19,NaN,NaN,NaN,0,0,1,1,0,5
94,2006,80,18,NaN,NaN,NaN,0,0,1,1,0,11
94,2006,1038,11,NaN,NaN,NaN,0,0,1,1,0,0
94,2006,247,1,NaN,NaN,NaN,0,0,1,1,0,2
94,2006,1465,21,NaN,NaN,NaN,0,0,1,1,0,0
94,2006,390,20,NaN,NaN,NaN,0,0,1,1,0,0
94,2006,763,9,NaN,NaN,NaN,0,0,1,1,0,6
94,2006,1178,14,NaN,NaN,NaN,0,0,1,1,0,9
94,2006,461,5,NaN,NaN,NaN,0,0,1,1,0,2
94,2006,1264,3,NaN,NaN,NaN,0,0,1,1,0,0
94,2006,1107,17,NaN,NaN,NaN,0,0,1,0,0,5
94,2006,1364,19,NaN,NaN,NaN,0,0,1,0,0,1
94,2006,745,22,NaN,NaN,NaN,0,0,1,0,0,16
94,2006,27,21,NaN,NaN,NaN,0,0,1,0,0,0
94,2006,1196,12,NaN,NaN,NaN,0,0,1,1,0,5
94,2006,185,5,NaN,NaN,NaN,0,0,1,1,0,0
94,2006,545,6,NaN,NaN,NaN,0,0,1,1,0,5
94,2006,729,11,NaN,NaN,NaN,0,0,1,1,0,18
94,2006,1356,8,NaN,NaN,NaN,0,0,1,1,0,0
94,2006,1268,5,NaN,NaN,NaN,0,0,1,1,0,0
94,2006,427,17,NaN,NaN,NaN,0,0,1,1,0,0
94,2006,16,6,NaN,NaN,NaN,0,0,1,1,0,13
94,2006,922,6,NaN,NaN,NaN,0,0,1,1,0,3
94,2006,1240,5,NaN,NaN,NaN,0,0,1,1,0,0
94,2006,1580,8,NaN,NaN,NaN,0,0,1,1,0,0
94,2006,813,1,NaN,NaN,NaN,0,0,1,0,0,5
94,2006,1345,12,NaN,NaN,NaN,0,0,1,1,0,0
94,2006,1584,7,NaN,NaN,NaN,0,0,1,0,0,6
94,2006,1457,7,NaN,NaN,NaN,0,0,1,1,0,0
94,2006,250,5,NaN,NaN,NaN,0,0,1,0,0,0
94,2006,1227,21,NaN,NaN,NaN,0,0,1,1,0,19
94,2006,1394,12,NaN,NaN,NaN,0,0,1,1,0,0
94,2006,907,20,NaN,NaN,NaN,0,0,1,0,0,18
94,2006,183,22,NaN,NaN,NaN,0,0,1,1,0,2
94,2006,1043,18,NaN,NaN,NaN,0,0,1,1,0,16
94,2006,128,11,NaN,NaN,NaN,0,0,1,1,0,0
94,2006,1169,17,NaN,NaN,NaN,0,0,1,1,0,18
94,2006,607,13,NaN,NaN,NaN,0,0,1,1,0,0
94,2006,671,1,NaN,NaN,NaN,0,0,1,1,0,13
94,2006,255,17,NaN,NaN,NaN,0,0,1,0,0,16
94,2006,1535,3,NaN,NaN,NaN,0,0,1,1,0,6
94,2006,534,18,NaN,NaN,NaN,0,0,1,1,0,0
94,2006,821,20,NaN,NaN,NaN,0,0,1,1,0,0
94,2006,1024,18,NaN,NaN,NaN,0,0,1,0,0,0
94,2006,267,3,NaN,NaN,NaN,0,0,1,1,0,14
94,2006,106,6,NaN,NaN,NaN,0,0,1,1,0,0
94,2006,410,5,NaN,NaN,NaN,0,0,1,0,0,13
94,2006,47,13,NaN,NaN,NaN,0,0,1,1,0,0
94,2006,634,1,NaN,NaN,NaN,0,0,1,1,0,0
94,2006,102,5,NaN,NaN,NaN,0,0,1,1,0,17
94,2006,1222,13,NaN,NaN,NaN,0,0,1,1,0,5
94,2006,44,5,NaN,NaN,NaN,0,0,1,1,0,0
94,2006,722,11,NaN,NaN,NaN,0,0,1,1,0,5
94,2006,1113,12,NaN,NaN,NaN,0,0,1,1,0,0
94,2006,20,18,NaN,NaN,NaN,0,0,1,1,0,2
94,2006,1034,4,NaN,NaN,NaN,0,0,1,1,0,6
94,2006,243,4,NaN,NaN,NaN,0,0,1,1,0,6
94,2006,1599,5,NaN,NaN,NaN,0,0,1,1,0,0
94,2006,887,18,NaN,NaN,NaN,0,0,1,1,0,3
94,2006,803,15,NaN,NaN,NaN,0,0,1,1,0,2
94,2006,568,14,NaN,NaN,NaN,0,0,1,0,0,1
94,2006,544,5,NaN,NaN,NaN,0,0,1,1,0,16
94,2006,1215,19,NaN,NaN,NaN,0,0,1,1,0,18
94,2006,1124,19,NaN,NaN,NaN,0,0,1,1,0,21
94,2006,134,13,NaN,NaN,NaN,0,0,1,0,0,10
94,2006,1195,5,NaN,NaN,NaN,0,0,1,1,0,0
94,2006,87,20,NaN,NaN,NaN,0,0,1,1,0,0
94,2006,347,7,NaN,NaN,NaN,0,0,1,1,0,0
94,2006,245,5,NaN,NaN,NaN,0,0,1,0,0,7
94,2006,1199,17,NaN,NaN,NaN,0,0,1,1,0,19
94,2006,1305,13,NaN,NaN,NaN,0,0,1,1,0,0
94,2006,1186,2,NaN,NaN,NaN,0,0,1,1,0,5
94,2006,1144,19,NaN,NaN,NaN,0,0,1,1,0,0
94,2006,625,17,NaN,NaN,NaN,0,0,1,1,0,13
94,2006,276,7,NaN,NaN,NaN,0,0,1,1,0,3
94,2006,968,18,NaN,NaN,NaN,0,0,1,1,0,3
94,2006,801,8,NaN,NaN,NaN,0,0,1,1,0,4
94,2006,376,3,NaN,NaN,NaN,0,0,1,1,0,0
94,2006,593,12,NaN,NaN,NaN,0,0,1,0,0,6
94,2006,1391,19,NaN,NaN,NaN,0,0,1,1,0,12
94,2006,1368,14,NaN,NaN,NaN,0,4.54747604894267,1,0,0,0
94,2006,323,2,NaN,NaN,NaN,0,0,1,1,0,22
94,2006,1003,17,NaN,NaN,NaN,0,0,1,1,0,0
94,2006,554,11,NaN,NaN,NaN,0,0,1,1,0,18
95,2006,20,2,NaN,NaN,NaN,0,0,1,1,0,17
95,2006,813,5,NaN,NaN,NaN,0,0,1,0,0,18
95,2006,671,13,NaN,NaN,NaN,0,0,1,1,0,0
95,2006,722,5,NaN,NaN,NaN,0,0,1,1,0,6
95,2006,47,13,NaN,NaN,NaN,0,0,1,1,0,0
95,2006,255,16,NaN,NaN,NaN,0,0,1,0,0,0
95,2006,185,5,NaN,NaN,NaN,0,0,1,1,0,9
95,2006,568,1,NaN,NaN,NaN,0,0,1,0,0,0
95,2006,1043,16,NaN,NaN,NaN,0,0,1,1,0,22
95,2006,67,19,NaN,NaN,NaN,0,0,1,0,0,18
95,2006,276,3,NaN,NaN,NaN,0,0,1,1,0,1
95,2006,272,11,NaN,NaN,NaN,0,0,1,1,0,19
95,2006,803,2,NaN,NaN,NaN,0,0,1,1,0,16
95,2006,1580,8,NaN,NaN,NaN,0,0,1,1,0,0
95,2006,821,20,NaN,NaN,NaN,0,0,1,1,0,10
95,2006,1215,18,NaN,NaN,NaN,0,0,1,1,0,2
95,2006,593,6,NaN,NaN,NaN,0,0,1,0,0,18
95,2006,376,3,NaN,NaN,NaN,0,0,1,1,0,15
95,2006,296,5,NaN,NaN,NaN,0,0,1,1,0,0
95,2006,410,13,NaN,NaN,NaN,0,0,1,0,0,0
95,2006,447,11,NaN,NaN,NaN,0,0,1,1,0,0
95,2006,801,4,NaN,NaN,NaN,0,0,1,1,0,18
95,2006,390,20,NaN,NaN,NaN,0,0,1,1,0,0
95,2006,1441,5,NaN,NaN,NaN,0,0,1,1,0,15
95,2006,183,2,NaN,NaN,NaN,0,0,1,1,0,7
95,2006,80,11,NaN,NaN,NaN,0,0,1,1,0,0
95,2006,625,13,NaN,NaN,NaN,0,0,1,1,0,20
95,2006,128,11,NaN,NaN,NaN,0,0,1,1,0,0
95,2006,1345,12,NaN,NaN,NaN,0,0,1,1,0,0
95,2006,1368,14,NaN,NaN,NaN,0,4.54747604894267,1,1,1,5
95,2006,106,6,NaN,NaN,NaN,0,0,1,1,0,0
95,2006,1186,5,NaN,NaN,NaN,0,0,1,1,0,0
95,2006,1196,5,NaN,NaN,NaN,0,0,1,1,0,20
95,2006,887,3,NaN,NaN,NaN,0,0,1,1,0,8
95,2006,427,17,NaN,NaN,NaN,0,0,1,1,0,0
95,2006,1222,5,NaN,NaN,NaN,0,0,1,1,0,0
95,2006,1199,19,NaN,NaN,NaN,0,0,1,1,0,6
95,2006,372,4,NaN,NaN,NaN,0,0,1,0,0,18
95,2006,1107,5,NaN,NaN,NaN,0,0,1,0,0,0
95,2006,1268,5,NaN,NaN,NaN,0,0,1,1,0,0
95,2006,87,20,NaN,NaN,NaN,0,0,1,1,0,0
95,2006,1240,5,NaN,NaN,NaN,0,0,1,1,0,13
95,2006,554,18,NaN,NaN,NaN,0,0,1,1,0,1
95,2006,245,7,NaN,NaN,NaN,0,0,1,0,0,18
95,2006,1264,3,NaN,NaN,NaN,0,0,1,1,0,13
95,2006,1465,21,NaN,NaN,NaN,0,0,1,1,0,3
95,2006,247,2,NaN,NaN,NaN,0,0,1,1,0,13
95,2006,308,15,NaN,NaN,NaN,0,0,1,0,0,3
95,2006,1113,12,NaN,NaN,NaN,0,0,1,1,0,15
95,2006,1229,1,NaN,NaN,NaN,0,0,1,1,0,8
95,2006,545,5,NaN,NaN,NaN,0,0,1,1,0,10
95,2006,1169,18,NaN,NaN,NaN,0,0,1,1,0,21
95,2006,347,7,NaN,NaN,NaN,0,0,1,1,0,5
95,2006,1038,11,NaN,NaN,NaN,0,0,1,1,0,0
95,2006,544,16,NaN,NaN,NaN,0,0,1,1,0,1
95,2006,1195,5,NaN,NaN,NaN,0,0,1,1,0,0
95,2006,1497,5,NaN,NaN,NaN,0,0,1,1,0,0
95,2006,233,20,NaN,NaN,NaN,0,0,1,1,0,18
95,2006,487,13,NaN,NaN,NaN,0,0,1,0,0,0
95,2006,1130,7,NaN,NaN,NaN,0,0,1,0,0,13
95,2006,1305,13,NaN,NaN,NaN,0,0,1,1,0,7
95,2006,763,6,NaN,NaN,NaN,0,0,1,1,0,0
95,2006,858,14,NaN,NaN,NaN,0,0,1,0,0,4
95,2006,134,10,NaN,NaN,NaN,0,0,1,0,0,3
95,2006,729,18,NaN,NaN,NaN,0,0,1,1,0,7
95,2006,607,13,NaN,NaN,NaN,0,0,1,1,0,0
95,2006,1598,9,NaN,NaN,NaN,0,0,1,1,0,21
95,2006,1178,9,NaN,NaN,NaN,0,0,1,1,0,0
95,2006,174,6,NaN,NaN,NaN,0,0,1,1,0,0
95,2006,1144,19,NaN,NaN,NaN,0,0,1,1,0,0
95,2006,745,16,NaN,NaN,NaN,0,0,1,0,0,1
95,2006,1535,6,NaN,NaN,NaN,0,0,1,1,0,0
95,2006,1457,7,NaN,NaN,NaN,0,0,1,1,0,9
95,2006,907,18,NaN,NaN,NaN,0,0,1,0,0,0
95,2006,44,5,NaN,NaN,NaN,0,0,1,1,0,0
95,2006,800,9,NaN,NaN,NaN,0,0,1,1,0,3
95,2006,968,3,NaN,NaN,NaN,0,0,1,1,0,20
95,2006,1394,12,NaN,NaN,NaN,0,0,1,1,0,0
95,2006,267,14,NaN,NaN,NaN,0,0,1,1,0,5
95,2006,922,3,NaN,NaN,NaN,0,0,1,1,0,1
95,2006,27,21,NaN,NaN,NaN,0,0,1,0,0,17
95,2006,1227,19,NaN,NaN,NaN,0,0,1,1,0,0
95,2006,1391,12,NaN,NaN,NaN,0,0,1,1,0,11
95,2006,738,21,NaN,NaN,NaN,0,0,1,0,0,0
95,2006,634,1,NaN,NaN,NaN,0,0,1,1,0,4
95,2006,931,8,NaN,NaN,NaN,0,0,1,1,0,0
95,2006,1034,6,NaN,NaN,NaN,0,0,1,1,0,21
95,2006,333,5,NaN,NaN,NaN,0,0,1,1,0,20
95,2006,1003,17,NaN,NaN,NaN,0,0,1,1,0,0
95,2006,243,6,NaN,NaN,NaN,0,0,1,1,0,22
95,2006,102,17,NaN,NaN,NaN,0,0,1,1,0,16
95,2006,534,18,NaN,NaN,NaN,0,0,1,1,0,0
95,2006,1584,6,NaN,NaN,NaN,0,0,1,0,0,20
95,2006,151,17,NaN,NaN,NaN,0,0,1,1,0,3
95,2006,170,15,NaN,NaN,NaN,0,6.27930290283573,1,1,1,1
95,2006,1021,22,NaN,NaN,NaN,0,0,1,1,0,7
95,2006,1024,18,NaN,NaN,NaN,0,0,1,0,0,9
95,2006,250,5,NaN,NaN,NaN,0,0,1,0,0,0
95,2006,1356,8,NaN,NaN,NaN,0,0,1,1,0,2
95,2006,1439,16,NaN,NaN,NaN,0,0,1,1,0,4
95,2006,1599,5,NaN,NaN,NaN,0,0,1,1,0,11
95,2006,541,22,NaN,NaN,NaN,0,0,1,0,0,0
95,2006,1122,3,NaN,NaN,NaN,0,0,1,1,0,13
95,2006,323,22,NaN,NaN,NaN,0,0,1,1,0,5
95,2006,767,7,NaN,NaN,NaN,0,0,1,1,0,1
95,2006,1364,1,NaN,NaN,NaN,0,0,1,0,0,21
95,2006,461,2,NaN,NaN,NaN,0,0,1,1,0,0
95,2006,16,13,NaN,NaN,NaN,0,0,1,1,0,0
95,2006,1124,21,NaN,NaN,NaN,0,0,1,1,0,7
96,2006,1034,21,NaN,NaN,NaN,0,0,1,1,0,2
96,2006,813,18,NaN,NaN,NaN,0,0,1,0,0,0
96,2006,245,18,NaN,NaN,NaN,0,0,1,0,0,19
96,2006,1215,2,NaN,NaN,NaN,0,0,1,1,0,19
96,2006,174,6,NaN,NaN,NaN,0,0,1,1,0,22
96,2006,887,8,NaN,NaN,NaN,0,0,1,1,0,0
96,2006,1122,13,NaN,NaN,NaN,0,0,1,1,0,4
96,2006,1439,4,NaN,NaN,NaN,0,0,1,1,0,7
96,2006,151,3,NaN,NaN,NaN,0,0,1,1,0,17
96,2006,1457,9,NaN,NaN,NaN,0,0,1,1,0,7
96,2006,634,4,NaN,NaN,NaN,0,0,1,1,0,14
96,2006,1345,12,NaN,NaN,NaN,0,0,1,1,0,0
96,2006,427,17,NaN,NaN,NaN,0,0,1,1,0,12
96,2006,16,13,NaN,NaN,NaN,0,0,1,1,0,0
96,2006,801,18,NaN,NaN,NaN,0,0,1,1,0,19
96,2006,333,20,NaN,NaN,NaN,0,0,1,1,0,1
96,2006,1196,20,NaN,NaN,NaN,0,0,1,1,0,15
96,2006,390,20,NaN,NaN,NaN,0,0,1,1,0,0
96,2006,410,13,NaN,NaN,NaN,0,0,1,0,0,0
96,2006,1227,19,NaN,NaN,NaN,0,0,1,1,0,22
96,2006,1144,19,NaN,NaN,NaN,0,0,1,1,0,0
96,2006,1003,17,NaN,NaN,NaN,0,0,1,1,0,0
96,2006,372,18,NaN,NaN,NaN,0,0,1,0,0,5
96,2006,625,20,NaN,NaN,NaN,0,0,1,1,0,14
96,2006,545,10,NaN,NaN,NaN,0,0,1,1,0,0
96,2006,1368,5,NaN,NaN,NaN,0,0,1,0,0,0
96,2006,803,16,NaN,NaN,NaN,0,0,1,1,0,14
96,2006,272,19,NaN,NaN,NaN,0,0,1,1,0,17
96,2006,1356,2,NaN,NaN,NaN,0,0,1,1,0,0
96,2006,1124,7,NaN,NaN,NaN,0,0,1,1,0,0
96,2006,183,7,NaN,NaN,NaN,0,0,1,1,0,8
96,2006,1113,15,NaN,NaN,NaN,0,0,1,1,0,21
96,2006,27,17,NaN,NaN,NaN,0,0,1,0,0,7
96,2006,931,8,NaN,NaN,NaN,0,0,1,1,0,21
96,2006,1024,9,NaN,NaN,NaN,0,0,1,0,0,13
96,2006,44,5,NaN,NaN,NaN,0,0,1,1,0,0
96,2006,1169,21,NaN,NaN,NaN,0,0,1,1,0,17
96,2006,267,5,NaN,NaN,NaN,0,0,1,1,0,11
96,2006,1038,11,NaN,NaN,NaN,0,0,1,1,0,0
96,2006,1441,15,NaN,NaN,NaN,0,0,1,1,0,9
96,2006,296,5,NaN,NaN,NaN,0,0,1,1,0,14
96,2006,276,1,NaN,NaN,NaN,0,0,1,1,0,21
96,2006,1584,20,NaN,NaN,NaN,0,0,1,0,0,0
96,2006,1305,7,NaN,NaN,NaN,0,0,1,1,0,16
96,2006,1195,5,NaN,NaN,NaN,0,0,1,1,0,0
96,2006,1580,8,NaN,NaN,NaN,0,0,1,1,0,21
96,2006,1364,21,NaN,NaN,NaN,0,0,1,0,0,11
96,2006,243,22,NaN,NaN,NaN,0,0,1,1,0,21
96,2006,1264,13,NaN,NaN,NaN,0,0,1,1,0,16
96,2006,800,3,NaN,NaN,NaN,0,0,1,1,0,0
96,2006,722,6,NaN,NaN,NaN,0,0,1,1,0,0
96,2006,534,18,NaN,NaN,NaN,0,0,1,1,0,21
96,2006,376,15,NaN,NaN,NaN,0,0,1,1,0,7
96,2006,233,18,NaN,NaN,NaN,0,0,1,1,0,20
96,2006,1229,8,NaN,NaN,NaN,0,0,1,1,0,13
96,2006,1535,6,NaN,NaN,NaN,0,0,1,1,0,9
96,2006,47,13,NaN,NaN,NaN,0,0,1,1,0,0
96,2006,1394,12,NaN,NaN,NaN,0,0,1,1,0,8
96,2006,922,1,NaN,NaN,NaN,0,0,1,1,0,18
96,2006,170,1,NaN,NaN,NaN,0,0,1,0,0,15
96,2006,1107,5,NaN,NaN,NaN,0,0,1,0,0,0
96,2006,80,11,NaN,NaN,NaN,0,0,1,1,0,0
96,2006,1021,7,NaN,NaN,NaN,0,0,1,1,0,0
96,2006,1598,21,NaN,NaN,NaN,0,0,1,1,0,19
96,2006,541,22,NaN,NaN,NaN,0,0,1,0,0,0
96,2006,1199,6,NaN,NaN,NaN,0,0,1,1,0,19
96,2006,1599,11,NaN,NaN,NaN,0,0,1,1,0,19
96,2006,554,1,NaN,NaN,NaN,0,0,1,1,0,8
96,2006,255,16,NaN,NaN,NaN,0,0,1,0,0,22
96,2006,447,11,NaN,NaN,NaN,0,0,1,1,0,0
96,2006,461,2,NaN,NaN,NaN,0,0,1,1,0,0
96,2006,745,1,NaN,NaN,NaN,0,0,1,0,0,0
96,2006,767,1,NaN,NaN,NaN,0,0,1,1,0,14
96,2006,1178,9,NaN,NaN,NaN,0,0,1,1,0,0
96,2006,1391,11,NaN,NaN,NaN,0,0,1,1,0,0
96,2006,738,21,NaN,NaN,NaN,0,0,1,0,0,0
96,2006,106,6,NaN,NaN,NaN,0,0,1,1,0,0
96,2006,1222,5,NaN,NaN,NaN,0,0,1,1,0,0
96,2006,763,6,NaN,NaN,NaN,0,0,1,1,0,0
96,2006,968,20,NaN,NaN,NaN,0,0,1,1,0,0
96,2006,1497,5,NaN,NaN,NaN,0,0,1,1,0,18
96,2006,250,5,NaN,NaN,NaN,0,0,1,0,0,0
96,2006,544,1,NaN,NaN,NaN,0,0,1,1,0,0
96,2006,607,13,NaN,NaN,NaN,0,0,1,1,0,0
96,2006,323,5,NaN,NaN,NaN,0,0,1,1,0,0
96,2006,568,1,NaN,NaN,NaN,0,0,1,0,0,0
96,2006,821,10,NaN,NaN,NaN,0,0,1,1,0,20
96,2006,1465,3,NaN,NaN,NaN,0,0,1,1,0,0
96,2006,1186,5,NaN,NaN,NaN,0,0,1,1,0,0
96,2006,729,7,NaN,NaN,NaN,0,0,1,1,0,11
96,2006,593,18,NaN,NaN,NaN,0,0,1,0,0,0
96,2006,347,5,NaN,NaN,NaN,0,0,1,1,0,13
96,2006,128,11,NaN,NaN,NaN,0,0,1,1,0,0
96,2006,308,3,NaN,NaN,NaN,0,0,1,0,0,0
96,2006,102,16,NaN,NaN,NaN,0,0,1,1,0,22
96,2006,1130,13,NaN,NaN,NaN,0,0,1,0,0,0
96,2006,487,13,NaN,NaN,NaN,0,0,1,0,0,0
96,2006,1043,22,NaN,NaN,NaN,0,0,1,1,0,1
96,2006,20,17,NaN,NaN,NaN,0,0,1,1,0,18
96,2006,671,13,NaN,NaN,NaN,0,0,1,1,0,0
96,2006,858,4,NaN,NaN,NaN,0,0,1,0,0,17
96,2006,1268,5,NaN,NaN,NaN,0,0,1,1,0,0
96,2006,134,3,NaN,NaN,NaN,0,0,1,0,0,6
96,2006,1240,13,NaN,NaN,NaN,0,0,1,1,0,0
96,2006,67,18,NaN,NaN,NaN,0,0,1,0,0,0
96,2006,87,20,NaN,NaN,NaN,0,0,1,1,0,0
96,2006,907,18,NaN,NaN,NaN,0,0,1,0,0,0
96,2006,247,13,NaN,NaN,NaN,0,0,1,1,0,7
96,2006,185,9,NaN,NaN,NaN,0,0,1,1,0,0
97,2006,185,9,NaN,NaN,NaN,0,0.223047864285994,1,1,0,10
97,2006,767,14,NaN,NaN,NaN,0,0,1,1,0,12
97,2006,151,17,NaN,NaN,NaN,0,0,1,1,0,0
97,2006,333,1,NaN,NaN,NaN,0,0,1,1,0,21
97,2006,1457,7,NaN,NaN,NaN,0,0,1,1,0,0
97,2006,1394,8,NaN,NaN,NaN,0,0,1,1,0,12
97,2006,487,13,NaN,NaN,NaN,0,0,1,1,0,0
97,2006,80,11,NaN,NaN,NaN,0,0,1,1,0,0
97,2006,1144,19,NaN,NaN,NaN,0,1.86614150144384,1,1,1,18
97,2006,858,17,NaN,NaN,NaN,0,4.65619100733721,1,1,1,12
97,2006,887,8,NaN,NaN,NaN,0,0,1,1,0,19
97,2006,447,11,NaN,NaN,NaN,0,0,1,1,0,5
97,2006,541,22,NaN,NaN,NaN,0,7.17010626926102,1,1,1,12
97,2006,763,6,NaN,NaN,NaN,0,0,1,1,0,12
97,2006,267,11,NaN,NaN,NaN,0,0,1,1,0,5
97,2006,745,1,NaN,NaN,NaN,0,0,1,1,0,0
97,2006,1034,2,NaN,NaN,NaN,0,7.07030798864257,1,1,1,1
97,2006,1222,5,NaN,NaN,NaN,0,5.32719026335807,1,1,1,1
97,2006,968,20,NaN,NaN,NaN,0,0,1,1,0,6
97,2006,931,21,NaN,NaN,NaN,0,0,1,1,0,0
97,2006,20,18,NaN,NaN,NaN,0,0,1,1,0,10
97,2006,1599,19,NaN,NaN,NaN,0,2.81876719425945,1,1,1,11
97,2006,1580,21,NaN,NaN,NaN,0,0,1,1,0,0
97,2006,272,17,NaN,NaN,NaN,0,0,1,1,0,0
97,2006,1535,9,NaN,NaN,NaN,0,0,1,1,0,5
97,2006,1113,21,NaN,NaN,NaN,0,0,1,1,0,0
97,2006,170,15,NaN,NaN,NaN,0,5.66240278764155,1,0,0,0
97,2006,461,2,NaN,NaN,NaN,0,6.34568160311914,1,1,1,3
97,2006,800,3,NaN,NaN,NaN,0,3.22455046072722,1,1,1,13
97,2006,1364,11,NaN,NaN,NaN,0,0,1,1,0,20
97,2006,1003,17,NaN,NaN,NaN,0,0,1,1,0,0
97,2006,922,18,NaN,NaN,NaN,0,0,1,1,0,16
97,2006,1441,9,NaN,NaN,NaN,0,0,1,1,0,10
97,2006,671,13,NaN,NaN,NaN,0,0,1,1,0,18
97,2006,47,13,NaN,NaN,NaN,0,0,1,1,0,20
97,2006,276,21,NaN,NaN,NaN,0,0,1,1,0,0
97,2006,128,11,NaN,NaN,NaN,0,1.76976655356564,1,1,1,18
97,2006,534,21,NaN,NaN,NaN,0,0,1,1,0,11
97,2006,1130,13,NaN,NaN,NaN,0,6.89438147629009,1,1,1,21
97,2006,1439,7,NaN,NaN,NaN,0,0,1,1,0,12
97,2006,233,20,NaN,NaN,NaN,0,0,1,1,0,22
97,2006,134,6,NaN,NaN,NaN,0,5.43393439735991,1,1,1,17
97,2006,427,12,NaN,NaN,NaN,0,0,1,1,0,8
97,2006,1199,19,NaN,NaN,NaN,0,0,1,1,0,13
97,2006,27,7,NaN,NaN,NaN,0,0,1,1,0,16
97,2006,1178,9,NaN,NaN,NaN,0,0,1,1,0,0
97,2006,16,13,NaN,NaN,NaN,0,0,1,1,0,5
97,2006,1038,11,NaN,NaN,NaN,0,0,1,1,0,0
97,2006,738,21,NaN,NaN,NaN,0,3.41598902196825,1,1,1,2
97,2006,907,18,NaN,NaN,NaN,0,7.6497523355202,1,1,1,11
97,2006,1169,17,NaN,NaN,NaN,0,0,1,1,0,18
97,2006,255,22,NaN,NaN,NaN,0,0,1,1,0,16
97,2006,247,7,NaN,NaN,NaN,0,5.58878572503319,1,1,1,13
97,2006,1186,5,NaN,NaN,NaN,0,0,1,1,0,18
97,2006,1227,22,NaN,NaN,NaN,0,0,1,1,0,13
97,2006,372,5,NaN,NaN,NaN,0,0,1,1,0,0
97,2006,1240,13,NaN,NaN,NaN,0,0,1,1,0,0
97,2006,1107,5,NaN,NaN,NaN,0,4.54261828491012,1,1,1,15
97,2006,821,20,NaN,NaN,NaN,0,3.22200766335073,1,1,1,8
97,2006,1465,3,NaN,NaN,NaN,0,0,1,1,0,21
97,2006,634,14,NaN,NaN,NaN,0,0,1,1,0,0
97,2006,607,13,NaN,NaN,NaN,0,0,1,1,0,18
97,2006,1124,7,NaN,NaN,NaN,0,0,1,1,0,0
97,2006,1345,12,NaN,NaN,NaN,0,0,1,1,0,0
97,2006,625,14,NaN,NaN,NaN,0,0,1,1,0,17
97,2006,1356,2,NaN,NaN,NaN,0,6.0235580714101,1,1,1,4
97,2006,347,13,NaN,NaN,NaN,0,0,1,1,0,0
97,2006,545,10,NaN,NaN,NaN,0,0,1,1,0,0
97,2006,376,7,NaN,NaN,NaN,0,0,1,1,0,8
97,2006,729,11,NaN,NaN,NaN,0,0,1,1,0,3
97,2006,1391,11,NaN,NaN,NaN,0,0,1,1,0,19
97,2006,803,14,NaN,NaN,NaN,0,0.877322745311267,1,1,1,17
97,2006,722,6,NaN,NaN,NaN,0,0,1,1,0,4
97,2006,1195,5,NaN,NaN,NaN,0,0,1,1,0,0
97,2006,250,5,NaN,NaN,NaN,0,0,1,1,0,0
97,2006,1368,5,NaN,NaN,NaN,0,4.51216499690033,1,0,0,0
97,2006,87,20,NaN,NaN,NaN,0,0,1,1,0,0
97,2006,801,19,NaN,NaN,NaN,0,0,1,1,0,18
97,2006,243,21,NaN,NaN,NaN,0,0,1,1,0,0
97,2006,593,18,NaN,NaN,NaN,0,0,1,1,0,0
97,2006,296,14,NaN,NaN,NaN,0,5.75848775377322,1,1,1,13
97,2006,308,3,NaN,NaN,NaN,0,8.46673391174564,1,1,1,15
97,2006,174,22,NaN,NaN,NaN,0,0,1,1,0,0
97,2006,1196,15,NaN,NaN,NaN,0,0,1,1,0,13
97,2006,1229,13,NaN,NaN,NaN,0,0,1,1,0,8
97,2006,1305,16,NaN,NaN,NaN,0,0,1,1,0,8
97,2006,183,8,NaN,NaN,NaN,0,0,1,1,0,20
97,2006,102,22,NaN,NaN,NaN,0,0,1,1,0,21
97,2006,410,13,NaN,NaN,NaN,0,5.96999739104922,1,1,1,15
97,2006,1021,7,NaN,NaN,NaN,0,5.48447146926323,1,1,1,20
97,2006,245,19,NaN,NaN,NaN,0,6.68846159294723,1,1,1,5
97,2006,554,8,NaN,NaN,NaN,0,0,1,1,0,0
97,2006,1264,16,NaN,NaN,NaN,0,0,1,1,0,19
97,2006,1215,19,NaN,NaN,NaN,0,0,1,1,0,0
97,2006,44,5,NaN,NaN,NaN,0,0,1,1,0,0
97,2006,106,6,NaN,NaN,NaN,0,0,1,1,0,0
97,2006,1268,5,NaN,NaN,NaN,0,0,1,1,0,8
97,2006,568,1,NaN,NaN,NaN,0,5.74060321403252,1,1,1,21
97,2006,544,1,NaN,NaN,NaN,0,4.17323680446295,1,1,1,9
97,2006,323,5,NaN,NaN,NaN,0,0,1,1,0,12
97,2006,1043,1,NaN,NaN,NaN,0,0,1,1,0,0
97,2006,67,18,NaN,NaN,NaN,0,0,1,1,0,0
97,2006,1598,19,NaN,NaN,NaN,0,0,1,1,0,12
97,2006,390,20,NaN,NaN,NaN,0,0,1,1,0,0
97,2006,1497,18,NaN,NaN,NaN,0,0,1,1,0,20
97,2006,1024,13,NaN,NaN,NaN,0,0,1,1,0,4
97,2006,813,18,NaN,NaN,NaN,0,5.06798731524739,1,1,1,14
97,2006,1122,4,NaN,NaN,NaN,0,0,1,1,0,14
97,2006,1584,20,NaN,NaN,NaN,0,0.475528547807565,1,1,0,10
98,2007,1457,7,NaN,NaN,NaN,0,0,1,1,0,11
98,2007,931,21,NaN,NaN,NaN,0,0,1,1,0,8
98,2007,267,5,NaN,NaN,NaN,0,0,1,1,0,1
98,2007,170,15,NaN,NaN,NaN,0,5.66240278764155,1,0,0,0
98,2007,233,22,NaN,NaN,NaN,0,0,1,1,0,21
98,2007,745,1,NaN,NaN,NaN,0,0,1,1,0,0
98,2007,767,12,NaN,NaN,NaN,0,0,1,1,0,11
98,2007,183,20,NaN,NaN,NaN,0,0,1,1,0,0
98,2007,821,8,NaN,NaN,NaN,0,0,1,0,0,9
98,2007,20,10,NaN,NaN,NaN,0,0,1,1,0,4
98,2007,813,14,NaN,NaN,NaN,0,0,1,0,0,6
98,2007,1196,13,NaN,NaN,NaN,0,0,1,1,0,0
98,2007,447,5,NaN,NaN,NaN,0,0,1,1,0,0
98,2007,1124,7,NaN,NaN,NaN,0,0,1,1,0,1
98,2007,1021,20,NaN,NaN,NaN,0,0,1,0,0,17
98,2007,1178,9,NaN,NaN,NaN,0,0,1,1,0,1
98,2007,27,16,NaN,NaN,NaN,0,0,1,1,0,21
98,2007,544,9,NaN,NaN,NaN,0,0,1,0,0,0
98,2007,80,11,NaN,NaN,NaN,0,0,1,1,0,7
98,2007,151,17,NaN,NaN,NaN,0,0,1,1,0,0
98,2007,308,15,NaN,NaN,NaN,0,0,1,0,0,3
98,2007,333,21,NaN,NaN,NaN,0,0,1,1,0,11
98,2007,534,11,NaN,NaN,NaN,0,0,1,1,0,20
98,2007,1497,20,NaN,NaN,NaN,0,0,1,1,0,11
98,2007,296,13,NaN,NaN,NaN,0,0,1,0,0,0
98,2007,44,5,NaN,NaN,NaN,0,0,1,1,0,0
98,2007,763,12,NaN,NaN,NaN,0,0,1,1,0,6
98,2007,593,18,NaN,NaN,NaN,0,0,1,1,0,2
98,2007,1345,12,NaN,NaN,NaN,0,0,1,1,0,1
98,2007,134,17,NaN,NaN,NaN,0,0,1,0,0,0
98,2007,1024,4,NaN,NaN,NaN,0,0,1,1,0,20
98,2007,47,20,NaN,NaN,NaN,0,0,1,1,0,5
98,2007,185,10,NaN,NaN,NaN,0,0.223047864285994,1,1,0,0
98,2007,376,8,NaN,NaN,NaN,0,0,1,1,0,2
98,2007,255,16,NaN,NaN,NaN,0,0,1,1,0,0
98,2007,250,5,NaN,NaN,NaN,0,0,1,1,0,15
98,2007,607,18,NaN,NaN,NaN,0,0,1,1,0,0
98,2007,858,12,NaN,NaN,NaN,0,0,1,0,0,0
98,2007,128,18,NaN,NaN,NaN,0,0,1,0,0,11
98,2007,410,15,NaN,NaN,NaN,0,0,1,0,0,13
98,2007,1227,13,NaN,NaN,NaN,0,0,1,1,0,15
98,2007,1144,18,NaN,NaN,NaN,0,0,1,0,0,2
98,2007,1038,11,NaN,NaN,NaN,0,0,1,1,0,13
98,2007,1034,1,NaN,NaN,NaN,0,0,1,0,0,0
98,2007,1113,21,NaN,NaN,NaN,0,0,1,1,0,8
98,2007,1169,18,NaN,NaN,NaN,0,0,1,1,0,20
98,2007,1268,8,NaN,NaN,NaN,0,0,1,1,0,9
98,2007,1222,1,NaN,NaN,NaN,0,0,1,0,0,13
98,2007,722,4,NaN,NaN,NaN,0,0,1,1,0,0
98,2007,347,13,NaN,NaN,NaN,0,0,1,1,0,0
98,2007,1584,10,NaN,NaN,NaN,0,0.475528547807565,1,1,0,4
98,2007,276,21,NaN,NaN,NaN,0,0,1,1,0,0
98,2007,1122,14,NaN,NaN,NaN,0,0,1,1,0,0
98,2007,968,6,NaN,NaN,NaN,0,0,1,1,0,20
98,2007,568,21,NaN,NaN,NaN,0,0,1,0,0,14
98,2007,801,18,NaN,NaN,NaN,0,0,1,1,0,8
98,2007,625,17,NaN,NaN,NaN,0,0,1,1,0,12
98,2007,634,14,NaN,NaN,NaN,0,0,1,1,0,5
98,2007,487,13,NaN,NaN,NaN,0,0,1,1,0,21
98,2007,729,3,NaN,NaN,NaN,0,0,1,1,0,1
98,2007,390,20,NaN,NaN,NaN,0,0,1,1,0,9
98,2007,803,17,NaN,NaN,NaN,0,0,1,0,0,0
98,2007,1107,15,NaN,NaN,NaN,0,0,1,0,0,5
98,2007,1391,19,NaN,NaN,NaN,0,0,1,1,0,10
98,2007,554,8,NaN,NaN,NaN,0,0,1,1,0,9
98,2007,1186,18,NaN,NaN,NaN,0,0,1,1,0,5
98,2007,243,21,NaN,NaN,NaN,0,0,1,1,0,20
98,2007,102,21,NaN,NaN,NaN,0,0,1,1,0,2
98,2007,1240,13,NaN,NaN,NaN,0,0,1,1,0,5
98,2007,1003,17,NaN,NaN,NaN,0,0,1,1,0,3
98,2007,1394,12,NaN,NaN,NaN,0,0,1,1,0,0
98,2007,1199,13,NaN,NaN,NaN,0,0,1,1,0,0
98,2007,1264,19,NaN,NaN,NaN,0,0,1,1,0,0
98,2007,16,5,NaN,NaN,NaN,0,0,1,1,0,1
98,2007,1599,11,NaN,NaN,NaN,0,0,1,0,0,12
98,2007,245,5,NaN,NaN,NaN,0,0,1,0,0,0
98,2007,106,6,NaN,NaN,NaN,0,0,1,1,0,0
98,2007,541,12,NaN,NaN,NaN,0,0,1,0,0,22
98,2007,174,22,NaN,NaN,NaN,0,0,1,1,0,0
98,2007,372,5,NaN,NaN,NaN,0,0,1,1,0,0
98,2007,67,18,NaN,NaN,NaN,0,0,1,1,0,4
98,2007,1439,12,NaN,NaN,NaN,0,0,1,1,0,1
98,2007,1229,8,NaN,NaN,NaN,0,0,1,1,0,13
98,2007,247,13,NaN,NaN,NaN,0,0,1,0,0,0
98,2007,1368,5,NaN,NaN,NaN,0,4.51216499690033,1,0,0,3
98,2007,1195,5,NaN,NaN,NaN,0,0,1,1,0,13
98,2007,1465,21,NaN,NaN,NaN,0,0,1,1,0,0
98,2007,545,10,NaN,NaN,NaN,0,0,1,1,0,0
98,2007,427,8,NaN,NaN,NaN,0,0,1,1,0,21
98,2007,1305,8,NaN,NaN,NaN,0,0,1,1,0,13
98,2007,1441,10,NaN,NaN,NaN,0,0,1,1,0,0
98,2007,1215,19,NaN,NaN,NaN,0,0,1,1,0,2
98,2007,887,19,NaN,NaN,NaN,0,0,1,1,0,5
98,2007,800,13,NaN,NaN,NaN,0,0,1,0,0,0
98,2007,461,3,NaN,NaN,NaN,0,0,1,0,0,1
98,2007,1598,12,NaN,NaN,NaN,0,0,1,1,0,0
98,2007,323,12,NaN,NaN,NaN,0,0,1,1,0,9
98,2007,1535,5,NaN,NaN,NaN,0,0,1,1,0,15
98,2007,1364,20,NaN,NaN,NaN,0,0,1,1,0,1
98,2007,671,18,NaN,NaN,NaN,0,0,1,1,0,21
98,2007,1356,4,NaN,NaN,NaN,0,0,1,0,0,12
98,2007,922,16,NaN,NaN,NaN,0,0,1,1,0,13
98,2007,1043,1,NaN,NaN,NaN,0,0,1,1,0,21
98,2007,272,17,NaN,NaN,NaN,0,0,1,1,0,9
98,2007,738,2,NaN,NaN,NaN,0,0,1,0,0,21
98,2007,1580,21,NaN,NaN,NaN,0,0,1,1,0,2
98,2007,907,11,NaN,NaN,NaN,0,0,1,0,0,1
98,2007,1130,21,NaN,NaN,NaN,0,0,1,0,0,6
98,2007,87,20,NaN,NaN,NaN,0,0,1,1,0,0
99,2007,545,10,NaN,NaN,NaN,0,0,1,1,0,0
99,2007,968,20,NaN,NaN,NaN,0,0,1,1,0,4
99,2007,1122,14,NaN,NaN,NaN,0,0,1,1,0,0
99,2007,308,3,NaN,NaN,NaN,0,0,1,0,0,0
99,2007,745,1,NaN,NaN,NaN,0,0,1,1,0,0
99,2007,922,13,NaN,NaN,NaN,0,0,1,1,0,0
99,2007,729,1,NaN,NaN,NaN,0,0,1,1,0,0
99,2007,106,6,NaN,NaN,NaN,0,0,1,1,0,0
99,2007,1439,1,NaN,NaN,NaN,0,0,1,1,0,0
99,2007,461,1,NaN,NaN,NaN,0,0,1,0,0,2
99,2007,1195,13,NaN,NaN,NaN,0,0,1,1,0,0
99,2007,233,21,NaN,NaN,NaN,0,0,1,1,0,0
99,2007,296,13,NaN,NaN,NaN,0,0,1,0,0,0
99,2007,1368,3,NaN,NaN,NaN,0,4.51216499690033,1,1,1,18
99,2007,16,1,NaN,NaN,NaN,0,0,1,1,0,13
99,2007,800,13,NaN,NaN,NaN,0,0,1,0,0,1
99,2007,907,1,NaN,NaN,NaN,0,0,1,0,0,0
99,2007,625,12,NaN,NaN,NaN,0,0,1,1,0,17
99,2007,67,4,NaN,NaN,NaN,0,0,1,1,0,0
99,2007,1034,1,NaN,NaN,NaN,0,0,1,0,0,0
99,2007,1199,13,NaN,NaN,NaN,0,0,1,1,0,12
99,2007,1598,12,NaN,NaN,NaN,0,0,1,1,0,0
99,2007,134,17,NaN,NaN,NaN,0,0,1,0,0,13
99,2007,634,5,NaN,NaN,NaN,0,0,1,1,0,8
99,2007,1107,5,NaN,NaN,NaN,0,0,1,0,0,0
99,2007,1441,10,NaN,NaN,NaN,0,0,1,1,0,9
99,2007,323,9,NaN,NaN,NaN,0,0,1,1,0,0
99,2007,1169,20,NaN,NaN,NaN,0,0,1,1,0,18
99,2007,1264,19,NaN,NaN,NaN,0,0,1,1,0,0
99,2007,390,9,NaN,NaN,NaN,0,0,1,1,0,13
99,2007,1229,13,NaN,NaN,NaN,0,0,1,1,0,14
99,2007,1024,20,NaN,NaN,NaN,0,0,1,1,0,7
99,2007,20,4,NaN,NaN,NaN,0,0,1,1,0,7
99,2007,245,5,NaN,NaN,NaN,0,0,1,0,0,0
99,2007,1038,13,NaN,NaN,NaN,0,0,1,1,0,0
99,2007,1497,11,NaN,NaN,NaN,0,0,1,1,0,10
99,2007,1345,1,NaN,NaN,NaN,0,0,1,1,0,20
99,2007,1240,5,NaN,NaN,NaN,0,0,1,1,0,0
99,2007,1599,12,NaN,NaN,NaN,0,0,1,0,0,8
99,2007,44,5,NaN,NaN,NaN,0,0,1,1,0,0
99,2007,1113,8,NaN,NaN,NaN,0,0,1,1,0,21
99,2007,1215,2,NaN,NaN,NaN,0,0,1,1,0,0
99,2007,671,21,NaN,NaN,NaN,0,0,1,1,0,0
99,2007,276,21,NaN,NaN,NaN,0,0,1,1,0,0
99,2007,593,2,NaN,NaN,NaN,0,0,1,1,0,3
99,2007,887,5,NaN,NaN,NaN,0,0,1,1,0,21
99,2007,87,20,NaN,NaN,NaN,0,0,1,1,0,0
99,2007,185,10,NaN,NaN,NaN,0,0.223047864285994,1,1,0,17
99,2007,541,22,NaN,NaN,NaN,0,0,1,0,0,0
99,2007,767,11,NaN,NaN,NaN,0,0,1,1,0,18
99,2007,333,11,NaN,NaN,NaN,0,0,1,1,0,0
99,2007,1003,3,NaN,NaN,NaN,0,0,1,1,0,9
99,2007,803,17,NaN,NaN,NaN,0,0,1,0,0,5
99,2007,813,6,NaN,NaN,NaN,0,0,1,0,0,4
99,2007,534,20,NaN,NaN,NaN,0,0,1,1,0,21
99,2007,1465,21,NaN,NaN,NaN,0,0,1,1,0,0
99,2007,1268,9,NaN,NaN,NaN,0,0,1,1,0,11
99,2007,1227,15,NaN,NaN,NaN,0,0,1,1,0,5
99,2007,1178,1,NaN,NaN,NaN,0,0,1,1,0,0
99,2007,410,13,NaN,NaN,NaN,0,0,1,0,0,0
99,2007,47,5,NaN,NaN,NaN,0,0,1,1,0,0
99,2007,272,9,NaN,NaN,NaN,0,0,1,1,0,14
99,2007,1580,2,NaN,NaN,NaN,0,0,1,1,0,0
99,2007,247,13,NaN,NaN,NaN,0,0,1,0,0,5
99,2007,821,9,NaN,NaN,NaN,0,0,1,0,0,21
99,2007,347,13,NaN,NaN,NaN,0,0,1,1,0,0
99,2007,250,15,NaN,NaN,NaN,0,0,1,1,0,5
99,2007,801,8,NaN,NaN,NaN,0,0,1,1,0,20
99,2007,487,21,NaN,NaN,NaN,0,0,1,1,0,6
99,2007,1043,21,NaN,NaN,NaN,0,0,1,1,0,22
99,2007,1305,13,NaN,NaN,NaN,0,0,1,1,0,0
99,2007,1124,1,NaN,NaN,NaN,0,0,1,1,0,12
99,2007,1130,6,NaN,NaN,NaN,0,0,1,0,0,22
99,2007,376,2,NaN,NaN,NaN,0,0,1,1,0,0
99,2007,1394,12,NaN,NaN,NaN,0,0,1,1,0,0
99,2007,1222,13,NaN,NaN,NaN,0,0,1,0,0,1
99,2007,102,2,NaN,NaN,NaN,0,0,1,1,0,17
99,2007,1196,13,NaN,NaN,NaN,0,0,1,1,0,0
99,2007,1391,10,NaN,NaN,NaN,0,0,1,1,0,21
99,2007,170,15,NaN,NaN,NaN,0,5.66240278764155,1,1,1,20
99,2007,243,20,NaN,NaN,NaN,0,0,1,1,0,22
99,2007,738,21,NaN,NaN,NaN,0,0,1,0,0,0
99,2007,722,4,NaN,NaN,NaN,0,0,1,1,0,11
99,2007,427,21,NaN,NaN,NaN,0,0,1,1,0,0
99,2007,607,18,NaN,NaN,NaN,0,0,1,1,0,17
99,2007,267,1,NaN,NaN,NaN,0,0,1,1,0,19
99,2007,174,22,NaN,NaN,NaN,0,0,1,1,0,0
99,2007,763,6,NaN,NaN,NaN,0,0,1,1,0,21
99,2007,151,17,NaN,NaN,NaN,0,0,1,1,0,0
99,2007,1144,2,NaN,NaN,NaN,0,0,1,0,0,7
99,2007,931,8,NaN,NaN,NaN,0,0,1,1,0,0
99,2007,255,16,NaN,NaN,NaN,0,0,1,1,0,0
99,2007,1021,17,NaN,NaN,NaN,0,0,1,0,0,0
99,2007,1457,11,NaN,NaN,NaN,0,0,1,1,0,19
99,2007,447,5,NaN,NaN,NaN,0,0,1,1,0,0
99,2007,1584,4,NaN,NaN,NaN,0,0.475528547807565,1,1,0,9
99,2007,183,20,NaN,NaN,NaN,0,0,1,1,0,3
99,2007,1186,5,NaN,NaN,NaN,0,0,1,1,0,13
99,2007,544,9,NaN,NaN,NaN,0,0,1,0,0,0
99,2007,372,5,NaN,NaN,NaN,0,0,1,1,0,12
99,2007,568,14,NaN,NaN,NaN,0,0,1,0,0,9
99,2007,80,7,NaN,NaN,NaN,0,0,1,1,0,11
99,2007,858,12,NaN,NaN,NaN,0,0,1,0,0,18
99,2007,554,9,NaN,NaN,NaN,0,0,1,1,0,1
99,2007,27,21,NaN,NaN,NaN,0,0,1,1,0,9
99,2007,1364,1,NaN,NaN,NaN,0,0,1,1,0,0
99,2007,1535,15,NaN,NaN,NaN,0,0,1,1,0,7
100,2007,372,12,NaN,NaN,NaN,0,0,1,1,0,0
100,2007,376,2,NaN,NaN,NaN,0,0,1,1,0,0
100,2007,607,17,NaN,NaN,NaN,0,0,1,1,0,13
100,2007,1599,8,NaN,NaN,NaN,0,0,1,0,0,0
100,2007,323,9,NaN,NaN,NaN,0,0,1,1,0,0
100,2007,801,20,NaN,NaN,NaN,0,0,1,1,0,18
100,2007,1240,5,NaN,NaN,NaN,0,0,1,1,0,0
100,2007,1107,5,NaN,NaN,NaN,0,0,1,0,0,0
100,2007,1130,22,NaN,NaN,NaN,0,0,1,0,0,0
100,2007,308,3,NaN,NaN,NaN,0,0,1,0,0,0
100,2007,185,17,NaN,NaN,NaN,0,0.223047864285994,1,1,0,0
100,2007,1465,21,NaN,NaN,NaN,0,0,1,1,0,0
100,2007,593,3,NaN,NaN,NaN,0,0,1,1,0,0
100,2007,1178,1,NaN,NaN,NaN,0,0,1,1,0,11
100,2007,545,10,NaN,NaN,NaN,0,0,1,1,0,0
100,2007,1043,22,NaN,NaN,NaN,0,0,1,1,0,10
100,2007,243,22,NaN,NaN,NaN,0,0,1,1,0,21
100,2007,1345,20,NaN,NaN,NaN,0,0,1,1,0,18
100,2007,671,21,NaN,NaN,NaN,0,0,1,1,0,0
100,2007,1535,7,NaN,NaN,NaN,0,0,1,1,0,15
100,2007,250,5,NaN,NaN,NaN,0,0,1,1,0,21
100,2007,544,9,NaN,NaN,NaN,0,0,1,0,0,1
100,2007,1368,18,NaN,NaN,NaN,0,0,1,0,0,17
100,2007,1222,1,NaN,NaN,NaN,0,0,1,0,0,5
100,2007,1215,2,NaN,NaN,NaN,0,0,1,1,0,0
100,2007,821,21,NaN,NaN,NaN,0,0,1,0,0,0
100,2007,1034,1,NaN,NaN,NaN,0,0,1,0,0,0
100,2007,27,9,NaN,NaN,NaN,0,0,1,1,0,21
100,2007,390,13,NaN,NaN,NaN,0,0,1,1,0,20
100,2007,255,16,NaN,NaN,NaN,0,0,1,1,0,0
100,2007,887,21,NaN,NaN,NaN,0,0,1,1,0,0
100,2007,1584,9,NaN,NaN,NaN,0,0.475528547807565,1,1,0,12
100,2007,1439,1,NaN,NaN,NaN,0,0,1,1,0,0
100,2007,1186,13,NaN,NaN,NaN,0,0,1,1,0,0
100,2007,1264,19,NaN,NaN,NaN,0,0,1,1,0,4
100,2007,1196,13,NaN,NaN,NaN,0,0,1,1,0,11
100,2007,907,1,NaN,NaN,NaN,0,0,1,0,0,0
100,2007,247,5,NaN,NaN,NaN,0,0,1,0,0,17
100,2007,487,6,NaN,NaN,NaN,0,0,1,1,0,1
100,2007,800,1,NaN,NaN,NaN,0,0,1,0,0,0
100,2007,858,18,NaN,NaN,NaN,0,0,1,0,0,8
100,2007,625,17,NaN,NaN,NaN,0,0,1,1,0,14
100,2007,296,13,NaN,NaN,NaN,0,0,1,0,0,0
100,2007,634,8,NaN,NaN,NaN,0,0,1,1,0,16
100,2007,174,22,NaN,NaN,NaN,0,0,1,1,0,0
100,2007,763,21,NaN,NaN,NaN,0,0,1,1,0,22
100,2007,410,13,NaN,NaN,NaN,0,0,1,0,0,0
100,2007,106,6,NaN,NaN,NaN,0,0,1,1,0,0
100,2007,461,2,NaN,NaN,NaN,0,0,1,0,0,0
100,2007,1169,18,NaN,NaN,NaN,0,0,1,1,0,16
100,2007,183,3,NaN,NaN,NaN,0,0,1,1,0,0
100,2007,1229,14,NaN,NaN,NaN,0,0,1,1,0,8
100,2007,1580,2,NaN,NaN,NaN,0,0,1,1,0,0
100,2007,245,5,NaN,NaN,NaN,0,0,1,0,0,18
100,2007,102,17,NaN,NaN,NaN,0,0,1,1,0,21
100,2007,87,20,NaN,NaN,NaN,0,0,1,1,0,9
100,2007,738,21,NaN,NaN,NaN,0,0,1,0,0,0
100,2007,170,20,NaN,NaN,NaN,0,0,1,0,0,15
100,2007,47,5,NaN,NaN,NaN,0,0,1,1,0,8
100,2007,1113,21,NaN,NaN,NaN,0,0,1,1,0,0
100,2007,44,5,NaN,NaN,NaN,0,0,1,1,0,0
100,2007,1394,12,NaN,NaN,NaN,0,0,1,1,0,0
100,2007,803,5,NaN,NaN,NaN,0,0,1,0,0,0
100,2007,233,21,NaN,NaN,NaN,0,0,1,1,0,3
100,2007,276,21,NaN,NaN,NaN,0,0,1,1,0,9
100,2007,1124,12,NaN,NaN,NaN,0,0,1,1,0,18
100,2007,968,4,NaN,NaN,NaN,0,0,1,1,0,19
100,2007,1457,19,NaN,NaN,NaN,0,0,1,1,0,0
100,2007,1441,9,NaN,NaN,NaN,0,0,1,1,0,0
100,2007,20,7,NaN,NaN,NaN,0,0,1,1,0,0
100,2007,1227,5,NaN,NaN,NaN,0,0,1,1,0,0
100,2007,1364,1,NaN,NaN,NaN,0,0,1,1,0,0
100,2007,1268,11,NaN,NaN,NaN,0,0,1,1,0,13
100,2007,333,11,NaN,NaN,NaN,0,0,1,1,0,2
100,2007,722,11,NaN,NaN,NaN,0,0,1,1,0,2
100,2007,534,21,NaN,NaN,NaN,0,0,1,1,0,2
100,2007,1305,13,NaN,NaN,NaN,0,0,1,1,0,0
100,2007,134,13,NaN,NaN,NaN,0,0,1,0,0,12
100,2007,922,13,NaN,NaN,NaN,0,0,1,1,0,14
100,2007,554,1,NaN,NaN,NaN,0,0,1,1,0,5
100,2007,767,18,NaN,NaN,NaN,0,0,1,1,0,15
100,2007,1038,13,NaN,NaN,NaN,0,0,1,1,0,0
100,2007,1195,13,NaN,NaN,NaN,0,0,1,1,0,0
100,2007,1024,7,NaN,NaN,NaN,0,0,1,1,0,5
100,2007,1391,21,NaN,NaN,NaN,0,0,1,1,0,0
100,2007,931,8,NaN,NaN,NaN,0,0,1,1,0,0
100,2007,16,13,NaN,NaN,NaN,0,0,1,1,0,5
100,2007,1497,10,NaN,NaN,NaN,0,0,1,1,0,5
100,2007,347,13,NaN,NaN,NaN,0,0,1,1,0,0
100,2007,67,4,NaN,NaN,NaN,0,0,1,1,0,0
100,2007,151,17,NaN,NaN,NaN,0,0,1,1,0,0
100,2007,813,4,NaN,NaN,NaN,0,0,1,0,0,22
100,2007,1598,12,NaN,NaN,NaN,0,0,1,1,0,0
100,2007,1199,12,NaN,NaN,NaN,0,0,1,1,0,15
100,2007,1122,14,NaN,NaN,NaN,0,0,1,1,0,1
100,2007,447,5,NaN,NaN,NaN,0,0,1,1,0,0
100,2007,541,22,NaN,NaN,NaN,0,0,1,0,0,0
100,2007,1003,9,NaN,NaN,NaN,0,0,1,1,0,10
100,2007,427,21,NaN,NaN,NaN,0,0,1,1,0,0
100,2007,80,11,NaN,NaN,NaN,0,0,1,1,0,13
100,2007,568,9,NaN,NaN,NaN,0,0,1,0,0,0
100,2007,1021,17,NaN,NaN,NaN,0,0,1,0,0,8
100,2007,1144,7,NaN,NaN,NaN,0,0,1,0,0,0
100,2007,745,1,NaN,NaN,NaN,0,0,1,1,0,0
100,2007,272,14,NaN,NaN,NaN,0,0,1,1,0,0
100,2007,729,1,NaN,NaN,NaN,0,0,1,1,0,0
101,2007,255,16,NaN,NaN,NaN,0,1.60423315558111,1,1,1,11
101,2007,1113,21,NaN,NaN,NaN,0,0,1,1,0,0
101,2007,44,5,NaN,NaN,NaN,0,0,1,1,0,0
101,2007,27,21,NaN,NaN,NaN,0,0,1,1,0,0
101,2007,1215,2,NaN,NaN,NaN,0,1.1117857234515,1,1,1,12
101,2007,1043,10,NaN,NaN,NaN,0,0,1,1,0,5
101,2007,1441,9,NaN,NaN,NaN,0,0,1,1,0,2
101,2007,1457,19,NaN,NaN,NaN,0,0,1,1,0,0
101,2007,1186,13,NaN,NaN,NaN,0,0,1,1,0,0
101,2007,410,13,NaN,NaN,NaN,0,3.50151003315688,1,1,1,15
101,2007,607,13,NaN,NaN,NaN,0,0,1,1,0,17
101,2007,568,9,NaN,NaN,NaN,0,0.55566467657324,1,1,0,0
101,2007,1465,21,NaN,NaN,NaN,0,0,1,1,0,13
101,2007,323,9,NaN,NaN,NaN,0,0,1,1,0,22
101,2007,763,22,NaN,NaN,NaN,0,0,1,1,0,12
101,2007,1003,10,NaN,NaN,NaN,0,3.16521059566198,1,1,1,3
101,2007,767,15,NaN,NaN,NaN,0,0,1,1,0,18
101,2007,1584,12,NaN,NaN,NaN,0,0,1,1,0,0
101,2007,233,3,NaN,NaN,NaN,0,0,1,1,0,13
101,2007,801,18,NaN,NaN,NaN,0,0,1,1,0,13
101,2007,47,8,NaN,NaN,NaN,0,0,1,1,0,0
101,2007,276,9,NaN,NaN,NaN,0,0,1,1,0,0
101,2007,16,5,NaN,NaN,NaN,0,0,1,1,0,13
101,2007,722,2,NaN,NaN,NaN,0,0,1,1,0,11
101,2007,1240,5,NaN,NaN,NaN,0,0,1,1,0,0
101,2007,1264,4,NaN,NaN,NaN,0,0,1,1,0,19
101,2007,1178,11,NaN,NaN,NaN,0,0,1,1,0,17
101,2007,922,14,NaN,NaN,NaN,0,0,1,1,0,21
101,2007,1038,13,NaN,NaN,NaN,0,0,1,1,0,0
101,2007,1598,12,NaN,NaN,NaN,0,0,1,1,0,1
101,2007,461,2,NaN,NaN,NaN,0,5.1127605037314,1,1,1,17
101,2007,534,2,NaN,NaN,NaN,0,0,1,1,0,10
101,2007,1124,18,NaN,NaN,NaN,0,0,1,1,0,0
101,2007,170,15,NaN,NaN,NaN,0,3.93727662010895,1,0,0,0
101,2007,308,3,NaN,NaN,NaN,0,5.75321361574198,1,1,1,15
101,2007,1580,2,NaN,NaN,NaN,0,0,1,1,0,0
101,2007,544,1,NaN,NaN,NaN,0,0,1,1,0,20
101,2007,67,4,NaN,NaN,NaN,0,0,1,1,0,11
101,2007,1345,18,NaN,NaN,NaN,0,0,1,1,0,6
101,2007,1227,5,NaN,NaN,NaN,0,0,1,1,0,0
101,2007,813,22,NaN,NaN,NaN,0,0,1,1,0,1
101,2007,1535,15,NaN,NaN,NaN,0,0,1,1,0,8
101,2007,738,21,NaN,NaN,NaN,0,1.9325921745411,1,1,1,7
101,2007,1024,5,NaN,NaN,NaN,0,0,1,1,0,15
101,2007,1021,8,NaN,NaN,NaN,0,0,1,1,0,21
101,2007,887,21,NaN,NaN,NaN,0,0,1,1,0,8
101,2007,447,5,NaN,NaN,NaN,0,0,1,1,0,13
101,2007,625,14,NaN,NaN,NaN,0,0,1,1,0,22
101,2007,1222,5,NaN,NaN,NaN,0,0,1,1,0,0
101,2007,1130,22,NaN,NaN,NaN,0,5.00764134685595,1,1,1,11
101,2007,1034,1,NaN,NaN,NaN,0,0,1,1,0,9
101,2007,183,3,NaN,NaN,NaN,0,0,1,1,0,5
101,2007,1268,13,NaN,NaN,NaN,0,0,1,1,0,18
101,2007,80,13,NaN,NaN,NaN,0,0,1,1,0,18
101,2007,907,1,NaN,NaN,NaN,0,4.11044582649935,1,1,1,17
101,2007,803,5,NaN,NaN,NaN,0,0,1,1,0,0
101,2007,245,18,NaN,NaN,NaN,0,0,1,1,0,5
101,2007,1368,17,NaN,NaN,NaN,0,0,1,0,0,0
101,2007,185,17,NaN,NaN,NaN,0,0,1,1,0,13
101,2007,634,16,NaN,NaN,NaN,0,0,1,1,0,1
101,2007,554,5,NaN,NaN,NaN,0,0,1,1,0,4
101,2007,427,21,NaN,NaN,NaN,0,0,1,1,0,11
101,2007,272,14,NaN,NaN,NaN,0,0,1,1,0,0
101,2007,1195,13,NaN,NaN,NaN,0,0,1,1,0,5
101,2007,1391,21,NaN,NaN,NaN,0,0,1,1,0,0
101,2007,593,3,NaN,NaN,NaN,0,4.01815951589271,1,1,1,21
101,2007,821,21,NaN,NaN,NaN,0,0,1,1,0,0
101,2007,1196,11,NaN,NaN,NaN,0,0,1,1,0,13
101,2007,1144,7,NaN,NaN,NaN,0,4.45576700383139,1,1,1,6
101,2007,1107,5,NaN,NaN,NaN,0,3.61386501820988,1,1,1,3
101,2007,20,7,NaN,NaN,NaN,0,0,1,1,0,8
101,2007,1305,13,NaN,NaN,NaN,0,0,1,1,0,0
101,2007,134,12,NaN,NaN,NaN,0,0,1,1,0,0
101,2007,671,21,NaN,NaN,NaN,0,0,1,1,0,14
101,2007,1439,1,NaN,NaN,NaN,0,0,1,1,0,0
101,2007,968,19,NaN,NaN,NaN,0,0,1,1,0,13
101,2007,247,17,NaN,NaN,NaN,0,2.33452844154275,1,1,1,6
101,2007,102,21,NaN,NaN,NaN,0,0,1,1,0,13
101,2007,1199,15,NaN,NaN,NaN,0,0,1,1,0,20
101,2007,250,21,NaN,NaN,NaN,0,0,1,1,0,7
101,2007,151,17,NaN,NaN,NaN,0,0,1,1,0,0
101,2007,376,2,NaN,NaN,NaN,0,0,1,1,0,14
101,2007,745,1,NaN,NaN,NaN,0,0,1,1,0,0
101,2007,372,12,NaN,NaN,NaN,0,0,1,1,0,13
101,2007,1599,8,NaN,NaN,NaN,0,0,1,1,0,13
101,2007,1394,12,NaN,NaN,NaN,0,0,1,1,0,0
101,2007,243,21,NaN,NaN,NaN,0,0,1,1,0,22
101,2007,296,13,NaN,NaN,NaN,0,0.585271417829263,1,1,0,0
101,2007,1122,1,NaN,NaN,NaN,0,0,1,1,0,9
101,2007,729,1,NaN,NaN,NaN,0,0,1,1,0,17
101,2007,545,10,NaN,NaN,NaN,0,0,1,1,0,0
101,2007,1229,8,NaN,NaN,NaN,0,0,1,1,0,0
101,2007,1364,1,NaN,NaN,NaN,0,1.63734927555922,1,1,1,6
101,2007,390,20,NaN,NaN,NaN,0,0,1,1,0,13
101,2007,541,22,NaN,NaN,NaN,0,3.73368344711551,1,1,1,13
101,2007,487,1,NaN,NaN,NaN,0,0,1,1,0,0
101,2007,1169,16,NaN,NaN,NaN,0,0,1,1,0,18
101,2007,1497,5,NaN,NaN,NaN,0,0.122551952446173,1,1,0,11
101,2007,347,13,NaN,NaN,NaN,0,0,1,1,0,0
101,2007,87,9,NaN,NaN,NaN,0,0,1,1,0,20
101,2007,174,22,NaN,NaN,NaN,0,2.66138534808587,1,1,1,13
101,2007,106,6,NaN,NaN,NaN,0,0,1,1,0,0
101,2007,333,2,NaN,NaN,NaN,0,0,1,1,0,5
101,2007,931,8,NaN,NaN,NaN,0,0,1,1,0,0
101,2007,800,1,NaN,NaN,NaN,0,0,1,1,0,0
102,2008,821,21,NaN,NaN,NaN,0,0,1,1,0,11
102,2008,1240,5,NaN,NaN,NaN,0,0,1,1,0,18
102,2008,541,13,NaN,NaN,NaN,0,0,1,0,0,22
102,2008,968,13,NaN,NaN,NaN,0,0,1,1,0,16
102,2008,722,11,NaN,NaN,NaN,0,0,1,1,0,3
102,2008,1107,3,NaN,NaN,NaN,0,0,1,0,0,5
102,2008,634,1,NaN,NaN,NaN,0,0,1,1,0,0
102,2008,1130,11,NaN,NaN,NaN,0,0,1,0,0,22
102,2008,801,13,NaN,NaN,NaN,0,0,1,1,0,4
102,2008,544,20,NaN,NaN,NaN,0,0,1,1,0,21
102,2008,323,22,NaN,NaN,NaN,0,0,1,1,0,13
102,2008,1229,8,NaN,NaN,NaN,0,0,1,1,0,0
102,2008,1199,20,NaN,NaN,NaN,0,0,1,1,0,10
102,2008,534,10,NaN,NaN,NaN,0,0,1,1,0,12
102,2008,151,17,NaN,NaN,NaN,0,0,1,1,0,0
102,2008,67,11,NaN,NaN,NaN,0,0,1,1,0,7
102,2008,487,1,NaN,NaN,NaN,0,0,1,1,0,17
102,2008,763,12,NaN,NaN,NaN,0,0,1,1,0,1
102,2008,27,21,NaN,NaN,NaN,0,0,1,1,0,6
102,2008,410,15,NaN,NaN,NaN,0,0,1,0,0,13
102,2008,1598,1,NaN,NaN,NaN,0,0,1,1,0,21
102,2008,1186,13,NaN,NaN,NaN,0,0,1,1,0,0
102,2008,80,18,NaN,NaN,NaN,0,0,1,1,0,0
102,2008,1196,13,NaN,NaN,NaN,0,0,1,1,0,0
102,2008,245,5,NaN,NaN,NaN,0,0,1,1,0,0
102,2008,729,17,NaN,NaN,NaN,0,0,1,1,0,14
102,2008,183,5,NaN,NaN,NaN,0,0,1,1,0,14
102,2008,44,5,NaN,NaN,NaN,0,0,1,1,0,18
102,2008,1222,5,NaN,NaN,NaN,0,0,1,1,0,0
102,2008,1144,6,NaN,NaN,NaN,0,0,1,0,0,0
102,2008,47,8,NaN,NaN,NaN,0,0,1,1,0,5
102,2008,1113,21,NaN,NaN,NaN,0,0,1,1,0,18
102,2008,907,17,NaN,NaN,NaN,0,0,1,0,0,0
102,2008,1439,1,NaN,NaN,NaN,0,0,1,1,0,0
102,2008,20,8,NaN,NaN,NaN,0,0,1,1,0,19
102,2008,170,15,NaN,NaN,NaN,0,3.93727662010895,1,0,0,0
102,2008,87,20,NaN,NaN,NaN,0,0,1,1,0,0
102,2008,1195,5,NaN,NaN,NaN,0,0,1,1,0,14
102,2008,296,13,NaN,NaN,NaN,0,0.585271417829263,1,1,0,0
102,2008,102,13,NaN,NaN,NaN,0,0,1,1,0,0
102,2008,671,14,NaN,NaN,NaN,0,0,1,1,0,5
102,2008,1169,18,NaN,NaN,NaN,0,0,1,1,0,0
102,2008,1457,19,NaN,NaN,NaN,0,0,1,1,0,0
102,2008,185,13,NaN,NaN,NaN,0,0,1,1,0,18
102,2008,247,6,NaN,NaN,NaN,0,0,1,0,0,13
102,2008,1535,8,NaN,NaN,NaN,0,0,1,1,0,5
102,2008,333,5,NaN,NaN,NaN,0,0,1,1,0,0
102,2008,1215,12,NaN,NaN,NaN,0,0,1,0,0,19
102,2008,276,9,NaN,NaN,NaN,0,0,1,1,0,4
102,2008,447,13,NaN,NaN,NaN,0,0,1,1,0,7
102,2008,1122,9,NaN,NaN,NaN,0,0,1,1,0,14
102,2008,887,8,NaN,NaN,NaN,0,0,1,1,0,5
102,2008,1599,13,NaN,NaN,NaN,0,0,1,1,0,18
102,2008,625,22,NaN,NaN,NaN,0,0,1,1,0,4
102,2008,1034,9,NaN,NaN,NaN,0,0,1,1,0,2
102,2008,372,13,NaN,NaN,NaN,0,0,1,1,0,4
102,2008,1441,2,NaN,NaN,NaN,0,0,1,1,0,18
102,2008,1021,21,NaN,NaN,NaN,0,0,1,1,0,20
102,2008,803,5,NaN,NaN,NaN,0,0,1,1,0,0
102,2008,1178,17,NaN,NaN,NaN,0,0,1,1,0,19
102,2008,767,18,NaN,NaN,NaN,0,0,1,1,0,12
102,2008,272,14,NaN,NaN,NaN,0,0,1,1,0,10
102,2008,308,15,NaN,NaN,NaN,0,0,1,0,0,3
102,2008,745,1,NaN,NaN,NaN,0,0,1,1,0,0
102,2008,1043,5,NaN,NaN,NaN,0,0,1,1,0,19
102,2008,1497,11,NaN,NaN,NaN,0,0.122551952446173,1,1,0,0
102,2008,1227,5,NaN,NaN,NaN,0,0,1,1,0,1
102,2008,233,13,NaN,NaN,NaN,0,0,1,1,0,11
102,2008,376,14,NaN,NaN,NaN,0,0,1,1,0,0
102,2008,1364,6,NaN,NaN,NaN,0,0,1,0,0,0
102,2008,1024,15,NaN,NaN,NaN,0,0,1,1,0,21
102,2008,427,11,NaN,NaN,NaN,0,0,1,1,0,7
102,2008,545,10,NaN,NaN,NaN,0,0,1,1,0,0
102,2008,347,13,NaN,NaN,NaN,0,0,1,1,0,0
102,2008,738,7,NaN,NaN,NaN,0,0,1,0,0,21
102,2008,1465,13,NaN,NaN,NaN,0,0,1,1,0,21
102,2008,106,6,NaN,NaN,NaN,0,0,1,1,0,0
102,2008,250,7,NaN,NaN,NaN,0,0,1,1,0,0
102,2008,1580,2,NaN,NaN,NaN,0,0,1,1,0,0
102,2008,134,12,NaN,NaN,NaN,0,0,1,1,0,0
102,2008,1038,13,NaN,NaN,NaN,0,0,1,1,0,0
102,2008,1368,17,NaN,NaN,NaN,0,0,1,0,0,18
102,2008,607,17,NaN,NaN,NaN,0,0,1,1,0,0
102,2008,1268,18,NaN,NaN,NaN,0,0,1,1,0,11
102,2008,243,22,NaN,NaN,NaN,0,0,1,1,0,19
102,2008,1345,6,NaN,NaN,NaN,0,0,1,1,0,4
102,2008,1003,3,NaN,NaN,NaN,0,0,1,0,0,0
102,2008,1305,13,NaN,NaN,NaN,0,0,1,1,0,11
102,2008,390,13,NaN,NaN,NaN,0,0,1,1,0,0
102,2008,568,9,NaN,NaN,NaN,0,0.55566467657324,1,1,0,0
102,2008,1584,12,NaN,NaN,NaN,0,0,1,1,0,22
102,2008,174,13,NaN,NaN,NaN,0,0,1,0,0,1
102,2008,1391,21,NaN,NaN,NaN,0,0,1,1,0,10
102,2008,800,1,NaN,NaN,NaN,0,0,1,1,0,0
102,2008,461,17,NaN,NaN,NaN,0,0,1,0,0,0
102,2008,922,21,NaN,NaN,NaN,0,0,1,1,0,0
102,2008,931,8,NaN,NaN,NaN,0,0,1,1,0,17
102,2008,554,4,NaN,NaN,NaN,0,0,1,1,0,5
102,2008,1394,12,NaN,NaN,NaN,0,0,1,1,0,0
102,2008,255,11,NaN,NaN,NaN,0,0,1,0,0,16
102,2008,16,13,NaN,NaN,NaN,0,0,1,1,0,5
102,2008,1264,19,NaN,NaN,NaN,0,0,1,1,0,2
102,2008,813,1,NaN,NaN,NaN,0,0,1,1,0,18
102,2008,1124,18,NaN,NaN,NaN,0,0,1,1,0,5
102,2008,593,21,NaN,NaN,NaN,0,0,1,0,0,18
103,2008,1113,18,NaN,NaN,NaN,0,0,1,1,0,0
103,2008,1535,5,NaN,NaN,NaN,0,0,1,1,0,0
103,2008,1186,13,NaN,NaN,NaN,0,0,1,1,0,0
103,2008,80,18,NaN,NaN,NaN,0,0,1,1,0,0
103,2008,1364,6,NaN,NaN,NaN,0,0,1,0,0,0
103,2008,47,5,NaN,NaN,NaN,0,0,1,1,0,9
103,2008,745,1,NaN,NaN,NaN,0,0,1,1,0,0
103,2008,568,9,NaN,NaN,NaN,0,0.55566467657324,1,1,0,0
103,2008,1215,19,NaN,NaN,NaN,0,0,1,0,0,2
103,2008,1130,22,NaN,NaN,NaN,0,0,1,0,0,0
103,2008,738,21,NaN,NaN,NaN,0,0,1,0,0,0
103,2008,1144,6,NaN,NaN,NaN,0,0,1,0,0,5
103,2008,347,13,NaN,NaN,NaN,0,0,1,1,0,0
103,2008,1580,2,NaN,NaN,NaN,0,0,1,1,0,15
103,2008,800,1,NaN,NaN,NaN,0,0,1,1,0,0
103,2008,1003,3,NaN,NaN,NaN,0,0,1,0,0,0
103,2008,272,10,NaN,NaN,NaN,0,0,1,1,0,0
103,2008,1178,19,NaN,NaN,NaN,0,0,1,1,0,8
103,2008,541,22,NaN,NaN,NaN,0,0,1,0,0,0
103,2008,813,18,NaN,NaN,NaN,0,0,1,1,0,17
103,2008,1599,18,NaN,NaN,NaN,0,0,1,1,0,7
103,2008,554,5,NaN,NaN,NaN,0,0,1,1,0,14
103,2008,1169,18,NaN,NaN,NaN,0,0,1,1,0,3
103,2008,1043,19,NaN,NaN,NaN,0,0,1,1,0,7
103,2008,1124,5,NaN,NaN,NaN,0,0,1,1,0,3
103,2008,323,13,NaN,NaN,NaN,0,0,1,1,0,0
103,2008,593,18,NaN,NaN,NaN,0,0,1,0,0,0
103,2008,1394,12,NaN,NaN,NaN,0,0,1,1,0,10
103,2008,887,5,NaN,NaN,NaN,0,0,1,1,0,21
103,2008,247,13,NaN,NaN,NaN,0,0,1,0,0,1
103,2008,102,13,NaN,NaN,NaN,0,0,1,1,0,7
103,2008,1439,1,NaN,NaN,NaN,0,0,1,1,0,0
103,2008,20,19,NaN,NaN,NaN,0,0,1,1,0,13
103,2008,534,12,NaN,NaN,NaN,0,0,1,1,0,7
103,2008,87,20,NaN,NaN,NaN,0,0,1,1,0,0
103,2008,1584,22,NaN,NaN,NaN,0,0,1,1,0,0
103,2008,607,17,NaN,NaN,NaN,0,0,1,1,0,15
103,2008,634,1,NaN,NaN,NaN,0,0,1,1,0,0
103,2008,1038,13,NaN,NaN,NaN,0,0,1,1,0,0
103,2008,1021,20,NaN,NaN,NaN,0,0,1,1,0,0
103,2008,729,14,NaN,NaN,NaN,0,0,1,1,0,1
103,2008,255,16,NaN,NaN,NaN,0,0,1,0,0,0
103,2008,922,21,NaN,NaN,NaN,0,0,1,1,0,13
103,2008,1368,18,NaN,NaN,NaN,0,0,1,1,0,14
103,2008,1195,14,NaN,NaN,NaN,0,0,1,1,0,13
103,2008,170,15,NaN,NaN,NaN,0,3.93727662010895,1,1,1,12
103,2008,1227,1,NaN,NaN,NaN,0,0,1,1,0,15
103,2008,174,1,NaN,NaN,NaN,0,0,1,0,0,0
103,2008,1268,11,NaN,NaN,NaN,0,0,1,1,0,20
103,2008,106,6,NaN,NaN,NaN,0,0,1,1,0,0
103,2008,968,16,NaN,NaN,NaN,0,0,1,1,0,5
103,2008,545,10,NaN,NaN,NaN,0,0,1,1,0,0
103,2008,1345,4,NaN,NaN,NaN,0,0,1,1,0,5
103,2008,1457,19,NaN,NaN,NaN,0,0,1,1,0,6
103,2008,243,19,NaN,NaN,NaN,0,0,1,1,0,20
103,2008,16,5,NaN,NaN,NaN,0,0,1,1,0,0
103,2008,1441,18,NaN,NaN,NaN,0,0,1,1,0,16
103,2008,1034,2,NaN,NaN,NaN,0,0,1,1,0,6
103,2008,183,14,NaN,NaN,NaN,0,0,1,1,0,7
103,2008,410,13,NaN,NaN,NaN,0,0,1,0,0,0
103,2008,801,4,NaN,NaN,NaN,0,0,1,1,0,21
103,2008,233,11,NaN,NaN,NaN,0,0,1,1,0,1
103,2008,134,12,NaN,NaN,NaN,0,0,1,1,0,0
103,2008,803,5,NaN,NaN,NaN,0,0,1,1,0,4
103,2008,1305,11,NaN,NaN,NaN,0,0,1,1,0,18
103,2008,250,7,NaN,NaN,NaN,0,0,1,1,0,0
103,2008,931,17,NaN,NaN,NaN,0,0,1,1,0,12
103,2008,67,7,NaN,NaN,NaN,0,0,1,1,0,10
103,2008,1465,21,NaN,NaN,NaN,0,0,1,1,0,0
103,2008,625,4,NaN,NaN,NaN,0,0,1,1,0,5
103,2008,1024,21,NaN,NaN,NaN,0,0,1,1,0,4
103,2008,1196,13,NaN,NaN,NaN,0,0,1,1,0,2
103,2008,461,17,NaN,NaN,NaN,0,0,1,0,0,8
103,2008,1240,18,NaN,NaN,NaN,0,0,1,1,0,0
103,2008,185,18,NaN,NaN,NaN,0,0,1,1,0,22
103,2008,1199,10,NaN,NaN,NaN,0,0,1,1,0,0
103,2008,767,12,NaN,NaN,NaN,0,0,1,1,0,22
103,2008,372,4,NaN,NaN,NaN,0,0,1,1,0,17
103,2008,245,5,NaN,NaN,NaN,0,0,1,1,0,0
103,2008,308,3,NaN,NaN,NaN,0,0,1,0,0,0
103,2008,44,18,NaN,NaN,NaN,0,0,1,1,0,5
103,2008,276,4,NaN,NaN,NaN,0,0,1,1,0,1
103,2008,907,17,NaN,NaN,NaN,0,0,1,0,0,10
103,2008,333,5,NaN,NaN,NaN,0,0,1,1,0,11
103,2008,821,11,NaN,NaN,NaN,0,0,1,1,0,21
103,2008,151,17,NaN,NaN,NaN,0,0,1,1,0,0
103,2008,763,1,NaN,NaN,NaN,0,0,1,1,0,11
103,2008,427,7,NaN,NaN,NaN,0,0,1,1,0,15
103,2008,722,3,NaN,NaN,NaN,0,0,1,1,0,14
103,2008,487,17,NaN,NaN,NaN,0,0,1,1,0,1
103,2008,1497,11,NaN,NaN,NaN,0,0.122551952446173,1,1,0,1
103,2008,1598,21,NaN,NaN,NaN,0,0,1,1,0,10
103,2008,671,5,NaN,NaN,NaN,0,0,1,1,0,21
103,2008,376,14,NaN,NaN,NaN,0,0,1,1,0,0
103,2008,544,21,NaN,NaN,NaN,0,0,1,1,0,20
103,2008,1107,5,NaN,NaN,NaN,0,0,1,0,0,0
103,2008,1229,8,NaN,NaN,NaN,0,0,1,1,0,0
103,2008,27,6,NaN,NaN,NaN,0,0,1,1,0,12
103,2008,1122,14,NaN,NaN,NaN,0,0,1,1,0,0
103,2008,1391,10,NaN,NaN,NaN,0,0,1,1,0,0
103,2008,447,7,NaN,NaN,NaN,0,0,1,1,0,11
103,2008,1264,2,NaN,NaN,NaN,0,0,1,1,0,14
103,2008,390,13,NaN,NaN,NaN,0,0,1,1,0,0
104,2008,390,13,NaN,NaN,NaN,0,0,1,1,0,0
104,2008,593,18,NaN,NaN,NaN,0,0,1,0,0,11
104,2008,376,14,NaN,NaN,NaN,0,0,1,1,0,0
104,2008,968,5,NaN,NaN,NaN,0,0,1,1,0,0
104,2008,20,13,NaN,NaN,NaN,0,0,1,1,0,0
104,2008,544,20,NaN,NaN,NaN,0,0,1,1,0,0
104,2008,1124,3,NaN,NaN,NaN,0,0,1,1,0,17
104,2008,887,21,NaN,NaN,NaN,0,0,1,1,0,0
104,2008,1580,15,NaN,NaN,NaN,0,0,1,1,0,2
104,2008,1196,2,NaN,NaN,NaN,0,0,1,1,0,13
104,2008,1535,5,NaN,NaN,NaN,0,0,1,1,0,0
104,2008,1465,21,NaN,NaN,NaN,0,0,1,1,0,0
104,2008,1178,8,NaN,NaN,NaN,0,0,1,1,0,13
104,2008,1584,22,NaN,NaN,NaN,0,0,1,1,0,0
104,2008,1195,13,NaN,NaN,NaN,0,0,1,1,0,16
104,2008,16,5,NaN,NaN,NaN,0,0,1,1,0,16
104,2008,447,11,NaN,NaN,NaN,0,0,1,1,0,5
104,2008,729,1,NaN,NaN,NaN,0,0,1,1,0,0
104,2008,922,13,NaN,NaN,NaN,0,0,1,1,0,8
104,2008,1497,1,NaN,NaN,NaN,0,0.122551952446173,1,1,0,3
104,2008,722,14,NaN,NaN,NaN,0,0,1,1,0,4
104,2008,487,1,NaN,NaN,NaN,0,0,1,1,0,17
104,2008,625,5,NaN,NaN,NaN,0,0,1,1,0,6
104,2008,461,8,NaN,NaN,NaN,0,0,1,0,0,0
104,2008,87,20,NaN,NaN,NaN,0,0,1,1,0,0
104,2008,67,10,NaN,NaN,NaN,0,0,1,1,0,22
104,2008,1268,20,NaN,NaN,NaN,0,0,1,1,0,14
104,2008,763,11,NaN,NaN,NaN,0,0,1,1,0,1
104,2008,545,10,NaN,NaN,NaN,0,0,1,1,0,0
104,2008,1113,18,NaN,NaN,NaN,0,0,1,1,0,13
104,2008,534,7,NaN,NaN,NaN,0,0,1,1,0,13
104,2008,1439,1,NaN,NaN,NaN,0,0,1,1,0,0
104,2008,1305,18,NaN,NaN,NaN,0,0,1,1,0,21
104,2008,333,11,NaN,NaN,NaN,0,0,1,1,0,17
104,2008,1394,10,NaN,NaN,NaN,0,0,1,1,0,20
104,2008,151,17,NaN,NaN,NaN,0,0,1,1,0,0
104,2008,1368,14,NaN,NaN,NaN,0,0,1,1,0,0
104,2008,27,12,NaN,NaN,NaN,0,0,1,1,0,0
104,2008,47,9,NaN,NaN,NaN,0,0,1,1,0,0
104,2008,1364,6,NaN,NaN,NaN,0,0,1,0,0,0
104,2008,1003,3,NaN,NaN,NaN,0,0,1,0,0,15
104,2008,183,7,NaN,NaN,NaN,0,0,1,1,0,0
104,2008,800,1,NaN,NaN,NaN,0,0,1,1,0,3
104,2008,308,3,NaN,NaN,NaN,0,0,1,0,0,0
104,2008,821,21,NaN,NaN,NaN,0,0,1,1,0,7
104,2008,1457,6,NaN,NaN,NaN,0,0,1,1,0,19
104,2008,185,22,NaN,NaN,NaN,0,0,1,1,0,13
104,2008,247,1,NaN,NaN,NaN,0,0,1,0,0,0
104,2008,276,1,NaN,NaN,NaN,0,0,1,1,0,19
104,2008,738,21,NaN,NaN,NaN,0,0,1,0,0,0
104,2008,1024,4,NaN,NaN,NaN,0,0,1,1,0,6
104,2008,245,5,NaN,NaN,NaN,0,0,1,1,0,0
104,2008,931,12,NaN,NaN,NaN,0,0,1,1,0,0
104,2008,1021,20,NaN,NaN,NaN,0,0,1,1,0,7
104,2008,1034,6,NaN,NaN,NaN,0,0,1,1,0,8
104,2008,102,7,NaN,NaN,NaN,0,0,1,1,0,0
104,2008,634,1,NaN,NaN,NaN,0,0,1,1,0,13
104,2008,323,13,NaN,NaN,NaN,0,0,1,1,0,9
104,2008,541,22,NaN,NaN,NaN,0,0,1,0,0,0
104,2008,1229,8,NaN,NaN,NaN,0,0,1,1,0,4
104,2008,1345,5,NaN,NaN,NaN,0,0,1,1,0,17
104,2008,427,15,NaN,NaN,NaN,0,0,1,1,0,0
104,2008,1169,3,NaN,NaN,NaN,0,0,1,1,0,16
104,2008,272,10,NaN,NaN,NaN,0,0,1,1,0,0
104,2008,671,21,NaN,NaN,NaN,0,0,1,1,0,0
104,2008,1130,22,NaN,NaN,NaN,0,0,1,0,0,10
104,2008,170,12,NaN,NaN,NaN,0,0,1,0,0,15
104,2008,174,1,NaN,NaN,NaN,0,0,1,0,0,0
104,2008,813,17,NaN,NaN,NaN,0,0,1,1,0,13
104,2008,1264,14,NaN,NaN,NaN,0,0,1,1,0,4
104,2008,568,9,NaN,NaN,NaN,0,0.55566467657324,1,1,0,0
104,2008,801,21,NaN,NaN,NaN,0,0,1,1,0,18
104,2008,1240,18,NaN,NaN,NaN,0,0,1,1,0,0
104,2008,1144,5,NaN,NaN,NaN,0,0,1,0,0,0
104,2008,372,17,NaN,NaN,NaN,0,0,1,1,0,0
104,2008,1038,13,NaN,NaN,NaN,0,0,1,1,0,0
104,2008,243,20,NaN,NaN,NaN,0,0,1,1,0,10
104,2008,767,22,NaN,NaN,NaN,0,0,1,1,0,18
104,2008,1107,5,NaN,NaN,NaN,0,0,1,0,0,0
104,2008,745,1,NaN,NaN,NaN,0,0,1,1,0,0
104,2008,1215,2,NaN,NaN,NaN,0,0,1,0,0,19
104,2008,80,18,NaN,NaN,NaN,0,0,1,1,0,20
104,2008,1391,10,NaN,NaN,NaN,0,0,1,1,0,0
104,2008,255,16,NaN,NaN,NaN,0,0,1,0,0,0
104,2008,907,10,NaN,NaN,NaN,0,0,1,0,0,18
104,2008,554,14,NaN,NaN,NaN,0,0,1,1,0,5
104,2008,1227,15,NaN,NaN,NaN,0,0,1,1,0,5
104,2008,1441,16,NaN,NaN,NaN,0,0,1,1,0,0
104,2008,1599,7,NaN,NaN,NaN,0,0,1,1,0,13
104,2008,803,4,NaN,NaN,NaN,0,0,1,1,0,0
104,2008,1122,14,NaN,NaN,NaN,0,0,1,1,0,5
104,2008,1598,10,NaN,NaN,NaN,0,0,1,1,0,0
104,2008,1043,7,NaN,NaN,NaN,0,0,1,1,0,0
104,2008,44,5,NaN,NaN,NaN,0,0,1,1,0,0
104,2008,607,15,NaN,NaN,NaN,0,0,1,1,0,0
104,2008,410,13,NaN,NaN,NaN,0,0,1,0,0,0
104,2008,134,12,NaN,NaN,NaN,0,0,1,1,0,0
104,2008,233,1,NaN,NaN,NaN,0,0,1,1,0,11
104,2008,1199,10,NaN,NaN,NaN,0,0,1,1,0,13
104,2008,1186,13,NaN,NaN,NaN,0,0,1,1,0,5
104,2008,106,6,NaN,NaN,NaN,0,0,1,1,0,0
104,2008,347,13,NaN,NaN,NaN,0,0,1,1,0,0
105,2008,1038,13,NaN,NaN,NaN,0,0,1,1,0,0
105,2008,308,3,NaN,NaN,NaN,0,9.30179385464548,1,1,1,15
105,2008,729,1,NaN,NaN,NaN,0,0,1,1,0,3
105,2008,1107,5,NaN,NaN,NaN,0,6.76592340064754,1,1,1,1
105,2008,1599,13,NaN,NaN,NaN,0,0,1,1,0,0
105,2008,1003,15,NaN,NaN,NaN,0,0,1,1,0,19
105,2008,16,16,NaN,NaN,NaN,0,0,1,1,0,5
105,2008,745,1,NaN,NaN,NaN,0,0,1,1,0,0
105,2008,803,4,NaN,NaN,NaN,0,1.67188686047152,1,1,1,6
105,2008,245,5,NaN,NaN,NaN,0,0,1,1,0,4
105,2008,461,8,NaN,NaN,NaN,0,4.98079331235896,1,1,1,2
105,2008,1124,17,NaN,NaN,NaN,0,0,1,1,0,21
105,2008,1391,10,NaN,NaN,NaN,0,0,1,1,0,0
105,2008,255,16,NaN,NaN,NaN,0,0,1,1,0,18
105,2008,20,13,NaN,NaN,NaN,0,0,1,1,0,14
105,2008,1227,5,NaN,NaN,NaN,0,0,1,1,0,1
105,2008,1394,20,NaN,NaN,NaN,0,0,1,1,0,5
105,2008,243,10,NaN,NaN,NaN,0,0,1,1,0,22
105,2008,372,17,NaN,NaN,NaN,0,0,1,1,0,19
105,2008,1345,17,NaN,NaN,NaN,0,0,1,1,0,6
105,2008,722,4,NaN,NaN,NaN,0,0,1,1,0,20
105,2008,1439,1,NaN,NaN,NaN,0,0,1,1,0,0
105,2008,534,13,NaN,NaN,NaN,0,0,1,1,0,0
105,2008,1196,13,NaN,NaN,NaN,0,0,1,1,0,9
105,2008,347,13,NaN,NaN,NaN,0,0.448984584482641,1,1,0,5
105,2008,1580,2,NaN,NaN,NaN,0,0,1,1,0,17
105,2008,1024,6,NaN,NaN,NaN,0,5.7868092788418,1,1,1,17
105,2008,767,18,NaN,NaN,NaN,0,0,1,1,0,0
105,2008,544,20,NaN,NaN,NaN,0,0,1,1,0,0
105,2008,272,10,NaN,NaN,NaN,0,0,1,1,0,0
105,2008,410,13,NaN,NaN,NaN,0,4.34191588370959,1,1,1,15
105,2008,1199,13,NaN,NaN,NaN,0,0,1,1,0,0
105,2008,1240,18,NaN,NaN,NaN,0,0,1,1,0,0
105,2008,1122,5,NaN,NaN,NaN,0,0,1,1,0,3
105,2008,183,7,NaN,NaN,NaN,0,0,1,1,0,13
105,2008,390,13,NaN,NaN,NaN,0,0,1,1,0,0
105,2008,333,17,NaN,NaN,NaN,0,0,1,1,0,9
105,2008,1305,21,NaN,NaN,NaN,0,0,1,1,0,0
105,2008,821,7,NaN,NaN,NaN,0,0,1,1,0,21
105,2008,1268,14,NaN,NaN,NaN,0,0,1,1,0,0
105,2008,931,12,NaN,NaN,NaN,0,0,1,1,0,11
105,2008,1457,19,NaN,NaN,NaN,0,0,1,1,0,18
105,2008,607,15,NaN,NaN,NaN,0,4.05571677903573,1,1,1,16
105,2008,1497,3,NaN,NaN,NaN,0,0,1,1,0,13
105,2008,593,11,NaN,NaN,NaN,0,0,1,1,0,16
105,2008,1598,10,NaN,NaN,NaN,0,0,1,1,0,0
105,2008,671,21,NaN,NaN,NaN,0,0,1,1,0,12
105,2008,887,21,NaN,NaN,NaN,0,0,1,1,0,0
105,2008,801,18,NaN,NaN,NaN,0,0,1,1,0,21
105,2008,1465,21,NaN,NaN,NaN,0,0,1,1,0,9
105,2008,968,5,NaN,NaN,NaN,0,0,1,1,0,14
105,2008,1186,5,NaN,NaN,NaN,0,0,1,1,0,0
105,2008,1178,13,NaN,NaN,NaN,0,0.949903607631452,1,1,1,14
105,2008,247,1,NaN,NaN,NaN,0,0,1,1,0,12
105,2008,447,5,NaN,NaN,NaN,0,0,1,1,0,0
105,2008,1130,10,NaN,NaN,NaN,0,5.83768300182355,1,1,1,2
105,2008,800,3,NaN,NaN,NaN,0,0,1,1,0,15
105,2008,151,17,NaN,NaN,NaN,0,0,1,1,0,0
105,2008,541,22,NaN,NaN,NaN,0,4.78787765136919,1,1,1,15
105,2008,634,13,NaN,NaN,NaN,0,3.71616983332493,1,1,1,6
105,2008,87,20,NaN,NaN,NaN,0,0,1,1,0,0
105,2008,545,10,NaN,NaN,NaN,0,0,1,1,0,6
105,2008,813,13,NaN,NaN,NaN,0,0,1,1,0,20
105,2008,233,11,NaN,NaN,NaN,0,0,1,1,0,0
105,2008,80,20,NaN,NaN,NaN,0,0,1,1,0,0
105,2008,427,15,NaN,NaN,NaN,0,0,1,1,0,0
105,2008,27,12,NaN,NaN,NaN,0,0,1,1,0,17
105,2008,1034,8,NaN,NaN,NaN,0,0,1,1,0,11
105,2008,185,13,NaN,NaN,NaN,0,0,1,1,0,20
105,2008,907,18,NaN,NaN,NaN,0,0,1,1,0,0
105,2008,376,14,NaN,NaN,NaN,0,0,1,1,0,0
105,2008,1368,14,NaN,NaN,NaN,0,0,1,1,0,17
105,2008,67,22,NaN,NaN,NaN,0,0,1,1,0,4
105,2008,44,5,NaN,NaN,NaN,0,0,1,1,0,0
105,2008,170,15,NaN,NaN,NaN,0,6.2481296491999,1,0,0,0
105,2008,1113,13,NaN,NaN,NaN,0,2.28337726624286,1,1,1,2
105,2008,1229,4,NaN,NaN,NaN,0,0,1,1,0,6
105,2008,102,7,NaN,NaN,NaN,0,0,1,1,0,2
105,2008,1535,5,NaN,NaN,NaN,0,0.5004976981193,1,1,0,16
105,2008,174,1,NaN,NaN,NaN,0,0,1,1,0,0
105,2008,763,1,NaN,NaN,NaN,0,0,1,1,0,0
105,2008,1195,16,NaN,NaN,NaN,0,0,1,1,0,13
105,2008,134,12,NaN,NaN,NaN,0,3.38767952841034,1,1,1,3
105,2008,1144,5,NaN,NaN,NaN,0,4.739013695513,1,1,1,13
105,2008,554,5,NaN,NaN,NaN,0,0,1,1,0,0
105,2008,47,9,NaN,NaN,NaN,0,0,1,1,0,10
105,2008,323,9,NaN,NaN,NaN,0,0,1,1,0,0
105,2008,738,21,NaN,NaN,NaN,0,1.01568407801429,1,1,1,12
105,2008,1043,7,NaN,NaN,NaN,0,0,1,1,0,22
105,2008,487,17,NaN,NaN,NaN,0,0,1,1,0,13
105,2008,1264,4,NaN,NaN,NaN,0,0,1,1,0,16
105,2008,1215,19,NaN,NaN,NaN,0,3.75541192647657,1,1,1,2
105,2008,625,6,NaN,NaN,NaN,0,0,1,1,0,22
105,2008,922,8,NaN,NaN,NaN,0,0,1,1,0,21
105,2008,1169,16,NaN,NaN,NaN,0,0,1,1,0,8
105,2008,1441,16,NaN,NaN,NaN,0,0,1,1,0,12
105,2008,568,9,NaN,NaN,NaN,0,2.05044424017715,1,1,1,4
105,2008,1021,7,NaN,NaN,NaN,0,0,1,1,0,20
105,2008,106,6,NaN,NaN,NaN,0,0,1,1,0,9
105,2008,1364,6,NaN,NaN,NaN,0,6.31985763931081,1,1,1,20
105,2008,276,19,NaN,NaN,NaN,0,0,1,1,0,0
105,2008,1584,22,NaN,NaN,NaN,0,0,1,1,0,10
106,2009,183,13,NaN,NaN,NaN,0,0,1,1,0,0
106,2009,16,5,NaN,NaN,NaN,0,0,1,1,0,13
106,2009,1107,1,NaN,NaN,NaN,0,0,1,0,0,5
106,2009,276,19,NaN,NaN,NaN,0,0,1,1,0,14
106,2009,738,12,NaN,NaN,NaN,0,0,1,0,0,21
106,2009,545,6,NaN,NaN,NaN,0,0,1,1,0,0
106,2009,1439,1,NaN,NaN,NaN,0,0,1,1,0,0
106,2009,544,20,NaN,NaN,NaN,0,0,1,1,0,0
106,2009,568,4,NaN,NaN,NaN,0,0,1,0,0,0
106,2009,347,5,NaN,NaN,NaN,0,0.448984584482641,1,1,0,13
106,2009,1599,13,NaN,NaN,NaN,0,0,1,1,0,17
106,2009,1305,21,NaN,NaN,NaN,0,0,1,1,0,0
106,2009,333,9,NaN,NaN,NaN,0,0,1,1,0,5
106,2009,1021,20,NaN,NaN,NaN,0,0,1,1,0,17
106,2009,447,5,NaN,NaN,NaN,0,0,1,1,0,0
106,2009,1497,13,NaN,NaN,NaN,0,0,1,1,0,0
106,2009,1394,5,NaN,NaN,NaN,0,0,1,1,0,0
106,2009,593,16,NaN,NaN,NaN,0,0,1,1,0,11
106,2009,308,15,NaN,NaN,NaN,0,0,1,0,0,3
106,2009,1229,6,NaN,NaN,NaN,0,0,1,1,0,4
106,2009,1598,10,NaN,NaN,NaN,0,0,1,1,0,0
106,2009,1144,13,NaN,NaN,NaN,0,0,1,0,0,21
106,2009,323,9,NaN,NaN,NaN,0,0,1,1,0,0
106,2009,1441,12,NaN,NaN,NaN,0,0,1,1,0,10
106,2009,47,10,NaN,NaN,NaN,0,0,1,1,0,13
106,2009,1003,19,NaN,NaN,NaN,0,0,1,1,0,7
106,2009,44,5,NaN,NaN,NaN,0,0,1,1,0,0
106,2009,1240,18,NaN,NaN,NaN,0,0,1,1,0,8
106,2009,1580,17,NaN,NaN,NaN,0,0,1,1,0,0
106,2009,1368,17,NaN,NaN,NaN,0,0,1,1,0,18
106,2009,247,12,NaN,NaN,NaN,0,0,1,1,0,13
106,2009,376,14,NaN,NaN,NaN,0,0,1,1,0,10
106,2009,763,1,NaN,NaN,NaN,0,0,1,1,0,0
106,2009,922,21,NaN,NaN,NaN,0,0,1,1,0,5
106,2009,1264,16,NaN,NaN,NaN,0,0,1,1,0,0
106,2009,487,13,NaN,NaN,NaN,0,0,1,1,0,4
106,2009,1364,20,NaN,NaN,NaN,0,0,1,0,0,0
106,2009,410,15,NaN,NaN,NaN,0,0,1,0,0,13
106,2009,887,21,NaN,NaN,NaN,0,0,1,1,0,13
106,2009,80,20,NaN,NaN,NaN,0,0,1,1,0,10
106,2009,1391,10,NaN,NaN,NaN,0,0,1,1,0,0
106,2009,427,15,NaN,NaN,NaN,0,0,1,1,0,10
106,2009,170,15,NaN,NaN,NaN,0,6.2481296491999,1,0,0,0
106,2009,813,20,NaN,NaN,NaN,0,0,1,1,0,13
106,2009,1227,1,NaN,NaN,NaN,0,0,1,1,0,0
106,2009,255,18,NaN,NaN,NaN,0,0,1,1,0,3
106,2009,27,17,NaN,NaN,NaN,0,0,1,1,0,11
106,2009,1130,2,NaN,NaN,NaN,0,0,1,0,0,14
106,2009,1584,10,NaN,NaN,NaN,0,0,1,1,0,7
106,2009,174,1,NaN,NaN,NaN,0,0,1,1,0,0
106,2009,821,21,NaN,NaN,NaN,0,0,1,1,0,18
106,2009,1124,21,NaN,NaN,NaN,0,0,1,1,0,11
106,2009,87,20,NaN,NaN,NaN,0,0,1,1,0,0
106,2009,634,6,NaN,NaN,NaN,0,0,1,0,0,8
106,2009,534,13,NaN,NaN,NaN,0,0,1,1,0,0
106,2009,1215,2,NaN,NaN,NaN,0,0,1,0,0,0
106,2009,968,14,NaN,NaN,NaN,0,0,1,1,0,20
106,2009,1465,9,NaN,NaN,NaN,0,0,1,1,0,0
106,2009,1113,2,NaN,NaN,NaN,0,0,1,0,0,0
106,2009,390,13,NaN,NaN,NaN,0,0,1,1,0,20
106,2009,722,20,NaN,NaN,NaN,0,0,1,1,0,0
106,2009,1457,18,NaN,NaN,NaN,0,0,1,1,0,0
106,2009,20,14,NaN,NaN,NaN,0,0,1,1,0,0
106,2009,372,19,NaN,NaN,NaN,0,0,1,1,0,8
106,2009,151,17,NaN,NaN,NaN,0,0,1,1,0,0
106,2009,67,4,NaN,NaN,NaN,0,0,1,1,0,2
106,2009,800,15,NaN,NaN,NaN,0,0,1,1,0,13
106,2009,1178,14,NaN,NaN,NaN,0,0,1,0,0,15
106,2009,1268,14,NaN,NaN,NaN,0,0,1,1,0,13
106,2009,607,16,NaN,NaN,NaN,0,0,1,0,0,5
106,2009,1186,5,NaN,NaN,NaN,0,0,1,1,0,19
106,2009,245,4,NaN,NaN,NaN,0,0,1,1,0,12
106,2009,233,11,NaN,NaN,NaN,0,0,1,1,0,21
106,2009,243,22,NaN,NaN,NaN,0,0,1,1,0,20
106,2009,102,2,NaN,NaN,NaN,0,0,1,1,0,17
106,2009,1345,6,NaN,NaN,NaN,0,0,1,1,0,0
106,2009,106,9,NaN,NaN,NaN,0,0,1,1,0,2
106,2009,1122,3,NaN,NaN,NaN,0,0,1,1,0,20
106,2009,803,6,NaN,NaN,NaN,0,0,1,0,0,2
106,2009,541,15,NaN,NaN,NaN,0,0,1,0,0,13
106,2009,1034,11,NaN,NaN,NaN,0,0,1,1,0,20
106,2009,729,3,NaN,NaN,NaN,0,0,1,1,0,20
106,2009,185,20,NaN,NaN,NaN,0,0,1,1,0,0
106,2009,671,12,NaN,NaN,NaN,0,0,1,1,0,10
106,2009,767,18,NaN,NaN,NaN,0,0,1,1,0,0
106,2009,134,3,NaN,NaN,NaN,0,0,1,0,0,0
106,2009,554,5,NaN,NaN,NaN,0,0,1,1,0,0
106,2009,625,22,NaN,NaN,NaN,0,0,1,1,0,14
106,2009,745,1,NaN,NaN,NaN,0,0,1,1,0,0
106,2009,1195,13,NaN,NaN,NaN,0,0,1,1,0,0
106,2009,1024,17,NaN,NaN,NaN,0,0,1,0,0,15
106,2009,1196,9,NaN,NaN,NaN,0,0,1,1,0,13
106,2009,1169,8,NaN,NaN,NaN,0,0,1,1,0,21
106,2009,907,18,NaN,NaN,NaN,0,0,1,1,0,0
106,2009,272,10,NaN,NaN,NaN,0,0,1,1,0,2
106,2009,1199,13,NaN,NaN,NaN,0,0,1,1,0,6
106,2009,1535,16,NaN,NaN,NaN,0,0.5004976981193,1,1,0,14
106,2009,931,11,NaN,NaN,NaN,0,0,1,1,0,0
106,2009,461,2,NaN,NaN,NaN,0,0,1,0,0,11
106,2009,1043,22,NaN,NaN,NaN,0,0,1,1,0,0
106,2009,1038,13,NaN,NaN,NaN,0,0,1,1,0,0
106,2009,801,21,NaN,NaN,NaN,0,0,1,1,0,18
107,2009,372,8,NaN,NaN,NaN,0,0,1,1,0,19
107,2009,1457,18,NaN,NaN,NaN,0,0,1,1,0,19
107,2009,1497,13,NaN,NaN,NaN,0,0,1,1,0,3
107,2009,323,9,NaN,NaN,NaN,0,0,1,1,0,0
107,2009,1130,14,NaN,NaN,NaN,0,0,1,0,0,0
107,2009,1107,5,NaN,NaN,NaN,0,0,1,0,0,0
107,2009,1580,17,NaN,NaN,NaN,0,0,1,1,0,9
107,2009,803,2,NaN,NaN,NaN,0,0,1,0,0,19
107,2009,568,4,NaN,NaN,NaN,0,0,1,0,0,5
107,2009,1439,1,NaN,NaN,NaN,0,0,1,1,0,0
107,2009,185,20,NaN,NaN,NaN,0,0,1,1,0,12
107,2009,243,20,NaN,NaN,NaN,0,0,1,1,0,12
107,2009,1535,14,NaN,NaN,NaN,0,0.5004976981193,1,1,0,11
107,2009,151,17,NaN,NaN,NaN,0,0,1,1,0,0
107,2009,931,11,NaN,NaN,NaN,0,0,1,1,0,16
107,2009,461,11,NaN,NaN,NaN,0,0,1,0,0,5
107,2009,1391,10,NaN,NaN,NaN,0,0,1,1,0,3
107,2009,44,5,NaN,NaN,NaN,0,0,1,1,0,0
107,2009,1598,10,NaN,NaN,NaN,0,0,1,1,0,13
107,2009,67,2,NaN,NaN,NaN,0,0,1,1,0,8
107,2009,102,17,NaN,NaN,NaN,0,0,1,1,0,13
107,2009,427,10,NaN,NaN,NaN,0,0,1,1,0,16
107,2009,1264,16,NaN,NaN,NaN,0,0,1,1,0,5
107,2009,763,1,NaN,NaN,NaN,0,0,1,1,0,21
107,2009,545,6,NaN,NaN,NaN,0,0,1,1,0,0
107,2009,767,18,NaN,NaN,NaN,0,0,1,1,0,0
107,2009,745,1,NaN,NaN,NaN,0,0,1,1,0,0
107,2009,276,14,NaN,NaN,NaN,0,0,1,1,0,0
107,2009,410,13,NaN,NaN,NaN,0,0,1,0,0,0
107,2009,87,20,NaN,NaN,NaN,0,0,1,1,0,0
107,2009,308,3,NaN,NaN,NaN,0,0,1,0,0,0
107,2009,16,13,NaN,NaN,NaN,0,0,1,1,0,18
107,2009,1124,11,NaN,NaN,NaN,0,0,1,1,0,18
107,2009,390,20,NaN,NaN,NaN,0,0,1,1,0,0
107,2009,813,13,NaN,NaN,NaN,0,0,1,1,0,0
107,2009,534,13,NaN,NaN,NaN,0,0,1,1,0,0
107,2009,1599,17,NaN,NaN,NaN,0,0,1,1,0,12
107,2009,1345,6,NaN,NaN,NaN,0,0,1,1,0,10
107,2009,729,20,NaN,NaN,NaN,0,0,1,1,0,1
107,2009,1178,15,NaN,NaN,NaN,0,0,1,0,0,9
107,2009,1186,19,NaN,NaN,NaN,0,0,1,1,0,13
107,2009,1394,5,NaN,NaN,NaN,0,0,1,1,0,22
107,2009,738,21,NaN,NaN,NaN,0,0,1,0,0,0
107,2009,922,5,NaN,NaN,NaN,0,0,1,1,0,11
107,2009,634,8,NaN,NaN,NaN,0,0,1,0,0,13
107,2009,487,4,NaN,NaN,NaN,0,0,1,1,0,0
107,2009,1024,15,NaN,NaN,NaN,0,0,1,0,0,0
107,2009,625,14,NaN,NaN,NaN,0,0,1,1,0,5
107,2009,80,10,NaN,NaN,NaN,0,0,1,1,0,0
107,2009,333,5,NaN,NaN,NaN,0,0,1,1,0,16
107,2009,272,2,NaN,NaN,NaN,0,0,1,1,0,0
107,2009,1368,18,NaN,NaN,NaN,0,0,1,1,0,0
107,2009,1034,20,NaN,NaN,NaN,0,0,1,1,0,3
107,2009,1465,9,NaN,NaN,NaN,0,0,1,1,0,0
107,2009,255,3,NaN,NaN,NaN,0,0,1,1,0,16
107,2009,1144,21,NaN,NaN,NaN,0,0,1,0,0,0
107,2009,1268,13,NaN,NaN,NaN,0,0,1,1,0,0
107,2009,47,13,NaN,NaN,NaN,0,0,1,1,0,22
107,2009,376,10,NaN,NaN,NaN,0,0,1,1,0,4
107,2009,607,5,NaN,NaN,NaN,0,0,1,0,0,18
107,2009,134,3,NaN,NaN,NaN,0,0,1,0,0,0
107,2009,1441,10,NaN,NaN,NaN,0,0,1,1,0,15
107,2009,1196,13,NaN,NaN,NaN,0,0,1,1,0,11
107,2009,1021,17,NaN,NaN,NaN,0,0,1,1,0,20
107,2009,1043,22,NaN,NaN,NaN,0,0,1,1,0,7
107,2009,1584,7,NaN,NaN,NaN,0,0,1,1,0,0
107,2009,1038,13,NaN,NaN,NaN,0,0,1,1,0,0
107,2009,544,20,NaN,NaN,NaN,0,0,1,1,0,0
107,2009,671,10,NaN,NaN,NaN,0,0,1,1,0,21
107,2009,1195,13,NaN,NaN,NaN,0,0,1,1,0,16
107,2009,821,18,NaN,NaN,NaN,0,0,1,1,0,0
107,2009,800,13,NaN,NaN,NaN,0,0,1,1,0,14
107,2009,27,11,NaN,NaN,NaN,0,0,1,1,0,19
107,2009,541,13,NaN,NaN,NaN,0,0,1,0,0,6
107,2009,1305,21,NaN,NaN,NaN,0,0,1,1,0,12
107,2009,1227,1,NaN,NaN,NaN,0,0,1,1,0,17
107,2009,347,13,NaN,NaN,NaN,0,0.448984584482641,1,1,0,0
107,2009,968,20,NaN,NaN,NaN,0,0,1,1,0,9
107,2009,1229,4,NaN,NaN,NaN,0,0,1,1,0,8
107,2009,174,1,NaN,NaN,NaN,0,0,1,1,0,0
107,2009,1122,20,NaN,NaN,NaN,0,0,1,1,0,11
107,2009,245,12,NaN,NaN,NaN,0,0,1,1,0,13
107,2009,1364,20,NaN,NaN,NaN,0,0,1,0,0,15
107,2009,1240,8,NaN,NaN,NaN,0,0,1,1,0,16
107,2009,247,13,NaN,NaN,NaN,0,0,1,1,0,4
107,2009,106,2,NaN,NaN,NaN,0,0,1,1,0,0
107,2009,1113,2,NaN,NaN,NaN,0,0,1,0,0,6
107,2009,170,15,NaN,NaN,NaN,0,6.2481296491999,1,1,1,7
107,2009,20,14,NaN,NaN,NaN,0,0,1,1,0,12
107,2009,801,18,NaN,NaN,NaN,0,0,1,1,0,20
107,2009,1003,7,NaN,NaN,NaN,0,0,1,1,0,17
107,2009,907,18,NaN,NaN,NaN,0,0,1,1,0,0
107,2009,1169,21,NaN,NaN,NaN,0,0,1,1,0,18
107,2009,887,13,NaN,NaN,NaN,0,0,1,1,0,21
107,2009,1199,6,NaN,NaN,NaN,0,0,1,1,0,13
107,2009,183,13,NaN,NaN,NaN,0,0,1,1,0,8
107,2009,447,5,NaN,NaN,NaN,0,0,1,1,0,0
107,2009,554,5,NaN,NaN,NaN,0,0,1,1,0,9
107,2009,233,21,NaN,NaN,NaN,0,0,1,1,0,0
107,2009,1215,2,NaN,NaN,NaN,0,0,1,0,0,0
107,2009,722,20,NaN,NaN,NaN,0,0,1,1,0,18
108,2009,243,12,NaN,NaN,NaN,0,0,1,1,0,0
108,2009,27,19,NaN,NaN,NaN,0,0,1,1,0,0
108,2009,541,6,NaN,NaN,NaN,0,0,1,0,0,0
108,2009,174,1,NaN,NaN,NaN,0,0,1,1,0,0
108,2009,247,4,NaN,NaN,NaN,0,0,1,1,0,13
108,2009,245,13,NaN,NaN,NaN,0,0,1,1,0,3
108,2009,461,5,NaN,NaN,NaN,0,0,1,0,0,12
108,2009,1598,13,NaN,NaN,NaN,0,0,1,1,0,19
108,2009,1130,14,NaN,NaN,NaN,0,0,1,0,0,10
108,2009,1439,1,NaN,NaN,NaN,0,0,1,1,0,0
108,2009,487,4,NaN,NaN,NaN,0,0,1,1,0,1
108,2009,1441,15,NaN,NaN,NaN,0,0,1,1,0,0
108,2009,1465,9,NaN,NaN,NaN,0,0,1,1,0,0
108,2009,1038,13,NaN,NaN,NaN,0,0,1,1,0,0
108,2009,534,13,NaN,NaN,NaN,0,0,1,1,0,0
108,2009,1268,13,NaN,NaN,NaN,0,0,1,1,0,0
108,2009,1122,11,NaN,NaN,NaN,0,0,1,1,0,13
108,2009,1024,15,NaN,NaN,NaN,0,0,1,0,0,0
108,2009,67,8,NaN,NaN,NaN,0,0,1,1,0,1
108,2009,427,16,NaN,NaN,NaN,0,0,1,1,0,17
108,2009,1107,5,NaN,NaN,NaN,0,0,1,0,0,0
108,2009,347,13,NaN,NaN,NaN,0,0.448984584482641,1,1,0,0
108,2009,801,20,NaN,NaN,NaN,0,0,1,1,0,22
108,2009,16,18,NaN,NaN,NaN,0,0,1,1,0,0
108,2009,722,18,NaN,NaN,NaN,0,0,1,1,0,16
108,2009,1305,12,NaN,NaN,NaN,0,0,1,1,0,18
108,2009,47,22,NaN,NaN,NaN,0,0,1,1,0,13
108,2009,1391,3,NaN,NaN,NaN,0,0,1,1,0,0
108,2009,1178,9,NaN,NaN,NaN,0,0,1,0,0,0
108,2009,813,13,NaN,NaN,NaN,0,0,1,1,0,0
108,2009,544,20,NaN,NaN,NaN,0,0,1,1,0,0
108,2009,1497,3,NaN,NaN,NaN,0,0,1,1,0,11
108,2009,410,13,NaN,NaN,NaN,0,0,1,0,0,0
108,2009,183,8,NaN,NaN,NaN,0,0,1,1,0,5
108,2009,1364,15,NaN,NaN,NaN,0,0,1,0,0,1
108,2009,20,12,NaN,NaN,NaN,0,0,1,1,0,7
108,2009,390,20,NaN,NaN,NaN,0,0,1,1,0,0
108,2009,1199,13,NaN,NaN,NaN,0,0,1,1,0,16
108,2009,1195,16,NaN,NaN,NaN,0,0,1,1,0,0
108,2009,447,5,NaN,NaN,NaN,0,0,1,1,0,0
108,2009,102,13,NaN,NaN,NaN,0,0,1,1,0,0
108,2009,887,21,NaN,NaN,NaN,0,0,1,1,0,0
108,2009,1580,9,NaN,NaN,NaN,0,0,1,1,0,15
108,2009,545,6,NaN,NaN,NaN,0,0,1,1,0,0
108,2009,323,9,NaN,NaN,NaN,0,0,1,1,0,21
108,2009,800,14,NaN,NaN,NaN,0,0,1,1,0,3
108,2009,554,9,NaN,NaN,NaN,0,0,1,1,0,5
108,2009,1368,18,NaN,NaN,NaN,0,0,1,1,0,17
108,2009,1394,22,NaN,NaN,NaN,0,0,1,1,0,21
108,2009,931,16,NaN,NaN,NaN,0,0,1,1,0,17
108,2009,151,17,NaN,NaN,NaN,0,0,1,1,0,0
108,2009,625,5,NaN,NaN,NaN,0,0,1,1,0,17
108,2009,1584,7,NaN,NaN,NaN,0,0,1,1,0,0
108,2009,1457,19,NaN,NaN,NaN,0,0,1,1,0,0
108,2009,671,21,NaN,NaN,NaN,0,0,1,1,0,0
108,2009,372,19,NaN,NaN,NaN,0,0,1,1,0,0
108,2009,907,18,NaN,NaN,NaN,0,0,1,1,0,0
108,2009,738,21,NaN,NaN,NaN,0,0,1,0,0,0
108,2009,1264,5,NaN,NaN,NaN,0,0,1,1,0,0
108,2009,763,21,NaN,NaN,NaN,0,0,1,1,0,0
108,2009,276,14,NaN,NaN,NaN,0,0,1,1,0,15
108,2009,134,3,NaN,NaN,NaN,0,0,1,0,0,0
108,2009,233,21,NaN,NaN,NaN,0,0,1,1,0,9
108,2009,1003,17,NaN,NaN,NaN,0,0,1,1,0,4
108,2009,272,2,NaN,NaN,NaN,0,0,1,1,0,5
108,2009,968,9,NaN,NaN,NaN,0,0,1,1,0,0
108,2009,308,3,NaN,NaN,NaN,0,0,1,0,0,15
108,2009,106,2,NaN,NaN,NaN,0,0,1,1,0,12
108,2009,1535,11,NaN,NaN,NaN,0,0.5004976981193,1,1,0,0
108,2009,1124,18,NaN,NaN,NaN,0,0,1,1,0,0
108,2009,1113,6,NaN,NaN,NaN,0,0,1,0,0,2
108,2009,1229,8,NaN,NaN,NaN,0,0,1,1,0,0
108,2009,333,16,NaN,NaN,NaN,0,0,1,1,0,9
108,2009,1186,13,NaN,NaN,NaN,0,0,1,1,0,16
108,2009,376,4,NaN,NaN,NaN,0,0,1,1,0,19
108,2009,1215,2,NaN,NaN,NaN,0,0,1,0,0,19
108,2009,745,1,NaN,NaN,NaN,0,0,1,1,0,0
108,2009,729,1,NaN,NaN,NaN,0,0,1,1,0,0
108,2009,80,10,NaN,NaN,NaN,0,0,1,1,0,22
108,2009,1169,18,NaN,NaN,NaN,0,0,1,1,0,17
108,2009,1144,21,NaN,NaN,NaN,0,0,1,0,0,0
108,2009,568,5,NaN,NaN,NaN,0,0,1,0,0,0
108,2009,1599,12,NaN,NaN,NaN,0,0,1,1,0,13
108,2009,803,19,NaN,NaN,NaN,0,0,1,0,0,0
108,2009,1196,11,NaN,NaN,NaN,0,0,1,1,0,0
108,2009,1043,7,NaN,NaN,NaN,0,0,1,1,0,0
108,2009,255,16,NaN,NaN,NaN,0,0,1,1,0,0
108,2009,185,12,NaN,NaN,NaN,0,0,1,1,0,2
108,2009,170,7,NaN,NaN,NaN,0,0,1,0,0,15
108,2009,607,18,NaN,NaN,NaN,0,0,1,0,0,0
108,2009,44,5,NaN,NaN,NaN,0,0,1,1,0,0
108,2009,634,13,NaN,NaN,NaN,0,0,1,0,0,0
108,2009,767,18,NaN,NaN,NaN,0,0,1,1,0,10
108,2009,821,18,NaN,NaN,NaN,0,0,1,1,0,11
108,2009,1021,20,NaN,NaN,NaN,0,0,1,1,0,17
108,2009,1034,3,NaN,NaN,NaN,0,0,1,1,0,1
108,2009,1345,10,NaN,NaN,NaN,0,0,1,1,0,8
108,2009,87,20,NaN,NaN,NaN,0,0,1,1,0,0
108,2009,922,11,NaN,NaN,NaN,0,0,1,1,0,12
108,2009,1227,17,NaN,NaN,NaN,0,0,1,1,0,16
109,2009,1122,13,NaN,NaN,NaN,0,0,1,1,0,0
109,2009,671,21,NaN,NaN,NaN,0,0,1,1,0,4
109,2009,1497,11,NaN,NaN,NaN,0,0,1,1,0,21
109,2009,554,5,NaN,NaN,NaN,0,0,1,1,0,18
109,2009,1196,11,NaN,NaN,NaN,0,0,1,1,0,18
109,2009,1580,15,NaN,NaN,NaN,0,0,1,1,0,11
109,2009,541,6,NaN,NaN,NaN,0,5.32555603185464,1,1,1,22
109,2009,27,19,NaN,NaN,NaN,0,0,1,1,0,0
109,2009,47,13,NaN,NaN,NaN,0,0,1,1,0,7
109,2009,1021,17,NaN,NaN,NaN,0,0,1,1,0,20
109,2009,461,12,NaN,NaN,NaN,0,6.11442970466319,1,1,1,5
109,2009,1599,13,NaN,NaN,NaN,0,0,1,1,0,18
109,2009,1215,19,NaN,NaN,NaN,0,7.45407570026601,1,1,1,2
109,2009,1107,5,NaN,NaN,NaN,0,4.04972629476533,1,1,1,22
109,2009,80,22,NaN,NaN,NaN,0,0,1,1,0,8
109,2009,634,13,NaN,NaN,NaN,0,0.11271561820692,1,1,0,1
109,2009,800,3,NaN,NaN,NaN,0,0,1,1,0,20
109,2009,276,15,NaN,NaN,NaN,0,0,1,1,0,0
109,2009,922,12,NaN,NaN,NaN,0,0,1,1,0,0
109,2009,487,1,NaN,NaN,NaN,0,0,1,1,0,0
109,2009,376,19,NaN,NaN,NaN,0,0,1,1,0,18
109,2009,1169,17,NaN,NaN,NaN,0,0,1,1,0,8
109,2009,821,11,NaN,NaN,NaN,0,0,1,1,0,19
109,2009,308,15,NaN,NaN,NaN,0,8.00988956109739,1,1,1,3
109,2009,44,5,NaN,NaN,NaN,0,0,1,1,0,0
109,2009,1598,19,NaN,NaN,NaN,0,0,1,1,0,20
109,2009,1186,16,NaN,NaN,NaN,0,0,1,1,0,3
109,2009,1034,1,NaN,NaN,NaN,0,0,1,1,0,0
109,2009,1199,16,NaN,NaN,NaN,0,0,1,1,0,0
109,2009,887,21,NaN,NaN,NaN,0,0,1,1,0,0
109,2009,1264,5,NaN,NaN,NaN,0,0,1,1,0,4
109,2009,729,1,NaN,NaN,NaN,0,0,1,1,0,21
109,2009,1441,15,NaN,NaN,NaN,0,0,1,1,0,0
109,2009,1465,9,NaN,NaN,NaN,0,0,1,1,0,0
109,2009,1457,19,NaN,NaN,NaN,0,0,1,1,0,0
109,2009,410,13,NaN,NaN,NaN,0,6.0335448579567,1,1,1,14
109,2009,106,12,NaN,NaN,NaN,0,0,1,1,0,0
109,2009,372,19,NaN,NaN,NaN,0,3.67699074654971,1,1,1,12
109,2009,233,9,NaN,NaN,NaN,0,0,1,1,0,21
109,2009,544,20,NaN,NaN,NaN,0,0,1,1,0,0
109,2009,1144,21,NaN,NaN,NaN,0,4.10125451913979,1,1,1,20
109,2009,1584,7,NaN,NaN,NaN,0,0,1,1,0,4
109,2009,738,21,NaN,NaN,NaN,0,3.03529221550721,1,1,1,3
109,2009,1043,7,NaN,NaN,NaN,0,0,1,1,0,0
109,2009,907,18,NaN,NaN,NaN,0,5.23291554795808,1,1,1,9
109,2009,745,1,NaN,NaN,NaN,0,0,1,1,0,13
109,2009,722,16,NaN,NaN,NaN,0,0,1,1,0,18
109,2009,1364,1,NaN,NaN,NaN,0,0.928381555709121,1,1,1,5
109,2009,813,13,NaN,NaN,NaN,0,0,1,1,0,3
109,2009,333,9,NaN,NaN,NaN,0,0,1,1,0,5
109,2009,87,20,NaN,NaN,NaN,0,0,1,1,0,0
109,2009,1535,11,NaN,NaN,NaN,0,0.50813458517647,1,1,0,1
109,2009,1439,1,NaN,NaN,NaN,0,0,1,1,0,0
109,2009,1003,4,NaN,NaN,NaN,0,0,1,1,0,0
109,2009,1345,8,NaN,NaN,NaN,0,0,1,1,0,5
109,2009,1024,15,NaN,NaN,NaN,0,0,1,1,0,0
109,2009,170,15,NaN,NaN,NaN,0,7.51754355566769,1,0,0,0
109,2009,323,21,NaN,NaN,NaN,0,0,1,1,0,9
109,2009,1038,13,NaN,NaN,NaN,0,0,1,1,0,0
109,2009,625,17,NaN,NaN,NaN,0,0,1,1,0,0
109,2009,20,7,NaN,NaN,NaN,0,0,1,1,0,0
109,2009,245,3,NaN,NaN,NaN,0,0,1,1,0,5
109,2009,1305,18,NaN,NaN,NaN,0,0,1,1,0,0
109,2009,347,13,NaN,NaN,NaN,0,3.90548902359545,1,1,1,17
109,2009,243,12,NaN,NaN,NaN,0,0,1,1,0,20
109,2009,16,18,NaN,NaN,NaN,0,0,1,1,0,5
109,2009,247,13,NaN,NaN,NaN,0,0,1,1,0,16
109,2009,568,5,NaN,NaN,NaN,0,5.09551895541809,1,1,1,14
109,2009,102,13,NaN,NaN,NaN,0,0,1,1,0,0
109,2009,1178,9,NaN,NaN,NaN,0,6.27718085460357,1,1,1,4
109,2009,1368,17,NaN,NaN,NaN,0,0,1,1,0,0
109,2009,1229,8,NaN,NaN,NaN,0,0,1,1,0,14
109,2009,968,9,NaN,NaN,NaN,0,0,1,1,0,21
109,2009,545,6,NaN,NaN,NaN,0,0,1,1,0,0
109,2009,1113,2,NaN,NaN,NaN,0,6.89360288949574,1,1,1,3
109,2009,1268,13,NaN,NaN,NaN,0,0,1,1,0,15
109,2009,185,2,NaN,NaN,NaN,0,0,1,1,0,1
109,2009,174,1,NaN,NaN,NaN,0,0,1,1,0,0
109,2009,803,19,NaN,NaN,NaN,0,7.4462550285185,1,1,1,7
109,2009,931,17,NaN,NaN,NaN,0,0,1,1,0,0
109,2009,390,20,NaN,NaN,NaN,0,0,1,1,0,0
109,2009,763,21,NaN,NaN,NaN,0,0,1,1,0,1
109,2009,67,1,NaN,NaN,NaN,0,0,1,1,0,0
109,2009,1130,10,NaN,NaN,NaN,0,6.01390106175769,1,1,1,16
109,2009,534,13,NaN,NaN,NaN,0,0,1,1,0,0
109,2009,255,16,NaN,NaN,NaN,0,0.604472367257974,1,1,0,0
109,2009,1394,21,NaN,NaN,NaN,0,0,1,1,0,10
109,2009,134,3,NaN,NaN,NaN,0,5.99060167655645,1,1,1,19
109,2009,151,17,NaN,NaN,NaN,0,0,1,1,0,0
109,2009,1195,16,NaN,NaN,NaN,0,0,1,1,0,8
109,2009,1124,18,NaN,NaN,NaN,0,0,1,1,0,0
109,2009,801,22,NaN,NaN,NaN,0,0,1,1,0,18
109,2009,1391,3,NaN,NaN,NaN,0,0,1,1,0,19
109,2009,607,18,NaN,NaN,NaN,0,2.8140141804411,1,1,1,13
109,2009,427,17,NaN,NaN,NaN,0,0,1,1,0,0
109,2009,767,10,NaN,NaN,NaN,0,0,1,1,0,8
109,2009,272,5,NaN,NaN,NaN,0,0,1,1,0,0
109,2009,1227,16,NaN,NaN,NaN,0,0.182764368469705,1,1,0,15
109,2009,447,5,NaN,NaN,NaN,0,0,1,1,0,0
109,2009,183,5,NaN,NaN,NaN,0,0,1,1,0,0
110,2010,1599,18,NaN,NaN,NaN,0,0,1,1,0,14
110,2010,1186,3,NaN,NaN,NaN,0,0,1,1,0,9
110,2010,1122,13,NaN,NaN,NaN,0,0,1,1,0,4
110,2010,1229,14,NaN,NaN,NaN,0,0,1,1,0,0
110,2010,1024,15,NaN,NaN,NaN,0,0,1,1,0,5
110,2010,634,1,NaN,NaN,NaN,0,0.11271561820692,1,1,0,22
110,2010,347,17,NaN,NaN,NaN,0,0,1,0,0,13
110,2010,767,8,NaN,NaN,NaN,0,0,1,1,0,2
110,2010,255,16,NaN,NaN,NaN,0,0.604472367257974,1,1,0,0
110,2010,447,5,NaN,NaN,NaN,0,0,1,1,0,0
110,2010,1227,15,NaN,NaN,NaN,0,0.182764368469705,1,1,0,16
110,2010,243,20,NaN,NaN,NaN,0,0,1,1,0,1
110,2010,372,12,NaN,NaN,NaN,0,0,1,0,0,11
110,2010,671,4,NaN,NaN,NaN,0,0,1,1,0,0
110,2010,907,9,NaN,NaN,NaN,0,0,1,0,0,0
110,2010,1264,4,NaN,NaN,NaN,0,0,1,1,0,16
110,2010,87,20,NaN,NaN,NaN,0,0,1,1,0,0
110,2010,461,5,NaN,NaN,NaN,0,0,1,0,0,12
110,2010,1196,18,NaN,NaN,NaN,0,0,1,1,0,0
110,2010,1003,4,NaN,NaN,NaN,0,0,1,1,0,9
110,2010,1215,2,NaN,NaN,NaN,0,0,1,0,0,19
110,2010,968,21,NaN,NaN,NaN,0,0,1,1,0,3
110,2010,821,19,NaN,NaN,NaN,0,0,1,1,0,5
110,2010,323,9,NaN,NaN,NaN,0,0,1,1,0,11
110,2010,607,13,NaN,NaN,NaN,0,0,1,0,0,0
110,2010,534,13,NaN,NaN,NaN,0,0,1,1,0,0
110,2010,1580,11,NaN,NaN,NaN,0,0,1,1,0,17
110,2010,170,15,NaN,NaN,NaN,0,7.51754355566769,1,0,0,0
110,2010,813,3,NaN,NaN,NaN,0,0,1,1,0,0
110,2010,276,15,NaN,NaN,NaN,0,0,1,1,0,8
110,2010,151,17,NaN,NaN,NaN,0,0,1,1,0,0
110,2010,738,3,NaN,NaN,NaN,0,0,1,0,0,21
110,2010,1199,16,NaN,NaN,NaN,0,0,1,1,0,6
110,2010,20,7,NaN,NaN,NaN,0,0,1,1,0,0
110,2010,247,16,NaN,NaN,NaN,0,0,1,1,0,17
110,2010,1535,1,NaN,NaN,NaN,0,0.50813458517647,1,1,0,9
110,2010,544,20,NaN,NaN,NaN,0,0,1,1,0,3
110,2010,1178,4,NaN,NaN,NaN,0,0,1,0,0,0
110,2010,1364,5,NaN,NaN,NaN,0,0,1,0,0,0
110,2010,1268,15,NaN,NaN,NaN,0,0,1,1,0,3
110,2010,410,14,NaN,NaN,NaN,0,0,1,0,0,13
110,2010,745,13,NaN,NaN,NaN,0,0,1,1,0,14
110,2010,44,5,NaN,NaN,NaN,0,0,1,1,0,0
110,2010,1124,18,NaN,NaN,NaN,0,0,1,1,0,20
110,2010,1465,9,NaN,NaN,NaN,0,0,1,1,0,0
110,2010,427,17,NaN,NaN,NaN,0,0,1,1,0,12
110,2010,922,12,NaN,NaN,NaN,0,0,1,1,0,0
110,2010,390,20,NaN,NaN,NaN,0,0,1,1,0,0
110,2010,272,5,NaN,NaN,NaN,0,0,1,1,0,0
110,2010,1391,19,NaN,NaN,NaN,0,0,1,1,0,3
110,2010,16,5,NaN,NaN,NaN,0,0,1,1,0,0
110,2010,1598,20,NaN,NaN,NaN,0,0,1,1,0,6
110,2010,308,3,NaN,NaN,NaN,0,0,1,0,0,0
110,2010,800,20,NaN,NaN,NaN,0,0,1,1,0,17
110,2010,1497,21,NaN,NaN,NaN,0,0,1,1,0,5
110,2010,1584,4,NaN,NaN,NaN,0,0,1,1,0,0
110,2010,1021,20,NaN,NaN,NaN,0,0,1,1,0,7
110,2010,333,5,NaN,NaN,NaN,0,0,1,1,0,0
110,2010,1441,15,NaN,NaN,NaN,0,0,1,1,0,0
110,2010,376,18,NaN,NaN,NaN,0,0,1,1,0,10
110,2010,106,12,NaN,NaN,NaN,0,0,1,1,0,4
110,2010,803,7,NaN,NaN,NaN,0,0,1,0,0,3
110,2010,1043,7,NaN,NaN,NaN,0,0,1,1,0,15
110,2010,1169,8,NaN,NaN,NaN,0,0,1,1,0,18
110,2010,763,1,NaN,NaN,NaN,0,0,1,1,0,16
110,2010,233,21,NaN,NaN,NaN,0,0,1,1,0,13
110,2010,625,17,NaN,NaN,NaN,0,0,1,1,0,10
110,2010,1038,13,NaN,NaN,NaN,0,0,1,1,0,0
110,2010,80,8,NaN,NaN,NaN,0,0,1,1,0,5
110,2010,568,14,NaN,NaN,NaN,0,0,1,0,0,1
110,2010,245,5,NaN,NaN,NaN,0,0,1,1,0,0
110,2010,1144,20,NaN,NaN,NaN,0,0,1,0,0,19
110,2010,185,1,NaN,NaN,NaN,0,0,1,1,0,13
110,2010,554,18,NaN,NaN,NaN,0,0,1,1,0,4
110,2010,931,17,NaN,NaN,NaN,0,0,1,1,0,0
110,2010,1130,16,NaN,NaN,NaN,0,0,1,0,0,15
110,2010,545,6,NaN,NaN,NaN,0,0,1,1,0,10
110,2010,1195,8,NaN,NaN,NaN,0,0,1,1,0,6
110,2010,541,22,NaN,NaN,NaN,0,0,1,0,0,13
110,2010,134,19,NaN,NaN,NaN,0,0,1,0,0,10
110,2010,27,19,NaN,NaN,NaN,0,0,1,1,0,6
110,2010,887,21,NaN,NaN,NaN,0,0,1,1,0,7
110,2010,1394,10,NaN,NaN,NaN,0,0,1,1,0,9
110,2010,1107,22,NaN,NaN,NaN,0,0,1,0,0,5
110,2010,67,1,NaN,NaN,NaN,0,0,1,1,0,0
110,2010,183,5,NaN,NaN,NaN,0,0,1,1,0,0
110,2010,1345,5,NaN,NaN,NaN,0,0,1,1,0,4
110,2010,487,1,NaN,NaN,NaN,0,0,1,1,0,5
110,2010,102,13,NaN,NaN,NaN,0,0,1,1,0,4
110,2010,47,7,NaN,NaN,NaN,0,0,1,1,0,21
110,2010,1305,18,NaN,NaN,NaN,0,0,1,1,0,4
110,2010,1368,17,NaN,NaN,NaN,0,0,1,1,0,5
110,2010,1034,1,NaN,NaN,NaN,0,0,1,1,0,0
110,2010,722,18,NaN,NaN,NaN,0,0,1,1,0,7
110,2010,174,1,NaN,NaN,NaN,0,0,1,1,0,0
110,2010,1457,19,NaN,NaN,NaN,0,0,1,1,0,7
110,2010,729,21,NaN,NaN,NaN,0,0,1,1,0,0
110,2010,1439,1,NaN,NaN,NaN,0,0,1,1,0,0
111,2010,1034,1,NaN,NaN,NaN,0,0,1,1,0,5
111,2010,1497,5,NaN,NaN,NaN,0,0,1,1,0,7
111,2010,671,4,NaN,NaN,NaN,0,0,1,1,0,0
111,2010,1038,13,NaN,NaN,NaN,0,0,1,1,0,0
111,2010,1021,7,NaN,NaN,NaN,0,0,1,1,0,5
111,2010,1305,4,NaN,NaN,NaN,0,0,1,1,0,21
111,2010,729,21,NaN,NaN,NaN,0,0,1,1,0,0
111,2010,1368,5,NaN,NaN,NaN,0,0,1,1,0,3
111,2010,554,4,NaN,NaN,NaN,0,0,1,1,0,0
111,2010,87,20,NaN,NaN,NaN,0,0,1,1,0,0
111,2010,907,9,NaN,NaN,NaN,0,0,1,0,0,20
111,2010,745,14,NaN,NaN,NaN,0,0,1,1,0,1
111,2010,1264,16,NaN,NaN,NaN,0,0,1,1,0,18
111,2010,821,5,NaN,NaN,NaN,0,0,1,1,0,0
111,2010,134,10,NaN,NaN,NaN,0,0,1,0,0,6
111,2010,1169,18,NaN,NaN,NaN,0,0,1,1,0,17
111,2010,1195,6,NaN,NaN,NaN,0,0,1,1,0,7
111,2010,738,21,NaN,NaN,NaN,0,0,1,0,0,0
111,2010,1364,5,NaN,NaN,NaN,0,0,1,0,0,0
111,2010,1003,9,NaN,NaN,NaN,0,0,1,1,0,1
111,2010,1024,5,NaN,NaN,NaN,0,0,1,1,0,0
111,2010,67,1,NaN,NaN,NaN,0,0,1,1,0,0
111,2010,487,5,NaN,NaN,NaN,0,0,1,1,0,13
111,2010,376,10,NaN,NaN,NaN,0,0,1,1,0,3
111,2010,1391,3,NaN,NaN,NaN,0,0,1,1,0,19
111,2010,1186,9,NaN,NaN,NaN,0,0,1,1,0,12
111,2010,1107,5,NaN,NaN,NaN,0,0,1,0,0,0
111,2010,803,3,NaN,NaN,NaN,0,0,1,0,0,8
111,2010,1465,9,NaN,NaN,NaN,0,0,1,1,0,3
111,2010,80,5,NaN,NaN,NaN,0,0,1,1,0,13
111,2010,1584,4,NaN,NaN,NaN,0,0,1,1,0,0
111,2010,1199,6,NaN,NaN,NaN,0,0,1,1,0,0
111,2010,931,17,NaN,NaN,NaN,0,0,1,1,0,0
111,2010,1178,4,NaN,NaN,NaN,0,0,1,0,0,22
111,2010,1599,14,NaN,NaN,NaN,0,0,1,1,0,0
111,2010,545,10,NaN,NaN,NaN,0,0,1,1,0,0
111,2010,1122,4,NaN,NaN,NaN,0,0,1,1,0,3
111,2010,922,12,NaN,NaN,NaN,0,0,1,1,0,3
111,2010,722,7,NaN,NaN,NaN,0,0,1,1,0,18
111,2010,44,5,NaN,NaN,NaN,0,0,1,1,0,0
111,2010,1457,7,NaN,NaN,NaN,0,0,1,1,0,20
111,2010,1124,20,NaN,NaN,NaN,0,0,1,1,0,0
111,2010,541,13,NaN,NaN,NaN,0,0,1,0,0,0
111,2010,1227,16,NaN,NaN,NaN,0,0.182764368469705,1,1,0,1
111,2010,1196,18,NaN,NaN,NaN,0,0,1,1,0,7
111,2010,1598,6,NaN,NaN,NaN,0,0,1,1,0,10
111,2010,243,1,NaN,NaN,NaN,0,0,1,1,0,21
111,2010,447,5,NaN,NaN,NaN,0,0,1,1,0,9
111,2010,102,4,NaN,NaN,NaN,0,0,1,1,0,0
111,2010,813,3,NaN,NaN,NaN,0,0,1,1,0,4
111,2010,247,17,NaN,NaN,NaN,0,0,1,1,0,11
111,2010,170,15,NaN,NaN,NaN,0,7.51754355566769,1,1,1,22
111,2010,47,21,NaN,NaN,NaN,0,0,1,1,0,18
111,2010,1441,15,NaN,NaN,NaN,0,0,1,1,0,0
111,2010,767,2,NaN,NaN,NaN,0,0,1,1,0,3
111,2010,410,13,NaN,NaN,NaN,0,0,1,0,0,15
111,2010,887,7,NaN,NaN,NaN,0,0,1,1,0,21
111,2010,106,4,NaN,NaN,NaN,0,0,1,1,0,16
111,2010,323,11,NaN,NaN,NaN,0,0,1,1,0,7
111,2010,372,11,NaN,NaN,NaN,0,0,1,0,0,15
111,2010,1535,9,NaN,NaN,NaN,0,0.50813458517647,1,1,0,17
111,2010,151,17,NaN,NaN,NaN,0,0,1,1,0,0
111,2010,625,10,NaN,NaN,NaN,0,0,1,1,0,0
111,2010,245,5,NaN,NaN,NaN,0,0,1,1,0,0
111,2010,1439,1,NaN,NaN,NaN,0,0,1,1,0,0
111,2010,183,5,NaN,NaN,NaN,0,0,1,1,0,0
111,2010,607,13,NaN,NaN,NaN,0,0,1,0,0,0
111,2010,427,12,NaN,NaN,NaN,0,0,1,1,0,0
111,2010,1345,4,NaN,NaN,NaN,0,0,1,1,0,20
111,2010,1229,14,NaN,NaN,NaN,0,0,1,1,0,8
111,2010,800,17,NaN,NaN,NaN,0,0,1,1,0,15
111,2010,333,5,NaN,NaN,NaN,0,0,1,1,0,12
111,2010,1144,19,NaN,NaN,NaN,0,0,1,0,0,5
111,2010,1268,3,NaN,NaN,NaN,0,0,1,1,0,21
111,2010,1580,17,NaN,NaN,NaN,0,0,1,1,0,2
111,2010,16,5,NaN,NaN,NaN,0,0,1,1,0,0
111,2010,390,20,NaN,NaN,NaN,0,0,1,1,0,0
111,2010,272,5,NaN,NaN,NaN,0,0,1,1,0,20
111,2010,634,22,NaN,NaN,NaN,0,0.11271561820692,1,1,0,4
111,2010,461,12,NaN,NaN,NaN,0,0,1,0,0,13
111,2010,308,3,NaN,NaN,NaN,0,0,1,0,0,15
111,2010,27,6,NaN,NaN,NaN,0,0,1,1,0,5
111,2010,174,1,NaN,NaN,NaN,0,0,1,1,0,0
111,2010,233,13,NaN,NaN,NaN,0,0,1,1,0,18
111,2010,763,16,NaN,NaN,NaN,0,0,1,1,0,1
111,2010,568,1,NaN,NaN,NaN,0,0,1,0,0,0
111,2010,1215,19,NaN,NaN,NaN,0,0,1,0,0,2
111,2010,1394,9,NaN,NaN,NaN,0,0,1,1,0,0
111,2010,255,16,NaN,NaN,NaN,0,0.604472367257974,1,1,0,0
111,2010,1043,15,NaN,NaN,NaN,0,0,1,1,0,0
111,2010,1130,15,NaN,NaN,NaN,0,0,1,0,0,16
111,2010,968,3,NaN,NaN,NaN,0,0,1,1,0,20
111,2010,544,3,NaN,NaN,NaN,0,0,1,1,0,12
111,2010,347,13,NaN,NaN,NaN,0,0,1,0,0,0
111,2010,534,13,NaN,NaN,NaN,0,0,1,1,0,0
111,2010,20,7,NaN,NaN,NaN,0,0,1,1,0,16
111,2010,276,8,NaN,NaN,NaN,0,0,1,1,0,14
111,2010,185,13,NaN,NaN,NaN,0,0,1,1,0,0
112,2010,372,15,NaN,NaN,NaN,0,0,1,0,0,0
112,2010,1345,20,NaN,NaN,NaN,0,0,1,1,0,17
112,2010,1130,16,NaN,NaN,NaN,0,0,1,0,0,0
112,2010,1024,5,NaN,NaN,NaN,0,0,1,1,0,0
112,2010,1043,15,NaN,NaN,NaN,0,0,1,1,0,21
112,2010,722,18,NaN,NaN,NaN,0,0,1,1,0,0
112,2010,151,17,NaN,NaN,NaN,0,0,1,1,0,0
112,2010,541,13,NaN,NaN,NaN,0,0,1,0,0,22
112,2010,1169,17,NaN,NaN,NaN,0,0,1,1,0,0
112,2010,174,1,NaN,NaN,NaN,0,0,1,1,0,0
112,2010,44,5,NaN,NaN,NaN,0,0,1,1,0,16
112,2010,1003,1,NaN,NaN,NaN,0,0,1,1,0,0
112,2010,671,4,NaN,NaN,NaN,0,0,1,1,0,7
112,2010,67,1,NaN,NaN,NaN,0,0,1,1,0,18
112,2010,272,20,NaN,NaN,NaN,0,0,1,1,0,17
112,2010,183,5,NaN,NaN,NaN,0,0,1,1,0,7
112,2010,545,10,NaN,NaN,NaN,0,0,1,1,0,17
112,2010,308,15,NaN,NaN,NaN,0,0,1,0,0,3
112,2010,1364,5,NaN,NaN,NaN,0,0,1,0,0,0
112,2010,813,4,NaN,NaN,NaN,0,0,1,1,0,6
112,2010,1199,6,NaN,NaN,NaN,0,0,1,1,0,7
112,2010,554,4,NaN,NaN,NaN,0,0,1,1,0,17
112,2010,1394,9,NaN,NaN,NaN,0,0,1,1,0,6
112,2010,47,18,NaN,NaN,NaN,0,0,1,1,0,6
112,2010,27,5,NaN,NaN,NaN,0,0,1,1,0,2
112,2010,333,12,NaN,NaN,NaN,0,0,1,1,0,13
112,2010,1178,22,NaN,NaN,NaN,0,0,1,0,0,21
112,2010,16,5,NaN,NaN,NaN,0,0,1,1,0,0
112,2010,1368,3,NaN,NaN,NaN,0,0,1,1,0,0
112,2010,245,5,NaN,NaN,NaN,0,0,1,1,0,0
112,2010,1598,10,NaN,NaN,NaN,0,0,1,1,0,0
112,2010,1229,8,NaN,NaN,NaN,0,0,1,1,0,0
112,2010,1264,18,NaN,NaN,NaN,0,0,1,1,0,0
112,2010,106,16,NaN,NaN,NaN,0,0,1,1,0,0
112,2010,803,8,NaN,NaN,NaN,0,0,1,0,0,21
112,2010,347,13,NaN,NaN,NaN,0,0,1,0,0,0
112,2010,1599,14,NaN,NaN,NaN,0,0,1,1,0,0
112,2010,800,15,NaN,NaN,NaN,0,0,1,1,0,0
112,2010,1034,5,NaN,NaN,NaN,0,0,1,1,0,14
112,2010,276,14,NaN,NaN,NaN,0,0,1,1,0,0
112,2010,568,1,NaN,NaN,NaN,0,0,1,0,0,9
112,2010,1144,5,NaN,NaN,NaN,0,0,1,0,0,13
112,2010,1305,21,NaN,NaN,NaN,0,0,1,1,0,0
112,2010,1196,7,NaN,NaN,NaN,0,0,1,1,0,0
112,2010,134,6,NaN,NaN,NaN,0,0,1,0,0,0
112,2010,625,10,NaN,NaN,NaN,0,0,1,1,0,0
112,2010,20,16,NaN,NaN,NaN,0,0,1,1,0,0
112,2010,607,13,NaN,NaN,NaN,0,0,1,0,0,0
112,2010,233,18,NaN,NaN,NaN,0,0,1,1,0,22
112,2010,1584,4,NaN,NaN,NaN,0,0,1,1,0,1
112,2010,544,12,NaN,NaN,NaN,0,0,1,1,0,1
112,2010,102,4,NaN,NaN,NaN,0,0,1,1,0,13
112,2010,1497,7,NaN,NaN,NaN,0,0,1,1,0,18
112,2010,255,16,NaN,NaN,NaN,0,0.604472367257974,1,1,0,12
112,2010,1465,3,NaN,NaN,NaN,0,0,1,1,0,0
112,2010,907,20,NaN,NaN,NaN,0,0,1,0,0,0
112,2010,729,21,NaN,NaN,NaN,0,0,1,1,0,1
112,2010,922,3,NaN,NaN,NaN,0,0,1,1,0,18
112,2010,1457,20,NaN,NaN,NaN,0,0,1,1,0,7
112,2010,243,21,NaN,NaN,NaN,0,0,1,1,0,1
112,2010,1186,12,NaN,NaN,NaN,0,0,1,1,0,0
112,2010,87,20,NaN,NaN,NaN,0,0,1,1,0,0
112,2010,410,15,NaN,NaN,NaN,0,0,1,0,0,0
112,2010,323,7,NaN,NaN,NaN,0,0,1,1,0,21
112,2010,427,12,NaN,NaN,NaN,0,0,1,1,0,6
112,2010,1122,3,NaN,NaN,NaN,0,0,1,1,0,21
112,2010,931,17,NaN,NaN,NaN,0,0,1,1,0,20
112,2010,447,9,NaN,NaN,NaN,0,0,1,1,0,15
112,2010,1124,20,NaN,NaN,NaN,0,0,1,1,0,5
112,2010,487,13,NaN,NaN,NaN,0,0,1,1,0,16
112,2010,1215,2,NaN,NaN,NaN,0,0,1,0,0,0
112,2010,1195,7,NaN,NaN,NaN,0,0,1,1,0,0
112,2010,738,21,NaN,NaN,NaN,0,0,1,0,0,0
112,2010,376,3,NaN,NaN,NaN,0,0,1,1,0,2
112,2010,185,13,NaN,NaN,NaN,0,0,1,1,0,0
112,2010,390,20,NaN,NaN,NaN,0,0,1,1,0,3
112,2010,1535,17,NaN,NaN,NaN,0,0.50813458517647,1,1,0,0
112,2010,1441,15,NaN,NaN,NaN,0,0,1,1,0,0
112,2010,1021,5,NaN,NaN,NaN,0,0,1,1,0,7
112,2010,247,11,NaN,NaN,NaN,0,0,1,1,0,1
112,2010,1268,21,NaN,NaN,NaN,0,0,1,1,0,0
112,2010,887,21,NaN,NaN,NaN,0,0,1,1,0,6
112,2010,80,13,NaN,NaN,NaN,0,0,1,1,0,0
112,2010,1580,2,NaN,NaN,NaN,0,0,1,1,0,7
112,2010,821,5,NaN,NaN,NaN,0,0,1,1,0,7
112,2010,1227,1,NaN,NaN,NaN,0,0.182764368469705,1,1,0,5
112,2010,1391,19,NaN,NaN,NaN,0,0,1,1,0,0
112,2010,1107,5,NaN,NaN,NaN,0,0,1,0,0,0
112,2010,634,4,NaN,NaN,NaN,0,0.11271561820692,1,1,0,15
112,2010,170,22,NaN,NaN,NaN,0,0,1,0,0,15
112,2010,1038,13,NaN,NaN,NaN,0,0,1,1,0,0
112,2010,763,1,NaN,NaN,NaN,0,0,1,1,0,11
112,2010,1439,1,NaN,NaN,NaN,0,0,1,1,0,0
112,2010,461,13,NaN,NaN,NaN,0,0,1,0,0,10
112,2010,767,3,NaN,NaN,NaN,0,0,1,1,0,8
112,2010,968,20,NaN,NaN,NaN,0,0,1,1,0,2
112,2010,534,13,NaN,NaN,NaN,0,0,1,1,0,0
112,2010,745,1,NaN,NaN,NaN,0,0,1,1,0,0
113,2010,1195,7,NaN,NaN,NaN,0,0,1,1,0,17
113,2010,245,5,NaN,NaN,NaN,0,0,1,1,0,0
113,2010,1599,14,NaN,NaN,NaN,0,0,1,1,0,0
113,2010,1215,2,NaN,NaN,NaN,0,4.75949791347436,1,1,1,19
113,2010,767,8,NaN,NaN,NaN,0,0,1,1,0,4
113,2010,887,6,NaN,NaN,NaN,0,0,1,1,0,1
113,2010,1124,5,NaN,NaN,NaN,0,0,1,1,0,6
113,2010,634,15,NaN,NaN,NaN,0,0,1,1,0,20
113,2010,170,15,NaN,NaN,NaN,0,6.16287818581492,1,0,0,0
113,2010,272,17,NaN,NaN,NaN,0,0,1,1,0,9
113,2010,1457,7,NaN,NaN,NaN,0,0,1,1,0,9
113,2010,333,13,NaN,NaN,NaN,0,0,1,1,0,0
113,2010,1439,1,NaN,NaN,NaN,0,0,1,1,0,16
113,2010,607,13,NaN,NaN,NaN,0,0,1,1,0,0
113,2010,447,15,NaN,NaN,NaN,0,0,1,1,0,0
113,2010,738,21,NaN,NaN,NaN,0,2.30988047133599,1,1,1,9
113,2010,1199,7,NaN,NaN,NaN,0,1.31891518174519,1,1,1,17
113,2010,1034,14,NaN,NaN,NaN,0,0,1,1,0,0
113,2010,1227,5,NaN,NaN,NaN,0,0,1,1,0,22
113,2010,347,13,NaN,NaN,NaN,0,3.16552009647845,1,1,1,15
113,2010,1169,17,NaN,NaN,NaN,0,0,1,1,0,13
113,2010,545,17,NaN,NaN,NaN,0,0.168598419674065,1,1,0,21
113,2010,625,10,NaN,NaN,NaN,0,0,1,1,0,0
113,2010,308,3,NaN,NaN,NaN,0,7.63429916636629,1,1,1,15
113,2010,922,18,NaN,NaN,NaN,0,0,1,1,0,6
113,2010,27,2,NaN,NaN,NaN,0,0,1,1,0,8
113,2010,1003,1,NaN,NaN,NaN,0,0,1,1,0,0
113,2010,106,16,NaN,NaN,NaN,0,0,1,1,0,0
113,2010,461,10,NaN,NaN,NaN,0,0,1,1,0,20
113,2010,67,18,NaN,NaN,NaN,0,3.24888810528004,1,1,1,13
113,2010,1598,10,NaN,NaN,NaN,0,0,1,1,0,0
113,2010,821,7,NaN,NaN,NaN,0,0,1,1,0,20
113,2010,410,15,NaN,NaN,NaN,0,4.1251502377367,1,1,1,13
113,2010,185,13,NaN,NaN,NaN,0,0,1,1,0,0
113,2010,151,17,NaN,NaN,NaN,0,0,1,1,0,0
113,2010,1122,21,NaN,NaN,NaN,0,0,1,1,0,1
113,2010,1038,13,NaN,NaN,NaN,0,0,1,1,0,0
113,2010,1465,3,NaN,NaN,NaN,0,0,1,1,0,1
113,2010,1043,21,NaN,NaN,NaN,0,0,1,1,0,0
113,2010,907,20,NaN,NaN,NaN,0,0.264985437075184,1,1,0,0
113,2010,390,3,NaN,NaN,NaN,0,0,1,1,0,20
113,2010,541,22,NaN,NaN,NaN,0,0,1,1,0,0
113,2010,568,9,NaN,NaN,NaN,0,4.39848326095533,1,1,1,4
113,2010,968,2,NaN,NaN,NaN,0,0,1,1,0,10
113,2010,487,16,NaN,NaN,NaN,0,0,1,1,0,13
113,2010,1107,5,NaN,NaN,NaN,0,5.51512059406442,1,1,1,2
113,2010,803,21,NaN,NaN,NaN,0,0,1,1,0,0
113,2010,1368,3,NaN,NaN,NaN,0,2.77020198533428,1,1,1,5
113,2010,763,11,NaN,NaN,NaN,0,0,1,1,0,0
113,2010,1021,7,NaN,NaN,NaN,0,0,1,1,0,17
113,2010,722,18,NaN,NaN,NaN,0,0,1,1,0,0
113,2010,1144,13,NaN,NaN,NaN,0,7.75643228849512,1,1,1,11
113,2010,554,17,NaN,NaN,NaN,0,0,1,1,0,14
113,2010,134,6,NaN,NaN,NaN,0,5.06225973873309,1,1,1,4
113,2010,376,2,NaN,NaN,NaN,0,0,1,1,0,0
113,2010,16,5,NaN,NaN,NaN,0,3.34923661698534,1,1,1,13
113,2010,1178,21,NaN,NaN,NaN,0,5.0220348658247,1,1,1,18
113,2010,813,6,NaN,NaN,NaN,0,5.07491268915209,1,1,1,8
113,2010,80,13,NaN,NaN,NaN,0,0,1,1,0,1
113,2010,1535,17,NaN,NaN,NaN,0,0,1,1,0,1
113,2010,1345,17,NaN,NaN,NaN,0,0,1,1,0,20
113,2010,1391,19,NaN,NaN,NaN,0,0,1,1,0,5
113,2010,323,21,NaN,NaN,NaN,0,0,1,1,0,0
113,2010,372,15,NaN,NaN,NaN,0,0,1,1,0,17
113,2010,427,6,NaN,NaN,NaN,0,0,1,1,0,12
113,2010,745,1,NaN,NaN,NaN,0,0,1,1,0,19
113,2010,243,1,NaN,NaN,NaN,0,0,1,1,0,17
113,2010,1364,5,NaN,NaN,NaN,0,0,1,1,0,22
113,2010,1186,12,NaN,NaN,NaN,0,0,1,1,0,3
113,2010,1024,5,NaN,NaN,NaN,0,0,1,1,0,14
113,2010,47,6,NaN,NaN,NaN,0,0,1,1,0,21
113,2010,544,1,NaN,NaN,NaN,0,0,1,1,0,0
113,2010,255,12,NaN,NaN,NaN,0,0,1,1,0,0
113,2010,20,16,NaN,NaN,NaN,0,0,1,1,0,14
113,2010,1264,18,NaN,NaN,NaN,0,0,1,1,0,6
113,2010,87,20,NaN,NaN,NaN,0,0,1,1,0,0
113,2010,1305,21,NaN,NaN,NaN,0,0,1,1,0,11
113,2010,671,7,NaN,NaN,NaN,0,0,1,1,0,11
113,2010,1196,7,NaN,NaN,NaN,0,0,1,1,0,3
113,2010,1584,1,NaN,NaN,NaN,0,0,1,1,0,18
113,2010,183,7,NaN,NaN,NaN,0,0,1,1,0,22
113,2010,276,14,NaN,NaN,NaN,0,0,1,1,0,0
113,2010,1229,8,NaN,NaN,NaN,0,0,1,1,0,9
113,2010,44,16,NaN,NaN,NaN,0,0,1,1,0,5
113,2010,1130,16,NaN,NaN,NaN,0,0,1,1,0,13
113,2010,931,20,NaN,NaN,NaN,0,0,1,1,0,0
113,2010,1497,18,NaN,NaN,NaN,0,0,1,1,0,7
113,2010,1580,7,NaN,NaN,NaN,0,0,1,1,0,21
113,2010,233,22,NaN,NaN,NaN,0,0,1,1,0,15
113,2010,800,15,NaN,NaN,NaN,0,0,1,1,0,4
113,2010,534,13,NaN,NaN,NaN,0,0,1,1,0,21
113,2010,1268,21,NaN,NaN,NaN,0,0,1,1,0,2
113,2010,174,1,NaN,NaN,NaN,0,0,1,1,0,0
113,2010,102,13,NaN,NaN,NaN,0,0,1,1,0,18
113,2010,247,1,NaN,NaN,NaN,0,0,1,1,0,6
113,2010,1394,6,NaN,NaN,NaN,0,0,1,1,0,16
113,2010,729,1,NaN,NaN,NaN,0,0,1,1,0,21
113,2010,1441,15,NaN,NaN,NaN,0,0,1,1,0,0
114,2011,1107,2,NaN,NaN,NaN,0,0,1,0,0,5
114,2011,544,1,NaN,NaN,NaN,0,0,1,1,0,0
114,2011,763,11,NaN,NaN,NaN,0,0,1,1,0,20
114,2011,427,12,NaN,NaN,NaN,0,0,1,1,0,6
114,2011,738,9,NaN,NaN,NaN,0,0,1,0,0,21
114,2011,102,18,NaN,NaN,NaN,0,0,1,1,0,4
114,2011,1441,15,NaN,NaN,NaN,0,0,1,1,0,2
114,2011,1580,21,NaN,NaN,NaN,0,0,1,1,0,0
114,2011,245,5,NaN,NaN,NaN,0,0,1,1,0,3
114,2011,1584,18,NaN,NaN,NaN,0,0,1,1,0,13
114,2011,554,14,NaN,NaN,NaN,0,0,1,1,0,17
114,2011,729,21,NaN,NaN,NaN,0,0,1,1,0,0
114,2011,1196,3,NaN,NaN,NaN,0,0,1,1,0,0
114,2011,541,22,NaN,NaN,NaN,0,0,1,1,0,1
114,2011,1535,1,NaN,NaN,NaN,0,0,1,1,0,0
114,2011,376,2,NaN,NaN,NaN,0,0,1,1,0,0
114,2011,323,21,NaN,NaN,NaN,0,0,1,1,0,7
114,2011,174,1,NaN,NaN,NaN,0,0,1,1,0,0
114,2011,247,6,NaN,NaN,NaN,0,0,1,1,0,0
114,2011,1038,13,NaN,NaN,NaN,0,0,1,1,0,0
114,2011,907,20,NaN,NaN,NaN,0,0.264985437075184,1,1,0,18
114,2011,1122,1,NaN,NaN,NaN,0,0,1,1,0,0
114,2011,67,13,NaN,NaN,NaN,0,0,1,0,0,22
114,2011,1394,16,NaN,NaN,NaN,0,0,1,1,0,22
114,2011,44,5,NaN,NaN,NaN,0,0,1,1,0,0
114,2011,800,4,NaN,NaN,NaN,0,0,1,1,0,1
114,2011,447,15,NaN,NaN,NaN,0,0,1,1,0,0
114,2011,255,12,NaN,NaN,NaN,0,0,1,1,0,0
114,2011,16,13,NaN,NaN,NaN,0,0,1,0,0,21
114,2011,821,20,NaN,NaN,NaN,0,0,1,1,0,0
114,2011,968,10,NaN,NaN,NaN,0,0,1,1,0,3
114,2011,87,20,NaN,NaN,NaN,0,0,1,1,0,13
114,2011,1034,14,NaN,NaN,NaN,0,0,1,1,0,0
114,2011,1195,17,NaN,NaN,NaN,0,0,1,1,0,6
114,2011,1457,9,NaN,NaN,NaN,0,0,1,1,0,7
114,2011,534,21,NaN,NaN,NaN,0,0,1,1,0,18
114,2011,722,18,NaN,NaN,NaN,0,0,1,1,0,7
114,2011,887,1,NaN,NaN,NaN,0,0,1,1,0,0
114,2011,183,22,NaN,NaN,NaN,0,0,1,1,0,15
114,2011,1227,22,NaN,NaN,NaN,0,0,1,1,0,8
114,2011,243,17,NaN,NaN,NaN,0,0,1,1,0,18
114,2011,372,17,NaN,NaN,NaN,0,0,1,1,0,14
114,2011,545,21,NaN,NaN,NaN,0,0.168598419674065,1,1,0,0
114,2011,803,21,NaN,NaN,NaN,0,0,1,1,0,14
114,2011,671,11,NaN,NaN,NaN,0,0,1,1,0,14
114,2011,1391,5,NaN,NaN,NaN,0,0,1,1,0,0
114,2011,1599,14,NaN,NaN,NaN,0,0,1,1,0,4
114,2011,1024,14,NaN,NaN,NaN,0,0,1,1,0,0
114,2011,1305,11,NaN,NaN,NaN,0,0,1,1,0,0
114,2011,1368,5,NaN,NaN,NaN,0,0,1,0,0,0
114,2011,607,13,NaN,NaN,NaN,0,0,1,1,0,0
114,2011,487,13,NaN,NaN,NaN,0,0,1,1,0,0
114,2011,272,9,NaN,NaN,NaN,0,0,1,1,0,4
114,2011,333,13,NaN,NaN,NaN,0,0,1,1,0,1
114,2011,185,13,NaN,NaN,NaN,0,0,1,1,0,5
114,2011,1124,6,NaN,NaN,NaN,0,0,1,1,0,20
114,2011,813,8,NaN,NaN,NaN,0,0,1,0,0,0
114,2011,931,20,NaN,NaN,NaN,0,0,1,1,0,7
114,2011,1178,18,NaN,NaN,NaN,0,0,1,0,0,0
114,2011,233,15,NaN,NaN,NaN,0,0,1,1,0,1
114,2011,634,20,NaN,NaN,NaN,0,0,1,1,0,0
114,2011,1268,2,NaN,NaN,NaN,0,0,1,1,0,18
114,2011,1215,19,NaN,NaN,NaN,0,0,1,0,0,2
114,2011,106,16,NaN,NaN,NaN,0,0,1,1,0,4
114,2011,1130,13,NaN,NaN,NaN,0,0,1,1,0,6
114,2011,1003,1,NaN,NaN,NaN,0,0,1,1,0,14
114,2011,1598,10,NaN,NaN,NaN,0,0,1,1,0,3
114,2011,27,8,NaN,NaN,NaN,0,0,1,1,0,17
114,2011,1186,3,NaN,NaN,NaN,0,0,1,1,0,18
114,2011,568,4,NaN,NaN,NaN,0,0,1,0,0,0
114,2011,1364,22,NaN,NaN,NaN,0,0,1,1,0,0
114,2011,625,10,NaN,NaN,NaN,0,0,1,1,0,21
114,2011,308,15,NaN,NaN,NaN,0,0,1,0,0,3
114,2011,767,4,NaN,NaN,NaN,0,0,1,1,0,5
114,2011,1264,6,NaN,NaN,NaN,0,0,1,1,0,12
114,2011,1021,17,NaN,NaN,NaN,0,0,1,1,0,0
114,2011,1043,21,NaN,NaN,NaN,0,0,1,1,0,13
114,2011,1144,11,NaN,NaN,NaN,0,0,1,0,0,1
114,2011,410,13,NaN,NaN,NaN,0,0,1,0,0,0
114,2011,134,4,NaN,NaN,NaN,0,0,1,0,0,9
114,2011,1169,13,NaN,NaN,NaN,0,0,1,1,0,0
114,2011,20,14,NaN,NaN,NaN,0,0,1,1,0,7
114,2011,1439,16,NaN,NaN,NaN,0,0,1,1,0,2
114,2011,1497,7,NaN,NaN,NaN,0,0,1,1,0,22
114,2011,1465,1,NaN,NaN,NaN,0,0,1,1,0,21
114,2011,80,1,NaN,NaN,NaN,0,0,1,1,0,0
114,2011,47,21,NaN,NaN,NaN,0,0,1,1,0,19
114,2011,170,15,NaN,NaN,NaN,0,6.16287818581492,1,0,0,0
114,2011,461,20,NaN,NaN,NaN,0,0,1,1,0,1
114,2011,1229,9,NaN,NaN,NaN,0,0,1,1,0,14
114,2011,1199,17,NaN,NaN,NaN,0,0,1,0,0,21
114,2011,347,15,NaN,NaN,NaN,0,0,1,0,0,13
114,2011,922,6,NaN,NaN,NaN,0,0,1,1,0,0
114,2011,1345,20,NaN,NaN,NaN,0,0,1,1,0,0
114,2011,276,14,NaN,NaN,NaN,0,0,1,1,0,0
114,2011,745,19,NaN,NaN,NaN,0,0,1,1,0,21
114,2011,390,20,NaN,NaN,NaN,0,0,1,1,0,0
114,2011,151,17,NaN,NaN,NaN,0,0,1,1,0,0
115,2011,183,15,NaN,NaN,NaN,0,0,1,1,0,3
115,2011,1584,13,NaN,NaN,NaN,0,0,1,1,0,0
115,2011,1043,13,NaN,NaN,NaN,0,0,1,1,0,0
115,2011,447,15,NaN,NaN,NaN,0,0,1,1,0,5
115,2011,1107,5,NaN,NaN,NaN,0,0,1,0,0,0
115,2011,554,17,NaN,NaN,NaN,0,0,1,1,0,7
115,2011,634,20,NaN,NaN,NaN,0,0,1,1,0,9
115,2011,1003,14,NaN,NaN,NaN,0,0,1,1,0,13
115,2011,1227,8,NaN,NaN,NaN,0,0,1,1,0,14
115,2011,390,20,NaN,NaN,NaN,0,0,1,1,0,0
115,2011,1038,13,NaN,NaN,NaN,0,0,1,1,0,0
115,2011,487,13,NaN,NaN,NaN,0,0,1,1,0,0
115,2011,67,22,NaN,NaN,NaN,0,0,1,0,0,1
115,2011,1264,12,NaN,NaN,NaN,0,0,1,1,0,18
115,2011,1122,1,NaN,NaN,NaN,0,0,1,1,0,3
115,2011,134,9,NaN,NaN,NaN,0,0,1,0,0,0
115,2011,461,1,NaN,NaN,NaN,0,0,1,1,0,5
115,2011,1186,18,NaN,NaN,NaN,0,0,1,1,0,0
115,2011,729,21,NaN,NaN,NaN,0,0,1,1,0,11
115,2011,410,13,NaN,NaN,NaN,0,0,1,0,0,4
115,2011,1441,2,NaN,NaN,NaN,0,0,1,1,0,15
115,2011,1394,22,NaN,NaN,NaN,0,0,1,1,0,0
115,2011,1024,14,NaN,NaN,NaN,0,0,1,1,0,0
115,2011,376,2,NaN,NaN,NaN,0,0,1,1,0,19
115,2011,534,18,NaN,NaN,NaN,0,0,1,1,0,13
115,2011,308,3,NaN,NaN,NaN,0,0,1,0,0,0
115,2011,541,1,NaN,NaN,NaN,0,0,1,1,0,13
115,2011,1497,22,NaN,NaN,NaN,0,0,1,1,0,11
115,2011,1124,20,NaN,NaN,NaN,0,0,1,1,0,5
115,2011,607,13,NaN,NaN,NaN,0,0,1,1,0,3
115,2011,1144,1,NaN,NaN,NaN,0,0,1,0,0,0
115,2011,1229,14,NaN,NaN,NaN,0,0,1,1,0,0
115,2011,821,20,NaN,NaN,NaN,0,0,1,1,0,2
115,2011,671,14,NaN,NaN,NaN,0,0,1,1,0,19
115,2011,738,21,NaN,NaN,NaN,0,0,1,0,0,0
115,2011,20,7,NaN,NaN,NaN,0,0,1,1,0,0
115,2011,1305,11,NaN,NaN,NaN,0,0,1,1,0,0
115,2011,255,12,NaN,NaN,NaN,0,0,1,1,0,0
115,2011,545,21,NaN,NaN,NaN,0,0.168598419674065,1,1,0,6
115,2011,347,13,NaN,NaN,NaN,0,0,1,0,0,0
115,2011,87,13,NaN,NaN,NaN,0,0,1,1,0,18
115,2011,44,5,NaN,NaN,NaN,0,0,1,1,0,13
115,2011,427,6,NaN,NaN,NaN,0,0,1,1,0,12
115,2011,323,7,NaN,NaN,NaN,0,0,1,1,0,20
115,2011,625,21,NaN,NaN,NaN,0,0,1,1,0,0
115,2011,763,20,NaN,NaN,NaN,0,0,1,1,0,1
115,2011,722,7,NaN,NaN,NaN,0,0,1,1,0,18
115,2011,102,4,NaN,NaN,NaN,0,0,1,1,0,0
115,2011,1345,20,NaN,NaN,NaN,0,0,1,1,0,0
115,2011,544,1,NaN,NaN,NaN,0,0,1,1,0,0
115,2011,1169,13,NaN,NaN,NaN,0,0,1,1,0,0
115,2011,800,1,NaN,NaN,NaN,0,0,1,1,0,19
115,2011,1199,21,NaN,NaN,NaN,0,0,1,0,0,14
115,2011,907,18,NaN,NaN,NaN,0,0.264985437075184,1,1,0,0
115,2011,1439,2,NaN,NaN,NaN,0,0,1,1,0,9
115,2011,1391,5,NaN,NaN,NaN,0,0,1,1,0,4
115,2011,1599,4,NaN,NaN,NaN,0,0,1,1,0,12
115,2011,243,18,NaN,NaN,NaN,0,0,1,1,0,0
115,2011,1465,21,NaN,NaN,NaN,0,0,1,1,0,3
115,2011,27,17,NaN,NaN,NaN,0,0,1,1,0,5
115,2011,272,4,NaN,NaN,NaN,0,0,1,1,0,0
115,2011,813,8,NaN,NaN,NaN,0,0,1,0,0,0
115,2011,931,7,NaN,NaN,NaN,0,0,1,1,0,16
115,2011,1178,18,NaN,NaN,NaN,0,0,1,0,0,0
115,2011,1034,14,NaN,NaN,NaN,0,0,1,1,0,1
115,2011,1215,2,NaN,NaN,NaN,0,0,1,0,0,0
115,2011,1535,1,NaN,NaN,NaN,0,0,1,1,0,0
115,2011,80,1,NaN,NaN,NaN,0,0,1,1,0,7
115,2011,185,5,NaN,NaN,NaN,0,0,1,1,0,9
115,2011,568,4,NaN,NaN,NaN,0,0,1,0,0,5
115,2011,16,21,NaN,NaN,NaN,0,0,1,0,0,17
115,2011,1580,21,NaN,NaN,NaN,0,0,1,1,0,0
115,2011,1457,7,NaN,NaN,NaN,0,0,1,1,0,0
115,2011,922,6,NaN,NaN,NaN,0,0,1,1,0,11
115,2011,745,21,NaN,NaN,NaN,0,0,1,1,0,0
115,2011,151,17,NaN,NaN,NaN,0,0,1,1,0,0
115,2011,1268,18,NaN,NaN,NaN,0,0,1,1,0,17
115,2011,887,1,NaN,NaN,NaN,0,0,1,1,0,15
115,2011,276,14,NaN,NaN,NaN,0,0,1,1,0,0
115,2011,968,3,NaN,NaN,NaN,0,0,1,1,0,1
115,2011,372,14,NaN,NaN,NaN,0,0,1,1,0,6
115,2011,106,4,NaN,NaN,NaN,0,0,1,1,0,20
115,2011,1196,3,NaN,NaN,NaN,0,0,1,1,0,22
115,2011,245,3,NaN,NaN,NaN,0,0,1,1,0,6
115,2011,47,19,NaN,NaN,NaN,0,0,1,1,0,13
115,2011,174,1,NaN,NaN,NaN,0,0,1,1,0,18
115,2011,1368,5,NaN,NaN,NaN,0,0,1,0,0,17
115,2011,1021,17,NaN,NaN,NaN,0,0,1,1,0,0
115,2011,1598,3,NaN,NaN,NaN,0,0,1,1,0,2
115,2011,803,14,NaN,NaN,NaN,0,0,1,1,0,13
115,2011,247,6,NaN,NaN,NaN,0,0,1,1,0,11
115,2011,333,1,NaN,NaN,NaN,0,0,1,1,0,8
115,2011,233,1,NaN,NaN,NaN,0,0,1,1,0,21
115,2011,1130,6,NaN,NaN,NaN,0,0,1,1,0,7
115,2011,767,5,NaN,NaN,NaN,0,0,1,1,0,0
115,2011,1195,6,NaN,NaN,NaN,0,0,1,1,0,16
116,2011,738,21,NaN,NaN,NaN,0,0,1,0,0,0
116,2011,568,5,NaN,NaN,NaN,0,0,1,0,0,0
116,2011,487,13,NaN,NaN,NaN,0,0,1,1,0,2
116,2011,67,1,NaN,NaN,NaN,0,0,1,0,0,6
116,2011,1144,1,NaN,NaN,NaN,0,0,1,0,0,12
116,2011,1186,18,NaN,NaN,NaN,0,0,1,1,0,0
116,2011,554,7,NaN,NaN,NaN,0,0,1,1,0,1
116,2011,1497,11,NaN,NaN,NaN,0,0,1,1,0,13
116,2011,1439,9,NaN,NaN,NaN,0,0,1,1,0,0
116,2011,16,17,NaN,NaN,NaN,0,0,1,0,0,1
116,2011,821,2,NaN,NaN,NaN,0,0,1,1,0,21
116,2011,247,11,NaN,NaN,NaN,0,0,1,1,0,13
116,2011,1003,13,NaN,NaN,NaN,0,0,1,1,0,0
116,2011,634,9,NaN,NaN,NaN,0,0,1,1,0,20
116,2011,245,6,NaN,NaN,NaN,0,0,1,1,0,12
116,2011,390,20,NaN,NaN,NaN,0,0,1,1,0,12
116,2011,922,11,NaN,NaN,NaN,0,0,1,1,0,19
116,2011,1394,22,NaN,NaN,NaN,0,0,1,1,0,17
116,2011,625,21,NaN,NaN,NaN,0,0,1,1,0,19
116,2011,1264,18,NaN,NaN,NaN,0,0,1,1,0,0
116,2011,1584,13,NaN,NaN,NaN,0,0,1,1,0,0
116,2011,233,21,NaN,NaN,NaN,0,0,1,1,0,5
116,2011,968,1,NaN,NaN,NaN,0,0,1,1,0,18
116,2011,1457,7,NaN,NaN,NaN,0,0,1,1,0,14
116,2011,671,19,NaN,NaN,NaN,0,0,1,1,0,14
116,2011,1391,4,NaN,NaN,NaN,0,0,1,1,0,8
116,2011,20,7,NaN,NaN,NaN,0,0,1,1,0,0
116,2011,183,3,NaN,NaN,NaN,0,0,1,1,0,0
116,2011,1034,1,NaN,NaN,NaN,0,0,1,1,0,14
116,2011,1465,3,NaN,NaN,NaN,0,0,1,1,0,0
116,2011,372,6,NaN,NaN,NaN,0,0,1,1,0,0
116,2011,447,5,NaN,NaN,NaN,0,0,1,1,0,19
116,2011,813,8,NaN,NaN,NaN,0,0,1,0,0,21
116,2011,1124,5,NaN,NaN,NaN,0,0,1,1,0,3
116,2011,1599,12,NaN,NaN,NaN,0,0,1,1,0,22
116,2011,1130,7,NaN,NaN,NaN,0,0,1,1,0,0
116,2011,347,13,NaN,NaN,NaN,0,0,1,0,0,0
116,2011,333,8,NaN,NaN,NaN,0,0,1,1,0,21
116,2011,1215,2,NaN,NaN,NaN,0,0,1,0,0,0
116,2011,308,3,NaN,NaN,NaN,0,0,1,0,0,0
116,2011,461,5,NaN,NaN,NaN,0,0,1,1,0,21
116,2011,544,1,NaN,NaN,NaN,0,0,1,1,0,0
116,2011,1107,5,NaN,NaN,NaN,0,0,1,0,0,0
116,2011,174,18,NaN,NaN,NaN,0,0,1,1,0,0
116,2011,763,1,NaN,NaN,NaN,0,0,1,1,0,16
116,2011,1038,13,NaN,NaN,NaN,0,0,1,1,0,0
116,2011,410,4,NaN,NaN,NaN,0,0,1,0,0,18
116,2011,102,4,NaN,NaN,NaN,0,0,1,1,0,7
116,2011,534,13,NaN,NaN,NaN,0,0,1,1,0,18
116,2011,1021,17,NaN,NaN,NaN,0,0,1,1,0,20
116,2011,1178,18,NaN,NaN,NaN,0,0,1,0,0,6
116,2011,1169,13,NaN,NaN,NaN,0,0,1,1,0,5
116,2011,803,13,NaN,NaN,NaN,0,0,1,1,0,0
116,2011,545,6,NaN,NaN,NaN,0,0.168598419674065,1,1,0,0
116,2011,1227,14,NaN,NaN,NaN,0,0,1,1,0,16
116,2011,1122,3,NaN,NaN,NaN,0,0,1,1,0,21
116,2011,80,7,NaN,NaN,NaN,0,0,1,1,0,18
116,2011,1043,13,NaN,NaN,NaN,0,0,1,1,0,0
116,2011,47,13,NaN,NaN,NaN,0,0,1,1,0,3
116,2011,541,13,NaN,NaN,NaN,0,0,1,1,0,0
116,2011,1195,16,NaN,NaN,NaN,0,0,1,1,0,17
116,2011,607,3,NaN,NaN,NaN,0,0,1,1,0,2
116,2011,1345,20,NaN,NaN,NaN,0,0,1,1,0,18
116,2011,243,18,NaN,NaN,NaN,0,0,1,1,0,13
116,2011,907,18,NaN,NaN,NaN,0,0.264985437075184,1,1,0,0
116,2011,1368,17,NaN,NaN,NaN,0,0,1,0,0,5
116,2011,1598,2,NaN,NaN,NaN,0,0,1,1,0,14
116,2011,729,11,NaN,NaN,NaN,0,0,1,1,0,0
116,2011,1305,11,NaN,NaN,NaN,0,0,1,1,0,21
116,2011,767,5,NaN,NaN,NaN,0,0,1,1,0,18
116,2011,1535,1,NaN,NaN,NaN,0,0,1,1,0,9
116,2011,887,15,NaN,NaN,NaN,0,0,1,1,0,9
116,2011,1580,21,NaN,NaN,NaN,0,0,1,1,0,13
116,2011,27,5,NaN,NaN,NaN,0,0,1,1,0,9
116,2011,151,17,NaN,NaN,NaN,0,0,1,1,0,0
116,2011,1441,15,NaN,NaN,NaN,0,0,1,1,0,0
116,2011,745,21,NaN,NaN,NaN,0,0,1,1,0,11
116,2011,1268,17,NaN,NaN,NaN,0,0,1,1,0,5
116,2011,255,12,NaN,NaN,NaN,0,0,1,1,0,0
116,2011,134,9,NaN,NaN,NaN,0,0,1,0,0,0
116,2011,376,19,NaN,NaN,NaN,0,0,1,1,0,9
116,2011,1199,14,NaN,NaN,NaN,0,0,1,0,0,18
116,2011,44,13,NaN,NaN,NaN,0,0,1,1,0,20
116,2011,931,16,NaN,NaN,NaN,0,0,1,1,0,0
116,2011,106,20,NaN,NaN,NaN,0,0,1,1,0,18
116,2011,87,18,NaN,NaN,NaN,0,0,1,1,0,5
116,2011,185,9,NaN,NaN,NaN,0,0,1,1,0,18
116,2011,1229,14,NaN,NaN,NaN,0,0,1,1,0,0
116,2011,272,4,NaN,NaN,NaN,0,0,1,1,0,0
116,2011,800,19,NaN,NaN,NaN,0,0,1,1,0,0
116,2011,1196,22,NaN,NaN,NaN,0,0,1,1,0,20
116,2011,276,14,NaN,NaN,NaN,0,0,1,1,0,0
116,2011,323,20,NaN,NaN,NaN,0,0,1,1,0,4
116,2011,722,18,NaN,NaN,NaN,0,0,1,1,0,13
116,2011,1024,14,NaN,NaN,NaN,0,0,1,1,0,6
116,2011,427,12,NaN,NaN,NaN,0,0,1,1,0,0
117,2011,1345,18,NaN,NaN,NaN,0,0,1,1,0,11
117,2011,1441,15,NaN,NaN,NaN,0,1.31636552894054,1,1,1,9
117,2011,427,12,NaN,NaN,NaN,0,0,1,1,0,0
117,2011,634,20,NaN,NaN,NaN,0,0,1,1,0,9
117,2011,447,19,NaN,NaN,NaN,0,1.89219830455811,1,1,1,5
117,2011,487,2,NaN,NaN,NaN,0,0,1,1,0,0
117,2011,44,20,NaN,NaN,NaN,0,0,1,1,0,0
117,2011,243,13,NaN,NaN,NaN,0,0,1,1,0,10
117,2011,534,18,NaN,NaN,NaN,0,0,1,1,0,0
117,2011,183,3,NaN,NaN,NaN,0,0,1,1,0,8
117,2011,1130,7,NaN,NaN,NaN,0,5.58826762286017,1,1,1,22
117,2011,1021,20,NaN,NaN,NaN,0,0,1,1,0,21
117,2011,545,6,NaN,NaN,NaN,0,0.117260629160155,1,1,0,0
117,2011,541,13,NaN,NaN,NaN,0,0,1,1,0,0
117,2011,1394,17,NaN,NaN,NaN,0,0,1,1,0,0
117,2011,1024,6,NaN,NaN,NaN,0,0,1,1,0,0
117,2011,1439,9,NaN,NaN,NaN,0,0,1,1,0,0
117,2011,1497,13,NaN,NaN,NaN,0,0,1,1,0,0
117,2011,1391,8,NaN,NaN,NaN,0,0,1,1,0,0
117,2011,607,2,NaN,NaN,NaN,0,2.80368164731838,1,1,1,21
117,2011,106,18,NaN,NaN,NaN,0,0,1,1,0,5
117,2011,272,4,NaN,NaN,NaN,0,0,1,1,0,0
117,2011,1227,16,NaN,NaN,NaN,0,0,1,1,0,1
117,2011,800,19,NaN,NaN,NaN,0,0,1,1,0,0
117,2011,1305,21,NaN,NaN,NaN,0,0,1,1,0,12
117,2011,1199,18,NaN,NaN,NaN,0,0,1,1,0,22
117,2011,931,16,NaN,NaN,NaN,0,0,1,1,0,0
117,2011,372,6,NaN,NaN,NaN,0,0,1,1,0,0
117,2011,255,12,NaN,NaN,NaN,0,0,1,1,0,0
117,2011,1215,2,NaN,NaN,NaN,0,3.32946639714131,1,1,1,19
117,2011,308,3,NaN,NaN,NaN,0,6.80658284152186,1,1,1,15
117,2011,1122,21,NaN,NaN,NaN,0,0,1,1,0,12
117,2011,554,1,NaN,NaN,NaN,0,0,1,1,0,14
117,2011,185,18,NaN,NaN,NaN,0,0,1,1,0,16
117,2011,461,21,NaN,NaN,NaN,0,0,1,1,0,5
117,2011,729,11,NaN,NaN,NaN,0,0,1,1,0,18
117,2011,47,3,NaN,NaN,NaN,0,0,1,1,0,15
117,2011,1186,18,NaN,NaN,NaN,0,3.80894899372695,1,1,1,11
117,2011,20,7,NaN,NaN,NaN,0,0,1,1,0,0
117,2011,80,18,NaN,NaN,NaN,0,0,1,1,0,19
117,2011,87,5,NaN,NaN,NaN,0,0,1,1,0,20
117,2011,1043,13,NaN,NaN,NaN,0,0,1,1,0,0
117,2011,1124,3,NaN,NaN,NaN,0,0,1,1,0,17
117,2011,1535,9,NaN,NaN,NaN,0,0,1,1,0,0
117,2011,376,9,NaN,NaN,NaN,0,0,1,1,0,0
117,2011,1229,14,NaN,NaN,NaN,0,0,1,1,0,0
117,2011,1034,14,NaN,NaN,NaN,0,0,1,1,0,5
117,2011,102,7,NaN,NaN,NaN,0,0,1,1,0,0
117,2011,568,5,NaN,NaN,NaN,0,2.72553804387674,1,1,1,6
117,2011,67,6,NaN,NaN,NaN,0,6.85060873595703,1,1,1,21
117,2011,1003,13,NaN,NaN,NaN,0,0,1,1,0,6
117,2011,323,4,NaN,NaN,NaN,0,0,1,1,0,0
117,2011,1196,20,NaN,NaN,NaN,0,0,1,1,0,2
117,2011,767,18,NaN,NaN,NaN,0,0,1,1,0,21
117,2011,907,18,NaN,NaN,NaN,0,5.88374477509156,1,1,1,5
117,2011,738,21,NaN,NaN,NaN,0,2.78143967993421,1,1,1,17
117,2011,233,5,NaN,NaN,NaN,0,0,1,1,0,0
117,2011,1465,3,NaN,NaN,NaN,0,0,1,1,0,21
117,2011,1580,13,NaN,NaN,NaN,0,0,1,1,0,22
117,2011,27,9,NaN,NaN,NaN,0,0,1,1,0,5
117,2011,1178,6,NaN,NaN,NaN,0,0.260790161557614,1,1,0,0
117,2011,390,12,NaN,NaN,NaN,0,0,1,1,0,20
117,2011,134,9,NaN,NaN,NaN,0,3.76915952975114,1,1,1,6
117,2011,1599,22,NaN,NaN,NaN,0,0,1,1,0,0
117,2011,813,21,NaN,NaN,NaN,0,4.27727048574464,1,1,1,10
117,2011,410,18,NaN,NaN,NaN,0,0,1,1,0,15
117,2011,1169,5,NaN,NaN,NaN,0,0,1,1,0,13
117,2011,968,18,NaN,NaN,NaN,0,0,1,1,0,0
117,2011,1195,17,NaN,NaN,NaN,0,0,1,1,0,7
117,2011,544,1,NaN,NaN,NaN,0,0,1,1,0,0
117,2011,16,1,NaN,NaN,NaN,0,0,1,1,0,17
117,2011,276,14,NaN,NaN,NaN,0,0,1,1,0,0
117,2011,245,12,NaN,NaN,NaN,0,0,1,1,0,0
117,2011,722,13,NaN,NaN,NaN,0,0,1,1,0,18
117,2011,1144,12,NaN,NaN,NaN,0,0,1,1,0,0
117,2011,1457,14,NaN,NaN,NaN,0,0,1,1,0,7
117,2011,745,11,NaN,NaN,NaN,0,0,1,1,0,21
117,2011,174,18,NaN,NaN,NaN,0,3.67252040771898,1,1,1,10
117,2011,347,13,NaN,NaN,NaN,0,2.41286030566018,1,1,1,6
117,2011,1107,5,NaN,NaN,NaN,0,5.1708761899533,1,1,1,17
117,2011,1038,13,NaN,NaN,NaN,0,0,1,1,0,0
117,2011,247,13,NaN,NaN,NaN,0,0,1,1,0,5
117,2011,887,9,NaN,NaN,NaN,0,0,1,1,0,0
117,2011,922,19,NaN,NaN,NaN,0,0,1,1,0,4
117,2011,1598,14,NaN,NaN,NaN,0,0,1,1,0,17
117,2011,763,16,NaN,NaN,NaN,0,0,1,1,0,13
117,2011,1368,5,NaN,NaN,NaN,0,0,1,1,0,0
117,2011,803,13,NaN,NaN,NaN,0,0,1,1,0,0
117,2011,625,19,NaN,NaN,NaN,0,0,1,1,0,13
117,2011,671,14,NaN,NaN,NaN,0,0,1,1,0,5
117,2011,1268,5,NaN,NaN,NaN,0,0,1,1,0,17
117,2011,1264,18,NaN,NaN,NaN,0,0,1,1,0,0
117,2011,821,21,NaN,NaN,NaN,0,0,1,1,0,0
117,2011,1584,13,NaN,NaN,NaN,0,0,1,1,0,0
117,2011,151,17,NaN,NaN,NaN,0,0,1,1,0,0
118,2012,1345,11,NaN,NaN,NaN,0,0,1,1,0,0
118,2012,907,5,NaN,NaN,NaN,0,0,1,0,0,2
118,2012,1535,9,NaN,NaN,NaN,0,0,1,1,0,7
118,2012,1196,2,NaN,NaN,NaN,0,0,1,1,0,5
118,2012,1144,12,NaN,NaN,NaN,0,0,1,1,0,0
118,2012,1394,17,NaN,NaN,NaN,0,0,1,1,0,13
118,2012,487,2,NaN,NaN,NaN,0,0,1,1,0,1
118,2012,1268,17,NaN,NaN,NaN,0,0,1,1,0,0
118,2012,1599,22,NaN,NaN,NaN,0,0,1,1,0,13
118,2012,16,17,NaN,NaN,NaN,0,0,1,1,0,14
118,2012,102,7,NaN,NaN,NaN,0,0,1,1,0,9
118,2012,568,6,NaN,NaN,NaN,0,0,1,0,0,0
118,2012,185,16,NaN,NaN,NaN,0,0,1,1,0,1
118,2012,1043,13,NaN,NaN,NaN,0,0,1,1,0,0
118,2012,767,21,NaN,NaN,NaN,0,0,1,1,0,18
118,2012,534,18,NaN,NaN,NaN,0,0,1,1,0,13
118,2012,1598,17,NaN,NaN,NaN,0,0,1,1,0,9
118,2012,671,5,NaN,NaN,NaN,0,0,1,1,0,1
118,2012,106,5,NaN,NaN,NaN,0,0,1,1,0,0
118,2012,554,14,NaN,NaN,NaN,0,0,1,1,0,22
118,2012,803,13,NaN,NaN,NaN,0,0,1,1,0,2
118,2012,376,9,NaN,NaN,NaN,0,0,1,1,0,2
118,2012,1264,18,NaN,NaN,NaN,0,0,1,1,0,17
118,2012,887,9,NaN,NaN,NaN,0,0,1,1,0,3
118,2012,151,17,NaN,NaN,NaN,0,0,1,1,0,0
118,2012,745,21,NaN,NaN,NaN,0,0,1,1,0,0
118,2012,372,6,NaN,NaN,NaN,0,0,1,1,0,0
118,2012,1199,22,NaN,NaN,NaN,0,0,1,1,0,15
118,2012,1186,11,NaN,NaN,NaN,0,0,1,0,0,0
118,2012,1124,17,NaN,NaN,NaN,0,0,1,1,0,6
118,2012,1457,7,NaN,NaN,NaN,0,0,1,1,0,3
118,2012,1229,14,NaN,NaN,NaN,0,0,1,1,0,20
118,2012,461,5,NaN,NaN,NaN,0,0,1,1,0,11
118,2012,1038,13,NaN,NaN,NaN,0,0,1,1,0,0
118,2012,1034,5,NaN,NaN,NaN,0,0,1,1,0,1
118,2012,1305,12,NaN,NaN,NaN,0,0,1,1,0,13
118,2012,541,13,NaN,NaN,NaN,0,0,1,1,0,0
118,2012,427,12,NaN,NaN,NaN,0,0,1,1,0,18
118,2012,390,20,NaN,NaN,NaN,0,0,1,1,0,13
118,2012,1439,9,NaN,NaN,NaN,0,0,1,1,0,2
118,2012,174,10,NaN,NaN,NaN,0,0,1,0,0,0
118,2012,1195,7,NaN,NaN,NaN,0,0,1,1,0,13
118,2012,634,9,NaN,NaN,NaN,0,0,1,1,0,0
118,2012,1227,1,NaN,NaN,NaN,0,0,1,1,0,0
118,2012,1003,6,NaN,NaN,NaN,0,0,1,1,0,0
118,2012,247,5,NaN,NaN,NaN,0,0,1,1,0,0
118,2012,722,18,NaN,NaN,NaN,0,0,1,1,0,1
118,2012,1024,6,NaN,NaN,NaN,0,0,1,1,0,5
118,2012,276,14,NaN,NaN,NaN,0,0,1,1,0,1
118,2012,1584,13,NaN,NaN,NaN,0,0,1,1,0,17
118,2012,47,15,NaN,NaN,NaN,0,0,1,1,0,11
118,2012,1215,19,NaN,NaN,NaN,0,0,1,0,0,2
118,2012,272,4,NaN,NaN,NaN,0,0,1,1,0,2
118,2012,410,15,NaN,NaN,NaN,0,0,1,1,0,13
118,2012,134,6,NaN,NaN,NaN,0,0,1,0,0,0
118,2012,729,18,NaN,NaN,NaN,0,0,1,1,0,0
118,2012,80,19,NaN,NaN,NaN,0,0,1,1,0,18
118,2012,44,20,NaN,NaN,NaN,0,0,1,1,0,5
118,2012,27,5,NaN,NaN,NaN,0,0,1,1,0,14
118,2012,1107,17,NaN,NaN,NaN,0,0,1,0,0,5
118,2012,1391,8,NaN,NaN,NaN,0,0,1,1,0,0
118,2012,931,16,NaN,NaN,NaN,0,0,1,1,0,7
118,2012,545,6,NaN,NaN,NaN,0,0.117260629160155,1,1,0,5
118,2012,255,12,NaN,NaN,NaN,0,0,1,1,0,1
118,2012,243,10,NaN,NaN,NaN,0,0,1,1,0,0
118,2012,821,21,NaN,NaN,NaN,0,0,1,1,0,12
118,2012,922,4,NaN,NaN,NaN,0,0,1,1,0,0
118,2012,1497,13,NaN,NaN,NaN,0,0,1,1,0,0
118,2012,447,5,NaN,NaN,NaN,0,0,1,0,0,0
118,2012,67,21,NaN,NaN,NaN,0,0,1,0,0,7
118,2012,738,17,NaN,NaN,NaN,0,0,1,0,0,21
118,2012,1021,21,NaN,NaN,NaN,0,0,1,1,0,7
118,2012,544,1,NaN,NaN,NaN,0,0,1,1,0,0
118,2012,20,7,NaN,NaN,NaN,0,0,1,1,0,0
118,2012,233,5,NaN,NaN,NaN,0,0,1,1,0,10
118,2012,763,13,NaN,NaN,NaN,0,0,1,1,0,0
118,2012,813,10,NaN,NaN,NaN,0,0,1,0,0,21
118,2012,1178,6,NaN,NaN,NaN,0,0.260790161557614,1,1,0,22
118,2012,1130,22,NaN,NaN,NaN,0,0,1,0,0,21
118,2012,1368,5,NaN,NaN,NaN,0,0,1,1,0,13
118,2012,625,13,NaN,NaN,NaN,0,0,1,1,0,21
118,2012,1122,12,NaN,NaN,NaN,0,0,1,1,0,4
118,2012,308,15,NaN,NaN,NaN,0,0,1,0,0,3
118,2012,323,4,NaN,NaN,NaN,0,0,1,1,0,0
118,2012,245,12,NaN,NaN,NaN,0,0,1,1,0,7
118,2012,1580,22,NaN,NaN,NaN,0,0,1,1,0,9
118,2012,347,6,NaN,NaN,NaN,0,0,1,0,0,13
118,2012,1465,21,NaN,NaN,NaN,0,0,1,1,0,0
118,2012,968,18,NaN,NaN,NaN,0,0,1,1,0,5
118,2012,87,20,NaN,NaN,NaN,0,0,1,1,0,0
118,2012,800,19,NaN,NaN,NaN,0,0,1,1,0,2
118,2012,1169,13,NaN,NaN,NaN,0,0,1,1,0,0
118,2012,1441,9,NaN,NaN,NaN,0,0,1,0,0,15
118,2012,607,21,NaN,NaN,NaN,0,0,1,0,0,1
118,2012,183,8,NaN,NaN,NaN,0,0,1,1,0,0
119,2012,1195,13,NaN,NaN,NaN,0,0,1,1,0,0
119,2012,80,18,NaN,NaN,NaN,0,0,1,1,0,22
119,2012,738,21,NaN,NaN,NaN,0,0,1,0,0,0
119,2012,1368,13,NaN,NaN,NaN,0,0,1,1,0,5
119,2012,390,13,NaN,NaN,NaN,0,0,1,1,0,8
119,2012,1598,9,NaN,NaN,NaN,0,0,1,1,0,0
119,2012,545,5,NaN,NaN,NaN,0,0.117260629160155,1,1,0,10
119,2012,276,1,NaN,NaN,NaN,0,0,1,1,0,15
119,2012,1441,15,NaN,NaN,NaN,0,0,1,0,0,0
119,2012,16,14,NaN,NaN,NaN,0,0,1,1,0,1
119,2012,1124,6,NaN,NaN,NaN,0,0,1,1,0,9
119,2012,87,20,NaN,NaN,NaN,0,0,1,1,0,2
119,2012,272,2,NaN,NaN,NaN,0,0,1,1,0,0
119,2012,427,18,NaN,NaN,NaN,0,0,1,1,0,16
119,2012,1264,17,NaN,NaN,NaN,0,0,1,1,0,18
119,2012,1021,7,NaN,NaN,NaN,0,0,1,1,0,20
119,2012,308,3,NaN,NaN,NaN,0,0,1,0,0,0
119,2012,821,12,NaN,NaN,NaN,0,0,1,1,0,7
119,2012,323,4,NaN,NaN,NaN,0,0,1,1,0,0
119,2012,376,2,NaN,NaN,NaN,0,0,1,1,0,14
119,2012,1122,4,NaN,NaN,NaN,0,0,1,1,0,13
119,2012,1465,21,NaN,NaN,NaN,0,0,1,1,0,0
119,2012,447,5,NaN,NaN,NaN,0,0,1,0,0,0
119,2012,255,1,NaN,NaN,NaN,0,0,1,1,0,12
119,2012,568,6,NaN,NaN,NaN,0,0,1,0,0,5
119,2012,1345,11,NaN,NaN,NaN,0,0,1,1,0,14
119,2012,1178,22,NaN,NaN,NaN,0,0.260790161557614,1,1,0,1
119,2012,931,7,NaN,NaN,NaN,0,0,1,1,0,1
119,2012,44,5,NaN,NaN,NaN,0,0,1,1,0,1
119,2012,20,7,NaN,NaN,NaN,0,0,1,1,0,0
119,2012,1199,15,NaN,NaN,NaN,0,0,1,1,0,21
119,2012,968,5,NaN,NaN,NaN,0,0,1,1,0,0
119,2012,487,1,NaN,NaN,NaN,0,0,1,1,0,7
119,2012,907,2,NaN,NaN,NaN,0,0,1,0,0,7
119,2012,174,10,NaN,NaN,NaN,0,0,1,0,0,13
119,2012,1599,13,NaN,NaN,NaN,0,0,1,1,0,0
119,2012,247,5,NaN,NaN,NaN,0,0,1,1,0,22
119,2012,671,1,NaN,NaN,NaN,0,0,1,1,0,0
119,2012,461,11,NaN,NaN,NaN,0,0,1,1,0,21
119,2012,1144,12,NaN,NaN,NaN,0,0,1,1,0,0
119,2012,1107,5,NaN,NaN,NaN,0,0,1,0,0,0
119,2012,1043,13,NaN,NaN,NaN,0,0,1,1,0,7
119,2012,27,14,NaN,NaN,NaN,0,0,1,1,0,7
119,2012,800,2,NaN,NaN,NaN,0,0,1,1,0,5
119,2012,1003,6,NaN,NaN,NaN,0,0,1,1,0,0
119,2012,541,13,NaN,NaN,NaN,0,0,1,1,0,1
119,2012,67,7,NaN,NaN,NaN,0,0,1,0,0,6
119,2012,1227,1,NaN,NaN,NaN,0,0,1,1,0,14
119,2012,1457,3,NaN,NaN,NaN,0,0,1,1,0,0
119,2012,1215,2,NaN,NaN,NaN,0,0,1,0,0,0
119,2012,729,18,NaN,NaN,NaN,0,0,1,1,0,1
119,2012,722,1,NaN,NaN,NaN,0,0,1,1,0,0
119,2012,625,21,NaN,NaN,NaN,0,0,1,1,0,3
119,2012,134,6,NaN,NaN,NaN,0,0,1,0,0,0
119,2012,544,1,NaN,NaN,NaN,0,0,1,1,0,0
119,2012,1584,17,NaN,NaN,NaN,0,0,1,1,0,1
119,2012,245,7,NaN,NaN,NaN,0,0,1,1,0,5
119,2012,1034,1,NaN,NaN,NaN,0,0,1,1,0,0
119,2012,233,10,NaN,NaN,NaN,0,0,1,1,0,0
119,2012,183,8,NaN,NaN,NaN,0,0,1,1,0,0
119,2012,347,13,NaN,NaN,NaN,0,0,1,0,0,0
119,2012,767,18,NaN,NaN,NaN,0,0,1,1,0,3
119,2012,1391,8,NaN,NaN,NaN,0,0,1,1,0,0
119,2012,745,21,NaN,NaN,NaN,0,0,1,1,0,0
119,2012,1130,21,NaN,NaN,NaN,0,0,1,0,0,0
119,2012,1580,9,NaN,NaN,NaN,0,0,1,1,0,18
119,2012,102,9,NaN,NaN,NaN,0,0,1,1,0,7
119,2012,1169,13,NaN,NaN,NaN,0,0,1,1,0,5
119,2012,1305,13,NaN,NaN,NaN,0,0,1,1,0,0
119,2012,410,13,NaN,NaN,NaN,0,0,1,1,0,4
119,2012,185,1,NaN,NaN,NaN,0,0,1,1,0,20
119,2012,803,2,NaN,NaN,NaN,0,0,1,1,0,1
119,2012,1229,20,NaN,NaN,NaN,0,0,1,1,0,0
119,2012,1268,17,NaN,NaN,NaN,0,0,1,1,0,13
119,2012,1196,5,NaN,NaN,NaN,0,0,1,1,0,6
119,2012,47,11,NaN,NaN,NaN,0,0,1,1,0,14
119,2012,607,1,NaN,NaN,NaN,0,0,1,0,0,0
119,2012,1394,13,NaN,NaN,NaN,0,0,1,1,0,0
119,2012,1024,5,NaN,NaN,NaN,0,0,1,1,0,0
119,2012,763,13,NaN,NaN,NaN,0,0,1,1,0,0
119,2012,813,21,NaN,NaN,NaN,0,0,1,0,0,0
119,2012,243,10,NaN,NaN,NaN,0,0,1,1,0,22
119,2012,1535,7,NaN,NaN,NaN,0,0,1,1,0,17
119,2012,534,13,NaN,NaN,NaN,0,0,1,1,0,18
119,2012,554,22,NaN,NaN,NaN,0,0,1,1,0,7
119,2012,151,17,NaN,NaN,NaN,0,0,1,1,0,0
119,2012,106,5,NaN,NaN,NaN,0,0,1,1,0,7
119,2012,634,9,NaN,NaN,NaN,0,0,1,1,0,0
119,2012,1497,13,NaN,NaN,NaN,0,0,1,1,0,18
119,2012,922,4,NaN,NaN,NaN,0,0,1,1,0,1
119,2012,1186,11,NaN,NaN,NaN,0,0,1,0,0,0
119,2012,1439,2,NaN,NaN,NaN,0,0,1,1,0,1
119,2012,1038,13,NaN,NaN,NaN,0,0,1,1,0,0
119,2012,372,6,NaN,NaN,NaN,0,0,1,1,0,0
119,2012,887,3,NaN,NaN,NaN,0,0,1,1,0,5
120,2012,47,14,NaN,NaN,NaN,0,0,1,1,0,22
120,2012,27,7,NaN,NaN,NaN,0,0,1,1,0,5
120,2012,185,20,NaN,NaN,NaN,0,0,1,1,0,14
120,2012,1034,1,NaN,NaN,NaN,0,0,1,1,0,0
120,2012,20,7,NaN,NaN,NaN,0,0,1,1,0,0
120,2012,1122,13,NaN,NaN,NaN,0,0,1,1,0,0
120,2012,1107,5,NaN,NaN,NaN,0,0,1,0,0,0
120,2012,67,6,NaN,NaN,NaN,0,0,1,0,0,0
120,2012,1003,6,NaN,NaN,NaN,0,0,1,1,0,0
120,2012,1196,6,NaN,NaN,NaN,0,0,1,1,0,12
120,2012,607,1,NaN,NaN,NaN,0,0,1,0,0,20
120,2012,767,3,NaN,NaN,NaN,0,0,1,1,0,1
120,2012,729,1,NaN,NaN,NaN,0,0,1,1,0,11
120,2012,1043,7,NaN,NaN,NaN,0,0,1,1,0,0
120,2012,1264,18,NaN,NaN,NaN,0,0,1,1,0,2
120,2012,1268,13,NaN,NaN,NaN,0,0,1,1,0,17
120,2012,1599,13,NaN,NaN,NaN,0,0,1,1,0,5
120,2012,308,3,NaN,NaN,NaN,0,0,1,0,0,0
120,2012,151,17,NaN,NaN,NaN,0,0,1,1,0,0
120,2012,1144,12,NaN,NaN,NaN,0,0,1,1,0,0
120,2012,625,3,NaN,NaN,NaN,0,0,1,1,0,16
120,2012,247,22,NaN,NaN,NaN,0,0,1,1,0,11
120,2012,1457,3,NaN,NaN,NaN,0,0,1,1,0,0
120,2012,1598,9,NaN,NaN,NaN,0,0,1,1,0,7
120,2012,134,6,NaN,NaN,NaN,0,0,1,0,0,0
120,2012,87,2,NaN,NaN,NaN,0,0,1,1,0,20
120,2012,544,1,NaN,NaN,NaN,0,0,1,1,0,0
120,2012,447,5,NaN,NaN,NaN,0,0,1,0,0,3
120,2012,272,2,NaN,NaN,NaN,0,0,1,1,0,11
120,2012,554,7,NaN,NaN,NaN,0,0,1,1,0,14
120,2012,803,1,NaN,NaN,NaN,0,0,1,1,0,0
120,2012,813,21,NaN,NaN,NaN,0,0,1,0,0,18
120,2012,255,12,NaN,NaN,NaN,0,0,1,1,0,16
120,2012,1580,18,NaN,NaN,NaN,0,0,1,1,0,12
120,2012,545,10,NaN,NaN,NaN,0,0.117260629160155,1,1,0,0
120,2012,887,5,NaN,NaN,NaN,0,0,1,1,0,0
120,2012,1305,13,NaN,NaN,NaN,0,0,1,1,0,2
120,2012,671,1,NaN,NaN,NaN,0,0,1,1,0,0
120,2012,276,15,NaN,NaN,NaN,0,0,1,1,0,0
120,2012,174,13,NaN,NaN,NaN,0,0,1,0,0,1
120,2012,568,5,NaN,NaN,NaN,0,0,1,0,0,0
120,2012,243,22,NaN,NaN,NaN,0,0,1,1,0,14
120,2012,1368,5,NaN,NaN,NaN,0,0,1,1,0,14
120,2012,1394,13,NaN,NaN,NaN,0,0,1,1,0,22
120,2012,1441,15,NaN,NaN,NaN,0,0,1,0,0,0
120,2012,763,13,NaN,NaN,NaN,0,0,1,1,0,9
120,2012,1021,20,NaN,NaN,NaN,0,0,1,1,0,7
120,2012,80,22,NaN,NaN,NaN,0,0,1,1,0,0
120,2012,738,21,NaN,NaN,NaN,0,0,1,0,0,0
120,2012,534,18,NaN,NaN,NaN,0,0,1,1,0,13
120,2012,183,8,NaN,NaN,NaN,0,0,1,1,0,0
120,2012,968,5,NaN,NaN,NaN,0,0,1,1,0,9
120,2012,427,16,NaN,NaN,NaN,0,0,1,1,0,18
120,2012,745,21,NaN,NaN,NaN,0,0,1,1,0,0
120,2012,1130,21,NaN,NaN,NaN,0,0,1,0,0,9
120,2012,44,1,NaN,NaN,NaN,0,0,1,1,0,5
120,2012,907,7,NaN,NaN,NaN,0,0,1,0,0,0
120,2012,323,4,NaN,NaN,NaN,0,0,1,1,0,0
120,2012,233,10,NaN,NaN,NaN,0,0,1,1,0,20
120,2012,1199,21,NaN,NaN,NaN,0,0,1,1,0,6
120,2012,1229,20,NaN,NaN,NaN,0,0,1,1,0,5
120,2012,376,14,NaN,NaN,NaN,0,0,1,1,0,0
120,2012,722,1,NaN,NaN,NaN,0,0,1,1,0,3
120,2012,1227,14,NaN,NaN,NaN,0,0,1,1,0,0
120,2012,1439,1,NaN,NaN,NaN,0,0,1,1,0,0
120,2012,410,4,NaN,NaN,NaN,0,0,1,1,0,13
120,2012,16,1,NaN,NaN,NaN,0,0,1,1,0,21
120,2012,102,7,NaN,NaN,NaN,0,0,1,1,0,5
120,2012,1535,17,NaN,NaN,NaN,0,0,1,1,0,0
120,2012,1124,9,NaN,NaN,NaN,0,0,1,1,0,18
120,2012,1186,11,NaN,NaN,NaN,0,0,1,0,0,0
120,2012,922,1,NaN,NaN,NaN,0,0,1,1,0,3
120,2012,347,13,NaN,NaN,NaN,0,0,1,0,0,0
120,2012,487,7,NaN,NaN,NaN,0,0,1,1,0,19
120,2012,1497,18,NaN,NaN,NaN,0,0,1,1,0,13
120,2012,1584,1,NaN,NaN,NaN,0,0,1,1,0,0
120,2012,821,7,NaN,NaN,NaN,0,0,1,1,0,21
120,2012,1038,13,NaN,NaN,NaN,0,0,1,1,0,0
120,2012,245,5,NaN,NaN,NaN,0,0,1,1,0,0
120,2012,634,9,NaN,NaN,NaN,0,0,1,1,0,0
120,2012,1345,14,NaN,NaN,NaN,0,0,1,1,0,0
120,2012,106,7,NaN,NaN,NaN,0,0,1,1,0,0
120,2012,1169,5,NaN,NaN,NaN,0,0,1,1,0,0
120,2012,1178,1,NaN,NaN,NaN,0,0.260790161557614,1,1,0,0
120,2012,931,1,NaN,NaN,NaN,0,0,1,1,0,20
120,2012,1024,5,NaN,NaN,NaN,0,0,1,1,0,9
120,2012,390,8,NaN,NaN,NaN,0,0,1,1,0,18
120,2012,372,6,NaN,NaN,NaN,0,0,1,1,0,0
120,2012,1465,21,NaN,NaN,NaN,0,0,1,1,0,0
120,2012,461,21,NaN,NaN,NaN,0,0,1,1,0,0
120,2012,541,1,NaN,NaN,NaN,0,0,1,1,0,0
120,2012,800,5,NaN,NaN,NaN,0,0,1,1,0,0
120,2012,1391,8,NaN,NaN,NaN,0,0,1,1,0,0
120,2012,1215,2,NaN,NaN,NaN,0,0,1,0,0,0
121,2012,80,22,NaN,NaN,NaN,0,0,1,1,0,10
121,2012,410,13,NaN,NaN,NaN,0,0,1,1,0,6
121,2012,102,5,NaN,NaN,NaN,0,0,1,1,0,6
121,2012,763,9,NaN,NaN,NaN,0,0,1,1,0,13
121,2012,1580,12,NaN,NaN,NaN,0,0,1,1,0,15
121,2012,931,20,NaN,NaN,NaN,0,0,1,1,0,21
121,2012,272,11,NaN,NaN,NaN,0,0,1,1,0,0
121,2012,1535,17,NaN,NaN,NaN,0,0,1,1,0,15
121,2012,722,3,NaN,NaN,NaN,0,0,1,1,0,9
121,2012,821,21,NaN,NaN,NaN,0,0,1,1,0,0
121,2012,1178,1,NaN,NaN,NaN,0,4.88877189234788,1,1,1,10
121,2012,671,1,NaN,NaN,NaN,0,0,1,1,0,0
121,2012,1368,14,NaN,NaN,NaN,0,5.10672808082559,1,1,1,13
121,2012,1598,7,NaN,NaN,NaN,0,0,1,1,0,14
121,2012,545,10,NaN,NaN,NaN,0,0,1,1,0,0
121,2012,1227,14,NaN,NaN,NaN,0,0,1,1,0,13
121,2012,1215,2,NaN,NaN,NaN,0,2.60009847725639,1,1,1,19
121,2012,376,14,NaN,NaN,NaN,0,0,1,1,0,8
121,2012,634,9,NaN,NaN,NaN,0,0,1,1,0,18
121,2012,625,16,NaN,NaN,NaN,0,0,1,1,0,3
121,2012,738,21,NaN,NaN,NaN,0,3.27171325887963,1,1,1,15
121,2012,487,19,NaN,NaN,NaN,0,0,1,1,0,22
121,2012,27,5,NaN,NaN,NaN,0,0,1,1,0,7
121,2012,255,16,NaN,NaN,NaN,0,0,1,1,0,0
121,2012,245,5,NaN,NaN,NaN,0,0,1,1,0,0
121,2012,347,13,NaN,NaN,NaN,0,1.09893453445142,1,1,1,5
121,2012,1169,5,NaN,NaN,NaN,0,0,1,1,0,0
121,2012,1599,5,NaN,NaN,NaN,0,0,1,1,0,19
121,2012,447,3,NaN,NaN,NaN,0,0,1,1,0,0
121,2012,1345,14,NaN,NaN,NaN,0,0,1,1,0,0
121,2012,20,7,NaN,NaN,NaN,0,0,1,1,0,0
121,2012,183,8,NaN,NaN,NaN,0,1.19078216139667,1,1,1,3
121,2012,1107,5,NaN,NaN,NaN,0,3.85412963415946,1,1,1,14
121,2012,1038,13,NaN,NaN,NaN,0,0,1,1,0,0
121,2012,541,1,NaN,NaN,NaN,0,0,1,1,0,0
121,2012,745,21,NaN,NaN,NaN,0,0,1,1,0,0
121,2012,1144,12,NaN,NaN,NaN,0,0,1,1,0,4
121,2012,568,5,NaN,NaN,NaN,0,2.243842909126,1,1,1,12
121,2012,106,7,NaN,NaN,NaN,0,0,1,1,0,0
121,2012,47,22,NaN,NaN,NaN,0,0,1,1,0,15
121,2012,247,11,NaN,NaN,NaN,0,0,1,1,0,17
121,2012,308,3,NaN,NaN,NaN,0,5.83373997995122,1,1,1,15
121,2012,1043,7,NaN,NaN,NaN,0,0,1,1,0,0
121,2012,323,4,NaN,NaN,NaN,0,0,1,1,0,0
121,2012,1439,1,NaN,NaN,NaN,0,0,1,1,0,0
121,2012,1199,6,NaN,NaN,NaN,0,0,1,1,0,22
121,2012,87,20,NaN,NaN,NaN,0,0,1,1,0,14
121,2012,1021,7,NaN,NaN,NaN,0,0,1,1,0,0
121,2012,134,6,NaN,NaN,NaN,0,4.40468521431294,1,1,1,18
121,2012,151,17,NaN,NaN,NaN,0,0,1,1,0,0
121,2012,813,18,NaN,NaN,NaN,0,0,1,1,0,0
121,2012,800,5,NaN,NaN,NaN,0,0,1,1,0,14
121,2012,1465,21,NaN,NaN,NaN,0,0,1,1,0,0
121,2012,1584,1,NaN,NaN,NaN,0,0,1,1,0,15
121,2012,1003,6,NaN,NaN,NaN,0,0,1,1,0,22
121,2012,1268,17,NaN,NaN,NaN,0,0,1,1,0,2
121,2012,922,3,NaN,NaN,NaN,0,0,1,1,0,7
121,2012,554,14,NaN,NaN,NaN,0,0,1,1,0,13
121,2012,1196,12,NaN,NaN,NaN,0,0,1,1,0,7
121,2012,372,6,NaN,NaN,NaN,0,0,1,1,0,17
121,2012,767,1,NaN,NaN,NaN,0,0,1,1,0,13
121,2012,1391,8,NaN,NaN,NaN,0,0,1,1,0,3
121,2012,233,20,NaN,NaN,NaN,0,0,1,1,0,11
121,2012,243,14,NaN,NaN,NaN,0,0,1,1,0,0
121,2012,968,9,NaN,NaN,NaN,0,0,1,1,0,18
121,2012,1024,9,NaN,NaN,NaN,0,0,1,1,0,0
121,2012,1457,3,NaN,NaN,NaN,0,0,1,1,0,0
121,2012,16,21,NaN,NaN,NaN,0,0,1,1,0,5
121,2012,887,5,NaN,NaN,NaN,0,0,1,1,0,0
121,2012,67,6,NaN,NaN,NaN,0,0,1,1,0,22
121,2012,1034,1,NaN,NaN,NaN,0,0,1,1,0,0
121,2012,803,1,NaN,NaN,NaN,0,0,1,1,0,0
121,2012,1305,2,NaN,NaN,NaN,0,0,1,1,0,17
121,2012,174,1,NaN,NaN,NaN,0,0,1,1,0,0
121,2012,729,11,NaN,NaN,NaN,0,0,1,1,0,22
121,2012,427,18,NaN,NaN,NaN,0,0,1,1,0,17
121,2012,1122,13,NaN,NaN,NaN,0,0,1,1,0,0
121,2012,1186,11,NaN,NaN,NaN,0,4.43095237300562,1,1,1,18
121,2012,607,20,NaN,NaN,NaN,0,5.58726198915735,1,1,1,1
121,2012,1229,5,NaN,NaN,NaN,0,0,1,1,0,14
121,2012,1441,15,NaN,NaN,NaN,0,0,1,1,0,0
121,2012,1130,9,NaN,NaN,NaN,0,4.15200997668465,1,1,1,13
121,2012,1394,22,NaN,NaN,NaN,0,0,1,1,0,4
121,2012,907,7,NaN,NaN,NaN,0,5.01872032938549,1,1,1,19
121,2012,185,14,NaN,NaN,NaN,0,0,1,1,0,8
121,2012,1124,18,NaN,NaN,NaN,0,0,1,1,0,0
121,2012,44,5,NaN,NaN,NaN,0,0,1,1,0,0
121,2012,1497,13,NaN,NaN,NaN,0,0,1,1,0,0
121,2012,390,18,NaN,NaN,NaN,0,0,1,1,0,20
121,2012,544,1,NaN,NaN,NaN,0,0,1,1,0,0
121,2012,1264,2,NaN,NaN,NaN,0,0,1,1,0,22
121,2012,276,15,NaN,NaN,NaN,0,0,1,1,0,0
121,2012,534,13,NaN,NaN,NaN,0,0,1,1,0,0
122,2013,44,5,NaN,NaN,NaN,0,0,1,1,0,0
122,2013,1215,19,NaN,NaN,NaN,0,0,1,0,0,2
122,2013,47,15,NaN,NaN,NaN,0,0,1,1,0,0
122,2013,1196,7,NaN,NaN,NaN,0,0,1,1,0,17
122,2013,1465,21,NaN,NaN,NaN,0,0,1,1,0,0
122,2013,1227,13,NaN,NaN,NaN,0,0,1,1,0,0
122,2013,1130,13,NaN,NaN,NaN,0,0,1,0,0,10
122,2013,1043,7,NaN,NaN,NaN,0,0,1,1,0,13
122,2013,813,18,NaN,NaN,NaN,0,0,1,1,0,0
122,2013,907,19,NaN,NaN,NaN,0,0,1,0,0,0
122,2013,534,13,NaN,NaN,NaN,0,0,1,1,0,18
122,2013,803,1,NaN,NaN,NaN,0,0,1,1,0,0
122,2013,80,10,NaN,NaN,NaN,0,0,1,1,0,0
122,2013,545,10,NaN,NaN,NaN,0,0,1,1,0,0
122,2013,1580,15,NaN,NaN,NaN,0,0,1,1,0,0
122,2013,447,3,NaN,NaN,NaN,0,0,1,1,0,5
122,2013,372,17,NaN,NaN,NaN,0,0,1,1,0,2
122,2013,1391,3,NaN,NaN,NaN,0,0,1,1,0,0
122,2013,87,14,NaN,NaN,NaN,0,0,1,1,0,20
122,2013,347,5,NaN,NaN,NaN,0,0,1,0,0,13
122,2013,390,20,NaN,NaN,NaN,0,0,1,1,0,8
122,2013,821,21,NaN,NaN,NaN,0,0,1,1,0,12
122,2013,968,18,NaN,NaN,NaN,0,0,1,1,0,0
122,2013,183,3,NaN,NaN,NaN,0,0,1,0,0,0
122,2013,1441,15,NaN,NaN,NaN,0,0,1,1,0,0
122,2013,134,18,NaN,NaN,NaN,0,0,1,0,0,0
122,2013,1038,13,NaN,NaN,NaN,0,0,1,1,0,0
122,2013,1497,13,NaN,NaN,NaN,0,0,1,1,0,0
122,2013,16,5,NaN,NaN,NaN,0,0,1,1,0,1
122,2013,1003,22,NaN,NaN,NaN,0,0,1,1,0,0
122,2013,767,13,NaN,NaN,NaN,0,0,1,1,0,10
122,2013,247,17,NaN,NaN,NaN,0,0,1,1,0,5
122,2013,1264,22,NaN,NaN,NaN,0,0,1,1,0,17
122,2013,151,17,NaN,NaN,NaN,0,0,1,1,0,0
122,2013,323,4,NaN,NaN,NaN,0,0,1,1,0,22
122,2013,487,22,NaN,NaN,NaN,0,0,1,1,0,0
122,2013,887,5,NaN,NaN,NaN,0,0,1,1,0,9
122,2013,1024,9,NaN,NaN,NaN,0,0,1,1,0,0
122,2013,544,1,NaN,NaN,NaN,0,0,1,1,0,0
122,2013,1268,2,NaN,NaN,NaN,0,0,1,1,0,13
122,2013,1599,19,NaN,NaN,NaN,0,0,1,1,0,21
122,2013,102,6,NaN,NaN,NaN,0,0,1,1,0,0
122,2013,722,9,NaN,NaN,NaN,0,0,1,1,0,0
122,2013,185,8,NaN,NaN,NaN,0,0,1,1,0,14
122,2013,729,22,NaN,NaN,NaN,0,0,1,1,0,12
122,2013,1178,10,NaN,NaN,NaN,0,0,1,0,0,9
122,2013,541,1,NaN,NaN,NaN,0,0,1,1,0,0
122,2013,1439,1,NaN,NaN,NaN,0,0,1,1,0,0
122,2013,607,1,NaN,NaN,NaN,0,0,1,0,0,20
122,2013,554,13,NaN,NaN,NaN,0,0,1,1,0,3
122,2013,67,22,NaN,NaN,NaN,0,0,1,1,0,19
122,2013,1345,14,NaN,NaN,NaN,0,0,1,1,0,20
122,2013,1144,4,NaN,NaN,NaN,0,0,1,1,0,2
122,2013,1368,13,NaN,NaN,NaN,0,0,1,0,0,0
122,2013,276,15,NaN,NaN,NaN,0,0,1,1,0,4
122,2013,1394,4,NaN,NaN,NaN,0,0,1,1,0,18
122,2013,1122,13,NaN,NaN,NaN,0,0,1,1,0,0
122,2013,1124,18,NaN,NaN,NaN,0,0,1,1,0,5
122,2013,427,17,NaN,NaN,NaN,0,0,1,1,0,1
122,2013,1598,14,NaN,NaN,NaN,0,0,1,1,0,15
122,2013,1107,14,NaN,NaN,NaN,0,0,1,0,0,5
122,2013,931,21,NaN,NaN,NaN,0,0,1,1,0,0
122,2013,1584,15,NaN,NaN,NaN,0,0,1,1,0,10
122,2013,174,1,NaN,NaN,NaN,0,0,1,1,0,0
122,2013,1186,18,NaN,NaN,NaN,0,0,1,0,0,11
122,2013,1199,22,NaN,NaN,NaN,0,0,1,1,0,0
122,2013,922,7,NaN,NaN,NaN,0,0,1,1,0,1
122,2013,233,11,NaN,NaN,NaN,0,0,1,1,0,18
122,2013,1535,15,NaN,NaN,NaN,0,0,1,1,0,0
122,2013,625,3,NaN,NaN,NaN,0,0,1,1,0,20
122,2013,763,13,NaN,NaN,NaN,0,0,1,1,0,1
122,2013,671,1,NaN,NaN,NaN,0,0,1,1,0,12
122,2013,255,16,NaN,NaN,NaN,0,0,1,1,0,0
122,2013,27,7,NaN,NaN,NaN,0,0,1,1,0,15
122,2013,1021,7,NaN,NaN,NaN,0,0,1,1,0,0
122,2013,738,15,NaN,NaN,NaN,0,0,1,0,0,21
122,2013,243,14,NaN,NaN,NaN,0,0,1,1,0,5
122,2013,20,7,NaN,NaN,NaN,0,0,1,1,0,0
122,2013,308,15,NaN,NaN,NaN,0,0,1,0,0,3
122,2013,1169,5,NaN,NaN,NaN,0,0,1,1,0,0
122,2013,410,6,NaN,NaN,NaN,0,0,1,1,0,0
122,2013,376,8,NaN,NaN,NaN,0,0,1,1,0,0
122,2013,1305,17,NaN,NaN,NaN,0,0,1,1,0,13
122,2013,568,12,NaN,NaN,NaN,0,0,1,0,0,2
122,2013,245,5,NaN,NaN,NaN,0,0,1,1,0,0
122,2013,800,14,NaN,NaN,NaN,0,0,1,1,0,3
122,2013,634,18,NaN,NaN,NaN,0,0,1,1,0,0
122,2013,272,11,NaN,NaN,NaN,0,0,1,1,0,4
122,2013,106,7,NaN,NaN,NaN,0,0,1,1,0,0
122,2013,1457,3,NaN,NaN,NaN,0,0,1,1,0,11
122,2013,745,21,NaN,NaN,NaN,0,0,1,1,0,0
122,2013,1034,1,NaN,NaN,NaN,0,0,1,1,0,22
123,2013,16,1,NaN,NaN,NaN,0,0,1,1,0,0
123,2013,1368,13,NaN,NaN,NaN,0,0,1,0,0,5
123,2013,545,10,NaN,NaN,NaN,0,0,1,1,0,6
123,2013,255,16,NaN,NaN,NaN,0,0,1,1,0,0
123,2013,1227,13,NaN,NaN,NaN,0,0,1,1,0,0
123,2013,745,21,NaN,NaN,NaN,0,0,1,1,0,1
123,2013,634,18,NaN,NaN,NaN,0,0,1,1,0,0
123,2013,568,2,NaN,NaN,NaN,0,0,1,0,0,6
123,2013,1186,11,NaN,NaN,NaN,0,0,1,0,0,18
123,2013,245,5,NaN,NaN,NaN,0,0,1,1,0,0
123,2013,1178,9,NaN,NaN,NaN,0,0,1,0,0,17
123,2013,183,3,NaN,NaN,NaN,0,0,1,0,0,17
123,2013,931,21,NaN,NaN,NaN,0,0,1,1,0,16
123,2013,106,7,NaN,NaN,NaN,0,0,1,1,0,0
123,2013,102,6,NaN,NaN,NaN,0,0,1,1,0,5
123,2013,1003,22,NaN,NaN,NaN,0,0,1,1,0,18
123,2013,1144,2,NaN,NaN,NaN,0,0,1,1,0,0
123,2013,1268,13,NaN,NaN,NaN,0,0,1,1,0,8
123,2013,1599,21,NaN,NaN,NaN,0,0,1,1,0,13
123,2013,1580,15,NaN,NaN,NaN,0,0,1,1,0,10
123,2013,1457,11,NaN,NaN,NaN,0,0,1,1,0,7
123,2013,1038,13,NaN,NaN,NaN,0,0,1,1,0,0
123,2013,1024,9,NaN,NaN,NaN,0,0,1,1,0,0
123,2013,1394,18,NaN,NaN,NaN,0,0,1,1,0,1
123,2013,372,2,NaN,NaN,NaN,0,0,1,1,0,12
123,2013,1034,22,NaN,NaN,NaN,0,0,1,1,0,4
123,2013,1043,13,NaN,NaN,NaN,0,0,1,1,0,0
123,2013,1264,17,NaN,NaN,NaN,0,0,1,1,0,0
123,2013,87,20,NaN,NaN,NaN,0,0,1,1,0,0
123,2013,554,3,NaN,NaN,NaN,0,0,1,1,0,7
123,2013,1584,10,NaN,NaN,NaN,0,0,1,1,0,0
123,2013,887,9,NaN,NaN,NaN,0,0,1,1,0,0
123,2013,625,20,NaN,NaN,NaN,0,0,1,1,0,1
123,2013,968,18,NaN,NaN,NaN,0,0,1,1,0,0
123,2013,1497,13,NaN,NaN,NaN,0,0,1,1,0,0
123,2013,1598,15,NaN,NaN,NaN,0,0,1,1,0,0
123,2013,174,1,NaN,NaN,NaN,0,0,1,1,0,0
123,2013,534,18,NaN,NaN,NaN,0,0,1,1,0,0
123,2013,544,1,NaN,NaN,NaN,0,0,1,1,0,0
123,2013,390,8,NaN,NaN,NaN,0,0,1,1,0,14
123,2013,487,22,NaN,NaN,NaN,0,0,1,1,0,9
123,2013,1465,21,NaN,NaN,NaN,0,0,1,1,0,0
123,2013,427,1,NaN,NaN,NaN,0,0,1,1,0,3
123,2013,803,1,NaN,NaN,NaN,0,0,1,1,0,0
123,2013,1169,5,NaN,NaN,NaN,0,0,1,1,0,0
123,2013,738,21,NaN,NaN,NaN,0,0,1,0,0,0
123,2013,276,4,NaN,NaN,NaN,0,0,1,1,0,5
123,2013,722,9,NaN,NaN,NaN,0,0,1,1,0,12
123,2013,233,18,NaN,NaN,NaN,0,0,1,1,0,5
123,2013,1215,2,NaN,NaN,NaN,0,0,1,0,0,0
123,2013,767,10,NaN,NaN,NaN,0,0,1,1,0,7
123,2013,185,14,NaN,NaN,NaN,0,0,1,1,0,13
123,2013,1196,17,NaN,NaN,NaN,0,0,1,1,0,11
123,2013,80,10,NaN,NaN,NaN,0,0,1,1,0,0
123,2013,247,5,NaN,NaN,NaN,0,0,1,1,0,0
123,2013,1345,20,NaN,NaN,NaN,0,0,1,1,0,14
123,2013,20,7,NaN,NaN,NaN,0,0,1,1,0,0
123,2013,1305,13,NaN,NaN,NaN,0,0,1,1,0,20
123,2013,347,13,NaN,NaN,NaN,0,0,1,0,0,0
123,2013,1441,15,NaN,NaN,NaN,0,0,1,1,0,0
123,2013,410,6,NaN,NaN,NaN,0,0,1,1,0,13
123,2013,607,20,NaN,NaN,NaN,0,0,1,0,0,14
123,2013,27,15,NaN,NaN,NaN,0,0,1,1,0,5
123,2013,1391,3,NaN,NaN,NaN,0,0,1,1,0,0
123,2013,447,5,NaN,NaN,NaN,0,0,1,1,0,0
123,2013,44,5,NaN,NaN,NaN,0,0,1,1,0,0
123,2013,729,12,NaN,NaN,NaN,0,0,1,1,0,18
123,2013,272,4,NaN,NaN,NaN,0,0,1,1,0,0
123,2013,243,5,NaN,NaN,NaN,0,0,1,1,0,21
123,2013,134,18,NaN,NaN,NaN,0,0,1,0,0,9
123,2013,1439,1,NaN,NaN,NaN,0,0,1,1,0,0
123,2013,813,18,NaN,NaN,NaN,0,0,1,1,0,1
123,2013,541,1,NaN,NaN,NaN,0,0,1,1,0,18
123,2013,1199,22,NaN,NaN,NaN,0,0,1,1,0,16
123,2013,151,17,NaN,NaN,NaN,0,0,1,1,0,0
123,2013,907,19,NaN,NaN,NaN,0,0,1,0,0,0
123,2013,671,12,NaN,NaN,NaN,0,0,1,1,0,13
123,2013,1130,10,NaN,NaN,NaN,0,0,1,0,0,0
123,2013,323,22,NaN,NaN,NaN,0,0,1,1,0,1
123,2013,308,3,NaN,NaN,NaN,0,0,1,0,0,0
123,2013,1124,5,NaN,NaN,NaN,0,0,1,1,0,16
123,2013,1535,15,NaN,NaN,NaN,0,0,1,1,0,22
123,2013,763,1,NaN,NaN,NaN,0,0,1,1,0,0
123,2013,922,1,NaN,NaN,NaN,0,0,1,1,0,4
123,2013,376,8,NaN,NaN,NaN,0,0,1,1,0,0
123,2013,1122,13,NaN,NaN,NaN,0,0,1,1,0,0
123,2013,1107,5,NaN,NaN,NaN,0,0,1,0,0,0
123,2013,821,12,NaN,NaN,NaN,0,0,1,1,0,4
123,2013,800,3,NaN,NaN,NaN,0,0,1,1,0,17
123,2013,47,15,NaN,NaN,NaN,0,0,1,1,0,14
123,2013,1021,7,NaN,NaN,NaN,0,0,1,1,0,2
123,2013,67,19,NaN,NaN,NaN,0,0,1,1,0,17
124,2013,1457,7,NaN,NaN,NaN,0,0,1,1,0,12
124,2013,245,5,NaN,NaN,NaN,0,0,1,1,0,21
124,2013,1169,5,NaN,NaN,NaN,0,0,1,1,0,0
124,2013,568,6,NaN,NaN,NaN,0,0,1,0,0,0
124,2013,1345,14,NaN,NaN,NaN,0,0,1,1,0,0
124,2013,16,1,NaN,NaN,NaN,0,0,1,1,0,17
124,2013,534,18,NaN,NaN,NaN,0,0,1,1,0,0
124,2013,671,13,NaN,NaN,NaN,0,0,1,1,0,0
124,2013,106,7,NaN,NaN,NaN,0,0,1,1,0,0
124,2013,1368,5,NaN,NaN,NaN,0,0,1,0,0,13
124,2013,134,9,NaN,NaN,NaN,0,0,1,0,0,0
124,2013,487,9,NaN,NaN,NaN,0,0,1,1,0,19
124,2013,247,5,NaN,NaN,NaN,0,0,1,1,0,17
124,2013,174,1,NaN,NaN,NaN,0,0,1,1,0,0
124,2013,545,6,NaN,NaN,NaN,0,0,1,1,0,0
124,2013,1034,4,NaN,NaN,NaN,0,0,1,1,0,0
124,2013,243,21,NaN,NaN,NaN,0,0,1,1,0,11
124,2013,544,1,NaN,NaN,NaN,0,0,1,1,0,0
124,2013,625,1,NaN,NaN,NaN,0,0,1,1,0,7
124,2013,1535,22,NaN,NaN,NaN,0,0,1,1,0,3
124,2013,922,4,NaN,NaN,NaN,0,0,1,1,0,11
124,2013,80,10,NaN,NaN,NaN,0,0,1,1,0,11
124,2013,634,18,NaN,NaN,NaN,0,0,1,1,0,0
124,2013,447,5,NaN,NaN,NaN,0,0,1,1,0,3
124,2013,1264,17,NaN,NaN,NaN,0,0,1,1,0,18
124,2013,1580,10,NaN,NaN,NaN,0,0,1,1,0,0
124,2013,1196,11,NaN,NaN,NaN,0,0,1,1,0,0
124,2013,1144,2,NaN,NaN,NaN,0,0,1,1,0,0
124,2013,1227,13,NaN,NaN,NaN,0,0,1,1,0,20
124,2013,763,1,NaN,NaN,NaN,0,0,1,1,0,12
124,2013,767,7,NaN,NaN,NaN,0,0,1,1,0,3
124,2013,813,1,NaN,NaN,NaN,0,0,1,1,0,18
124,2013,1124,16,NaN,NaN,NaN,0,0,1,1,0,5
124,2013,803,1,NaN,NaN,NaN,0,0,1,1,0,0
124,2013,1199,16,NaN,NaN,NaN,0,0,1,1,0,0
124,2013,376,8,NaN,NaN,NaN,0,0,1,1,0,0
124,2013,1599,13,NaN,NaN,NaN,0,0,1,1,0,8
124,2013,1439,1,NaN,NaN,NaN,0,0,1,1,0,16
124,2013,102,5,NaN,NaN,NaN,0,0,1,1,0,1
124,2013,1024,9,NaN,NaN,NaN,0,0,1,1,0,21
124,2013,968,18,NaN,NaN,NaN,0,0,1,1,0,12
124,2013,1038,13,NaN,NaN,NaN,0,0,1,1,0,0
124,2013,1598,15,NaN,NaN,NaN,0,0,1,1,0,0
124,2013,87,20,NaN,NaN,NaN,0,0,1,1,0,10
124,2013,1441,15,NaN,NaN,NaN,0,0,1,1,0,0
124,2013,738,21,NaN,NaN,NaN,0,0,1,0,0,0
124,2013,554,7,NaN,NaN,NaN,0,0,1,1,0,12
124,2013,27,5,NaN,NaN,NaN,0,0,1,1,0,19
124,2013,272,4,NaN,NaN,NaN,0,0,1,1,0,0
124,2013,390,14,NaN,NaN,NaN,0,0,1,1,0,22
124,2013,931,16,NaN,NaN,NaN,0,0,1,1,0,13
124,2013,1584,10,NaN,NaN,NaN,0,0,1,1,0,0
124,2013,255,16,NaN,NaN,NaN,0,0,1,1,0,0
124,2013,907,19,NaN,NaN,NaN,0,0,1,0,0,22
124,2013,1186,18,NaN,NaN,NaN,0,0,1,0,0,0
124,2013,1043,13,NaN,NaN,NaN,0,0,1,1,0,0
124,2013,821,4,NaN,NaN,NaN,0,0,1,1,0,2
124,2013,1178,17,NaN,NaN,NaN,0,0,1,0,0,0
124,2013,1268,8,NaN,NaN,NaN,0,0,1,1,0,13
124,2013,1107,5,NaN,NaN,NaN,0,0,1,0,0,0
124,2013,1215,2,NaN,NaN,NaN,0,0,1,0,0,19
124,2013,323,1,NaN,NaN,NaN,0,0,1,1,0,15
124,2013,233,5,NaN,NaN,NaN,0,0,1,1,0,21
124,2013,1122,13,NaN,NaN,NaN,0,0,1,1,0,0
124,2013,745,1,NaN,NaN,NaN,0,0,1,1,0,8
124,2013,1130,10,NaN,NaN,NaN,0,0,1,0,0,0
124,2013,427,3,NaN,NaN,NaN,0,0,1,1,0,0
124,2013,887,9,NaN,NaN,NaN,0,0,1,1,0,0
124,2013,67,17,NaN,NaN,NaN,0,0,1,1,0,7
124,2013,44,5,NaN,NaN,NaN,0,0,1,1,0,0
124,2013,410,13,NaN,NaN,NaN,0,0,1,1,0,0
124,2013,722,12,NaN,NaN,NaN,0,0,1,1,0,13
124,2013,1391,3,NaN,NaN,NaN,0,0,1,1,0,21
124,2013,276,5,NaN,NaN,NaN,0,0,1,1,0,0
124,2013,1497,13,NaN,NaN,NaN,0,0,1,1,0,0
124,2013,347,13,NaN,NaN,NaN,0,0,1,0,0,0
124,2013,800,17,NaN,NaN,NaN,0,0,1,1,0,0
124,2013,1021,2,NaN,NaN,NaN,0,0,1,1,0,7
124,2013,1305,20,NaN,NaN,NaN,0,0,1,1,0,6
124,2013,541,18,NaN,NaN,NaN,0,0,1,1,0,1
124,2013,183,17,NaN,NaN,NaN,0,0,1,0,0,0
124,2013,729,18,NaN,NaN,NaN,0,0,1,1,0,1
124,2013,151,17,NaN,NaN,NaN,0,0,1,1,0,22
124,2013,1003,18,NaN,NaN,NaN,0,0,1,1,0,0
124,2013,607,14,NaN,NaN,NaN,0,0,1,0,0,11
124,2013,1394,1,NaN,NaN,NaN,0,0,1,1,0,19
124,2013,1465,21,NaN,NaN,NaN,0,0,1,1,0,0
124,2013,47,14,NaN,NaN,NaN,0,0,1,1,0,0
124,2013,20,7,NaN,NaN,NaN,0,0,1,1,0,16
124,2013,372,12,NaN,NaN,NaN,0,0,1,1,0,0
125,2013,1599,8,NaN,NaN,NaN,0,0,1,1,0,13
125,2013,634,18,NaN,NaN,NaN,0,0,1,1,0,0
125,2013,80,11,NaN,NaN,NaN,0,0,1,1,0,0
125,2013,607,11,NaN,NaN,NaN,0,0,1,1,0,0
125,2013,390,22,NaN,NaN,NaN,0,1.4822892818644,1,1,1,12
125,2013,255,16,NaN,NaN,NaN,0,0,1,1,0,6
125,2013,44,5,NaN,NaN,NaN,0,0,1,1,0,0
125,2013,243,11,NaN,NaN,NaN,0,0,1,1,0,9
125,2013,1441,15,NaN,NaN,NaN,0,0,1,1,0,0
125,2013,151,22,NaN,NaN,NaN,0,0,1,1,0,0
125,2013,1043,13,NaN,NaN,NaN,0,0,1,1,0,0
125,2013,1457,12,NaN,NaN,NaN,0,0,1,1,0,1
125,2013,347,13,NaN,NaN,NaN,0,5.87909539307886,1,1,1,14
125,2013,174,1,NaN,NaN,NaN,0,0,1,1,0,0
125,2013,1268,13,NaN,NaN,NaN,0,0,1,1,0,17
125,2013,1122,13,NaN,NaN,NaN,0,0,1,1,0,0
125,2013,1034,4,NaN,NaN,NaN,0,0,1,1,0,13
125,2013,800,17,NaN,NaN,NaN,0,1.74311905934189,1,1,1,9
125,2013,544,1,NaN,NaN,NaN,0,0,1,1,0,0
125,2013,1178,17,NaN,NaN,NaN,0,7.74401675495848,1,1,1,22
125,2013,745,8,NaN,NaN,NaN,0,0,1,1,0,19
125,2013,372,12,NaN,NaN,NaN,0,0,1,1,0,1
125,2013,541,1,NaN,NaN,NaN,0,0,1,1,0,0
125,2013,534,18,NaN,NaN,NaN,0,0,1,1,0,8
125,2013,410,13,NaN,NaN,NaN,0,0,1,1,0,0
125,2013,1305,6,NaN,NaN,NaN,0,0,1,1,0,0
125,2013,1497,13,NaN,NaN,NaN,0,0,1,1,0,18
125,2013,767,3,NaN,NaN,NaN,0,0,1,1,0,10
125,2013,763,12,NaN,NaN,NaN,0,0,1,1,0,1
125,2013,931,13,NaN,NaN,NaN,0,0,1,1,0,0
125,2013,27,19,NaN,NaN,NaN,0,0,1,1,0,0
125,2013,1345,14,NaN,NaN,NaN,0,0,1,1,0,0
125,2013,1465,21,NaN,NaN,NaN,0,0,1,1,0,0
125,2013,968,12,NaN,NaN,NaN,0,0,1,1,0,0
125,2013,16,17,NaN,NaN,NaN,0,0,1,1,0,5
125,2013,722,13,NaN,NaN,NaN,0,0,1,1,0,0
125,2013,1215,19,NaN,NaN,NaN,0,3.75990731924407,1,1,1,2
125,2013,233,21,NaN,NaN,NaN,0,0,1,1,0,5
125,2013,376,8,NaN,NaN,NaN,0,0,1,1,0,0
125,2013,803,1,NaN,NaN,NaN,0,0,1,1,0,0
125,2013,1535,3,NaN,NaN,NaN,0,0,1,1,0,12
125,2013,545,6,NaN,NaN,NaN,0,0,1,1,0,13
125,2013,427,3,NaN,NaN,NaN,0,0,1,1,0,0
125,2013,20,16,NaN,NaN,NaN,0,0,1,1,0,13
125,2013,87,10,NaN,NaN,NaN,0,0,1,1,0,0
125,2013,134,9,NaN,NaN,NaN,0,6.10880836417356,1,1,1,8
125,2013,1003,18,NaN,NaN,NaN,0,0,1,1,0,20
125,2013,1368,13,NaN,NaN,NaN,0,7.46046511227275,1,1,1,21
125,2013,1394,19,NaN,NaN,NaN,0,0,1,1,0,17
125,2013,183,17,NaN,NaN,NaN,0,6.31338988314383,1,1,1,1
125,2013,813,18,NaN,NaN,NaN,0,1.56147516687946,1,1,1,1
125,2013,671,13,NaN,NaN,NaN,0,0,1,1,0,14
125,2013,1584,10,NaN,NaN,NaN,0,0,1,1,0,0
125,2013,47,14,NaN,NaN,NaN,0,0,1,1,0,4
125,2013,447,3,NaN,NaN,NaN,0,1.44905897631328,1,1,1,6
125,2013,907,22,NaN,NaN,NaN,0,7.90240867984405,1,1,1,18
125,2013,1107,5,NaN,NaN,NaN,0,3.42206057186659,1,1,1,11
125,2013,1196,11,NaN,NaN,NaN,0,0,1,1,0,0
125,2013,1439,16,NaN,NaN,NaN,0,0,1,1,0,0
125,2013,102,1,NaN,NaN,NaN,0,0,1,1,0,11
125,2013,887,9,NaN,NaN,NaN,0,0,1,1,0,17
125,2013,1130,10,NaN,NaN,NaN,0,4.66960492798958,1,1,1,13
125,2013,272,4,NaN,NaN,NaN,0,0,1,1,0,20
125,2013,247,17,NaN,NaN,NaN,0,0,1,1,0,0
125,2013,729,1,NaN,NaN,NaN,0,0,1,1,0,18
125,2013,487,19,NaN,NaN,NaN,0,0,1,1,0,13
125,2013,1124,5,NaN,NaN,NaN,0,0,1,1,0,0
125,2013,1144,2,NaN,NaN,NaN,0,5.99586331918839,1,1,1,1
125,2013,1169,5,NaN,NaN,NaN,0,0,1,1,0,13
125,2013,625,7,NaN,NaN,NaN,0,0,1,1,0,0
125,2013,1598,15,NaN,NaN,NaN,0,0,1,1,0,11
125,2013,568,6,NaN,NaN,NaN,0,3.6676830838969,1,1,1,18
125,2013,1391,21,NaN,NaN,NaN,0,0,1,1,0,0
125,2013,554,12,NaN,NaN,NaN,0,0,1,1,0,21
125,2013,738,21,NaN,NaN,NaN,0,2.84926704430812,1,1,1,9
125,2013,1024,21,NaN,NaN,NaN,0,0,1,1,0,0
125,2013,1199,16,NaN,NaN,NaN,0,0,1,1,0,5
125,2013,821,2,NaN,NaN,NaN,0,0,1,1,0,8
125,2013,1021,7,NaN,NaN,NaN,0,0,1,1,0,0
125,2013,922,11,NaN,NaN,NaN,0,0,1,1,0,21
125,2013,245,21,NaN,NaN,NaN,0,0,1,1,0,19
125,2013,106,7,NaN,NaN,NaN,0,0,1,1,0,0
125,2013,1227,20,NaN,NaN,NaN,0,0,1,1,0,12
125,2013,1186,18,NaN,NaN,NaN,0,4.4829041296999,1,1,1,21
125,2013,1264,18,NaN,NaN,NaN,0,0,1,1,0,21
125,2013,323,15,NaN,NaN,NaN,0,0,1,1,0,3
125,2013,67,7,NaN,NaN,NaN,0,3.26732587403715,1,1,1,12
125,2013,276,5,NaN,NaN,NaN,0,0,1,1,0,14
125,2013,1038,13,NaN,NaN,NaN,0,0,1,1,0,0
126,2014,803,1,NaN,NaN,NaN,0,0,1,1,0,0
126,2014,87,10,NaN,NaN,NaN,0,0,1,1,0,13
126,2014,1043,13,NaN,NaN,NaN,0,0,1,1,0,0
126,2014,763,1,NaN,NaN,NaN,0,0,1,1,0,14
126,2014,1021,7,NaN,NaN,NaN,0,0,1,1,0,0
126,2014,47,4,NaN,NaN,NaN,0,0,1,1,0,18
126,2014,1394,17,NaN,NaN,NaN,0,0,1,1,0,12
126,2014,554,21,NaN,NaN,NaN,0,0,1,1,0,6
126,2014,1457,1,NaN,NaN,NaN,0,0,1,1,0,0
126,2014,247,17,NaN,NaN,NaN,0,0,1,1,0,9
126,2014,390,12,NaN,NaN,NaN,0,0,1,0,0,22
126,2014,1169,13,NaN,NaN,NaN,0,0,1,1,0,5
126,2014,1227,12,NaN,NaN,NaN,0,0,1,1,0,18
126,2014,20,13,NaN,NaN,NaN,0,0,1,1,0,5
126,2014,1034,13,NaN,NaN,NaN,0,0,1,1,0,0
126,2014,541,1,NaN,NaN,NaN,0,0,1,1,0,11
126,2014,1186,21,NaN,NaN,NaN,0,0,1,0,0,19
126,2014,16,5,NaN,NaN,NaN,0,0,1,1,0,18
126,2014,1144,1,NaN,NaN,NaN,0,0,1,0,0,2
126,2014,634,18,NaN,NaN,NaN,0,0,1,1,0,12
126,2014,607,11,NaN,NaN,NaN,0,0,1,1,0,9
126,2014,1598,11,NaN,NaN,NaN,0,0,1,1,0,16
126,2014,80,11,NaN,NaN,NaN,0,0,1,1,0,3
126,2014,487,13,NaN,NaN,NaN,0,0,1,1,0,18
126,2014,233,5,NaN,NaN,NaN,0,0,1,1,0,0
126,2014,767,10,NaN,NaN,NaN,0,0,1,1,0,21
126,2014,544,1,NaN,NaN,NaN,0,0,1,1,0,0
126,2014,245,19,NaN,NaN,NaN,0,0,1,1,0,5
126,2014,323,3,NaN,NaN,NaN,0,0,1,1,0,20
126,2014,106,7,NaN,NaN,NaN,0,0,1,1,0,2
126,2014,427,3,NaN,NaN,NaN,0,0,1,1,0,15
126,2014,729,18,NaN,NaN,NaN,0,0,1,1,0,12
126,2014,102,11,NaN,NaN,NaN,0,0,1,1,0,0
126,2014,1215,2,NaN,NaN,NaN,0,0,1,0,0,0
126,2014,722,13,NaN,NaN,NaN,0,0,1,1,0,0
126,2014,534,8,NaN,NaN,NaN,0,0,1,1,0,12
126,2014,174,1,NaN,NaN,NaN,0,0,1,1,0,0
126,2014,1497,18,NaN,NaN,NaN,0,0,1,1,0,21
126,2014,243,9,NaN,NaN,NaN,0,0,1,1,0,0
126,2014,1345,14,NaN,NaN,NaN,0,0,1,1,0,5
126,2014,671,14,NaN,NaN,NaN,0,0,1,1,0,12
126,2014,625,7,NaN,NaN,NaN,0,0,1,1,0,15
126,2014,907,18,NaN,NaN,NaN,0,0,1,0,0,11
126,2014,1368,21,NaN,NaN,NaN,0,0,1,0,0,13
126,2014,545,13,NaN,NaN,NaN,0,0,1,1,0,1
126,2014,738,9,NaN,NaN,NaN,0,0,1,0,0,21
126,2014,447,6,NaN,NaN,NaN,0,0,1,0,0,3
126,2014,272,20,NaN,NaN,NaN,0,0,1,1,0,9
126,2014,1391,21,NaN,NaN,NaN,0,0,1,1,0,3
126,2014,1024,21,NaN,NaN,NaN,0,0,1,1,0,16
126,2014,1178,22,NaN,NaN,NaN,0,0,1,0,0,14
126,2014,1584,10,NaN,NaN,NaN,0,0,1,1,0,0
126,2014,44,5,NaN,NaN,NaN,0,0,1,1,0,0
126,2014,931,13,NaN,NaN,NaN,0,0,1,1,0,18
126,2014,410,13,NaN,NaN,NaN,0,0,1,1,0,0
126,2014,276,14,NaN,NaN,NaN,0,0,1,1,0,3
126,2014,1038,13,NaN,NaN,NaN,0,0,1,1,0,8
126,2014,372,1,NaN,NaN,NaN,0,0,1,1,0,0
126,2014,1130,13,NaN,NaN,NaN,0,0,1,0,0,7
126,2014,745,19,NaN,NaN,NaN,0,0,1,1,0,1
126,2014,800,9,NaN,NaN,NaN,0,0,1,0,0,0
126,2014,813,1,NaN,NaN,NaN,0,0,1,0,0,18
126,2014,347,14,NaN,NaN,NaN,0,0,1,0,0,13
126,2014,1599,13,NaN,NaN,NaN,0,0,1,1,0,15
126,2014,67,12,NaN,NaN,NaN,0,0,1,0,0,0
126,2014,1441,15,NaN,NaN,NaN,0,0,1,1,0,0
126,2014,968,12,NaN,NaN,NaN,0,0,1,1,0,18
126,2014,255,6,NaN,NaN,NaN,0,0,1,1,0,16
126,2014,1305,6,NaN,NaN,NaN,0,0,1,1,0,11
126,2014,1268,17,NaN,NaN,NaN,0,0,1,1,0,8
126,2014,922,21,NaN,NaN,NaN,0,0,1,1,0,11
126,2014,183,1,NaN,NaN,NaN,0,0,1,0,0,0
126,2014,376,8,NaN,NaN,NaN,0,0,1,1,0,4
126,2014,1124,5,NaN,NaN,NaN,0,0,1,1,0,0
126,2014,821,8,NaN,NaN,NaN,0,0,1,1,0,11
126,2014,1199,5,NaN,NaN,NaN,0,0,1,1,0,0
126,2014,1535,12,NaN,NaN,NaN,0,0,1,1,0,11
126,2014,568,18,NaN,NaN,NaN,0,0,1,0,0,15
126,2014,1122,13,NaN,NaN,NaN,0,0,1,1,0,0
126,2014,1196,11,NaN,NaN,NaN,0,0,1,1,0,0
126,2014,151,22,NaN,NaN,NaN,0,0,1,1,0,17
126,2014,1439,16,NaN,NaN,NaN,0,0,1,1,0,0
126,2014,887,17,NaN,NaN,NaN,0,0,1,1,0,8
126,2014,1107,11,NaN,NaN,NaN,0,0,1,0,0,5
126,2014,1465,21,NaN,NaN,NaN,0,0,1,1,0,0
126,2014,1003,20,NaN,NaN,NaN,0,0,1,1,0,0
126,2014,27,19,NaN,NaN,NaN,0,0,1,1,0,11
127,2014,376,4,NaN,NaN,NaN,0,0,1,1,0,12
127,2014,544,1,NaN,NaN,NaN,0,0,1,1,0,0
127,2014,931,18,NaN,NaN,NaN,0,0,1,1,0,7
127,2014,1598,16,NaN,NaN,NaN,0,0,1,1,0,15
127,2014,151,17,NaN,NaN,NaN,0,0,1,1,0,0
127,2014,1215,2,NaN,NaN,NaN,0,0,1,0,0,0
127,2014,1199,5,NaN,NaN,NaN,0,0,1,1,0,2
127,2014,968,18,NaN,NaN,NaN,0,0,1,1,0,1
127,2014,745,1,NaN,NaN,NaN,0,0,1,1,0,0
127,2014,427,15,NaN,NaN,NaN,0,0,1,1,0,9
127,2014,1268,8,NaN,NaN,NaN,0,0,1,1,0,0
127,2014,1584,10,NaN,NaN,NaN,0,0,1,1,0,0
127,2014,1130,7,NaN,NaN,NaN,0,0,1,0,0,16
127,2014,1124,5,NaN,NaN,NaN,0,0,1,1,0,15
127,2014,1178,14,NaN,NaN,NaN,0,0,1,0,0,17
127,2014,729,12,NaN,NaN,NaN,0,0,1,1,0,11
127,2014,671,12,NaN,NaN,NaN,0,0,1,1,0,4
127,2014,247,9,NaN,NaN,NaN,0,0,1,1,0,18
127,2014,1169,5,NaN,NaN,NaN,0,0,1,1,0,11
127,2014,372,1,NaN,NaN,NaN,0,0,1,1,0,0
127,2014,1021,7,NaN,NaN,NaN,0,0,1,1,0,22
127,2014,534,12,NaN,NaN,NaN,0,0,1,1,0,18
127,2014,87,13,NaN,NaN,NaN,0,0,1,1,0,10
127,2014,554,6,NaN,NaN,NaN,0,0,1,1,0,17
127,2014,16,18,NaN,NaN,NaN,0,0,1,1,0,21
127,2014,1107,5,NaN,NaN,NaN,0,0,1,0,0,0
127,2014,106,2,NaN,NaN,NaN,0,0,1,1,0,17
127,2014,1535,11,NaN,NaN,NaN,0,0,1,1,0,0
127,2014,1196,11,NaN,NaN,NaN,0,0,1,1,0,9
127,2014,80,3,NaN,NaN,NaN,0,0,1,1,0,0
127,2014,410,13,NaN,NaN,NaN,0,0,1,1,0,15
127,2014,20,5,NaN,NaN,NaN,0,0,1,1,0,12
127,2014,625,15,NaN,NaN,NaN,0,0,1,1,0,22
127,2014,1227,18,NaN,NaN,NaN,0,0,1,1,0,17
127,2014,27,11,NaN,NaN,NaN,0,0,1,1,0,12
127,2014,541,11,NaN,NaN,NaN,0,0,1,1,0,18
127,2014,803,1,NaN,NaN,NaN,0,0,1,1,0,0
127,2014,44,5,NaN,NaN,NaN,0,0,1,1,0,0
127,2014,907,11,NaN,NaN,NaN,0,0,1,0,0,0
127,2014,813,18,NaN,NaN,NaN,0,0,1,0,0,0
127,2014,1003,20,NaN,NaN,NaN,0,0,1,1,0,18
127,2014,276,3,NaN,NaN,NaN,0,0,1,1,0,12
127,2014,568,15,NaN,NaN,NaN,0,0,1,0,0,18
127,2014,1497,21,NaN,NaN,NaN,0,0,1,1,0,20
127,2014,1122,13,NaN,NaN,NaN,0,0,1,1,0,0
127,2014,1465,21,NaN,NaN,NaN,0,0,1,1,0,0
127,2014,1394,12,NaN,NaN,NaN,0,0,1,1,0,0
127,2014,1368,13,NaN,NaN,NaN,0,0,1,0,0,0
127,2014,634,12,NaN,NaN,NaN,0,0,1,1,0,0
127,2014,233,5,NaN,NaN,NaN,0,0,1,1,0,0
127,2014,607,9,NaN,NaN,NaN,0,0,1,1,0,6
127,2014,67,12,NaN,NaN,NaN,0,0,1,0,0,2
127,2014,722,13,NaN,NaN,NaN,0,0,1,1,0,16
127,2014,1038,8,NaN,NaN,NaN,0,0,1,1,0,0
127,2014,1599,15,NaN,NaN,NaN,0,0,1,1,0,9
127,2014,1186,19,NaN,NaN,NaN,0,0,1,0,0,5
127,2014,1441,15,NaN,NaN,NaN,0,0,1,1,0,0
127,2014,887,8,NaN,NaN,NaN,0,0,1,1,0,0
127,2014,763,14,NaN,NaN,NaN,0,0,1,1,0,1
127,2014,390,22,NaN,NaN,NaN,0,0,1,0,0,4
127,2014,1305,11,NaN,NaN,NaN,0,0,1,1,0,5
127,2014,821,11,NaN,NaN,NaN,0,0,1,1,0,0
127,2014,1345,5,NaN,NaN,NaN,0,0,1,1,0,13
127,2014,1391,3,NaN,NaN,NaN,0,0,1,1,0,0
127,2014,47,18,NaN,NaN,NaN,0,0,1,1,0,19
127,2014,183,1,NaN,NaN,NaN,0,0,1,0,0,7
127,2014,1144,2,NaN,NaN,NaN,0,0,1,0,0,21
127,2014,767,21,NaN,NaN,NaN,0,0,1,1,0,16
127,2014,243,9,NaN,NaN,NaN,0,0,1,1,0,21
127,2014,347,13,NaN,NaN,NaN,0,0,1,0,0,0
127,2014,102,11,NaN,NaN,NaN,0,0,1,1,0,6
127,2014,272,9,NaN,NaN,NaN,0,0,1,1,0,0
127,2014,487,18,NaN,NaN,NaN,0,0,1,1,0,0
127,2014,447,3,NaN,NaN,NaN,0,0,1,0,0,0
127,2014,255,16,NaN,NaN,NaN,0,0,1,1,0,0
127,2014,1024,16,NaN,NaN,NaN,0,0,1,1,0,21
127,2014,1439,16,NaN,NaN,NaN,0,0,1,1,0,0
127,2014,323,20,NaN,NaN,NaN,0,0,1,1,0,0
127,2014,800,9,NaN,NaN,NaN,0,0,1,0,0,0
127,2014,174,1,NaN,NaN,NaN,0,0,1,1,0,0
127,2014,1457,1,NaN,NaN,NaN,0,0,1,1,0,5
127,2014,922,11,NaN,NaN,NaN,0,0,1,1,0,1
127,2014,1043,13,NaN,NaN,NaN,0,0,1,1,0,0
127,2014,1034,13,NaN,NaN,NaN,0,0,1,1,0,18
127,2014,545,1,NaN,NaN,NaN,0,0,1,1,0,10
127,2014,738,21,NaN,NaN,NaN,0,0,1,0,0,0
128,2014,1227,17,NaN,NaN,NaN,0,0,1,1,0,21
128,2014,1439,16,NaN,NaN,NaN,0,0,1,1,0,0
128,2014,634,12,NaN,NaN,NaN,0,0,1,1,0,0
128,2014,1199,2,NaN,NaN,NaN,0,0,1,1,0,16
128,2014,233,5,NaN,NaN,NaN,0,0,1,1,0,0
128,2014,1038,8,NaN,NaN,NaN,0,0,1,1,0,21
128,2014,1144,21,NaN,NaN,NaN,0,0,1,0,0,0
128,2014,1391,3,NaN,NaN,NaN,0,0,1,1,0,16
128,2014,16,21,NaN,NaN,NaN,0,0,1,1,0,1
128,2014,1178,17,NaN,NaN,NaN,0,0,1,0,0,0
128,2014,1169,11,NaN,NaN,NaN,0,0,1,1,0,13
128,2014,1535,11,NaN,NaN,NaN,0,0,1,1,0,0
128,2014,323,20,NaN,NaN,NaN,0,0,1,1,0,7
128,2014,1003,18,NaN,NaN,NaN,0,0,1,1,0,8
128,2014,183,7,NaN,NaN,NaN,0,0,1,0,0,0
128,2014,729,11,NaN,NaN,NaN,0,0,1,1,0,0
128,2014,1124,15,NaN,NaN,NaN,0,0,1,1,0,0
128,2014,87,10,NaN,NaN,NaN,0,0,1,1,0,17
128,2014,607,6,NaN,NaN,NaN,0,0,1,1,0,21
128,2014,671,4,NaN,NaN,NaN,0,0,1,1,0,3
128,2014,545,10,NaN,NaN,NaN,0,0,1,1,0,0
128,2014,1497,20,NaN,NaN,NaN,0,0,1,1,0,6
128,2014,800,9,NaN,NaN,NaN,0,0,1,0,0,3
128,2014,738,21,NaN,NaN,NaN,0,0,1,0,0,0
128,2014,102,6,NaN,NaN,NaN,0,0,1,1,0,11
128,2014,907,11,NaN,NaN,NaN,0,0,1,0,0,20
128,2014,1345,13,NaN,NaN,NaN,0,0,1,1,0,0
128,2014,390,4,NaN,NaN,NaN,0,0,1,0,0,16
128,2014,1130,16,NaN,NaN,NaN,0,0,1,0,0,22
128,2014,887,8,NaN,NaN,NaN,0,0,1,1,0,0
128,2014,1034,18,NaN,NaN,NaN,0,0,1,1,0,0
128,2014,243,21,NaN,NaN,NaN,0,0,1,1,0,20
128,2014,1584,10,NaN,NaN,NaN,0,0,1,1,0,0
128,2014,1122,13,NaN,NaN,NaN,0,0,1,1,0,0
128,2014,47,19,NaN,NaN,NaN,0,0,1,1,0,16
128,2014,174,1,NaN,NaN,NaN,0,0,1,1,0,0
128,2014,745,1,NaN,NaN,NaN,0,0,1,1,0,0
128,2014,1268,8,NaN,NaN,NaN,0,0,1,1,0,17
128,2014,554,17,NaN,NaN,NaN,0,0,1,1,0,5
128,2014,1024,21,NaN,NaN,NaN,0,0,1,1,0,0
128,2014,27,12,NaN,NaN,NaN,0,0,1,1,0,13
128,2014,151,17,NaN,NaN,NaN,0,0,1,1,0,0
128,2014,1441,15,NaN,NaN,NaN,0,0,1,1,0,0
128,2014,541,18,NaN,NaN,NaN,0,0,1,1,0,11
128,2014,722,16,NaN,NaN,NaN,0,0,1,1,0,0
128,2014,255,16,NaN,NaN,NaN,0,0,1,1,0,0
128,2014,821,11,NaN,NaN,NaN,0,0,1,1,0,0
128,2014,1305,5,NaN,NaN,NaN,0,0,1,1,0,0
128,2014,1107,5,NaN,NaN,NaN,0,0,1,0,0,0
128,2014,80,3,NaN,NaN,NaN,0,0,1,1,0,8
128,2014,1394,12,NaN,NaN,NaN,0,0,1,1,0,13
128,2014,1457,5,NaN,NaN,NaN,0,0,1,1,0,0
128,2014,1196,9,NaN,NaN,NaN,0,0,1,1,0,20
128,2014,625,22,NaN,NaN,NaN,0,0,1,1,0,0
128,2014,813,18,NaN,NaN,NaN,0,0,1,0,0,0
128,2014,767,16,NaN,NaN,NaN,0,0,1,1,0,2
128,2014,803,1,NaN,NaN,NaN,0,0,1,1,0,0
128,2014,931,7,NaN,NaN,NaN,0,0,1,1,0,0
128,2014,763,1,NaN,NaN,NaN,0,0,1,1,0,0
128,2014,272,9,NaN,NaN,NaN,0,0,1,1,0,0
128,2014,372,1,NaN,NaN,NaN,0,0,1,1,0,19
128,2014,67,2,NaN,NaN,NaN,0,0,1,0,0,15
128,2014,1368,13,NaN,NaN,NaN,0,0,1,0,0,0
128,2014,1021,22,NaN,NaN,NaN,0,0,1,1,0,7
128,2014,1599,9,NaN,NaN,NaN,0,0,1,1,0,12
128,2014,922,1,NaN,NaN,NaN,0,0,1,1,0,14
128,2014,1186,5,NaN,NaN,NaN,0,0,1,0,0,14
128,2014,447,3,NaN,NaN,NaN,0,0,1,0,0,0
128,2014,44,5,NaN,NaN,NaN,0,0,1,1,0,0
128,2014,410,15,NaN,NaN,NaN,0,0,1,1,0,0
128,2014,968,1,NaN,NaN,NaN,0,0,1,1,0,12
128,2014,487,18,NaN,NaN,NaN,0,0,1,1,0,1
128,2014,276,12,NaN,NaN,NaN,0,0,1,1,0,13
128,2014,427,9,NaN,NaN,NaN,0,0,1,1,0,0
128,2014,347,13,NaN,NaN,NaN,0,0,1,0,0,0
128,2014,376,12,NaN,NaN,NaN,0,0,1,1,0,11
128,2014,106,17,NaN,NaN,NaN,0,0,1,1,0,15
128,2014,534,18,NaN,NaN,NaN,0,0,1,1,0,0
128,2014,1043,13,NaN,NaN,NaN,0,0,1,1,0,0
128,2014,544,1,NaN,NaN,NaN,0,0,1,1,0,0
128,2014,1598,15,NaN,NaN,NaN,0,0,1,1,0,0
128,2014,247,18,NaN,NaN,NaN,0,0,1,1,0,2
128,2014,20,12,NaN,NaN,NaN,0,0,1,1,0,20
128,2014,568,18,NaN,NaN,NaN,0,0,1,0,0,0
128,2014,1215,2,NaN,NaN,NaN,0,0,1,0,0,0
128,2014,1465,21,NaN,NaN,NaN,0,0,1,1,0,0
129,2014,541,11,NaN,NaN,NaN,0,0,1,1,0,0
129,2014,427,9,NaN,NaN,NaN,0,0,1,1,0,1
129,2014,1043,13,NaN,NaN,NaN,0,0,1,1,0,0
129,2014,80,8,NaN,NaN,NaN,0,0,1,1,0,0
129,2014,44,5,NaN,NaN,NaN,0,0,1,1,0,0
129,2014,625,22,NaN,NaN,NaN,0,0,1,1,0,6
129,2014,729,11,NaN,NaN,NaN,0,0,1,1,0,16
129,2014,272,9,NaN,NaN,NaN,0,0,1,1,0,0
129,2014,87,17,NaN,NaN,NaN,0,1.54516698126296,1,1,1,10
129,2014,20,20,NaN,NaN,NaN,0,0,1,1,0,14
129,2014,1199,16,NaN,NaN,NaN,0,0,1,1,0,2
129,2014,1441,15,NaN,NaN,NaN,0,0,1,1,0,18
129,2014,1439,16,NaN,NaN,NaN,0,0,1,1,0,0
129,2014,568,18,NaN,NaN,NaN,0,0.607384429897939,1,1,0,0
129,2014,1391,16,NaN,NaN,NaN,0,0,1,1,0,4
129,2014,821,11,NaN,NaN,NaN,0,0,1,1,0,22
129,2014,447,3,NaN,NaN,NaN,0,0,1,1,0,5
129,2014,1584,10,NaN,NaN,NaN,0,2.15204913116989,1,1,1,14
129,2014,1227,21,NaN,NaN,NaN,0,0,1,1,0,19
129,2014,1107,5,NaN,NaN,NaN,0,3.4253185548687,1,1,1,7
129,2014,1186,14,NaN,NaN,NaN,0,0,1,1,0,0
129,2014,1130,22,NaN,NaN,NaN,0,4.22940740977058,1,1,1,20
129,2014,410,15,NaN,NaN,NaN,0,0,1,1,0,13
129,2014,276,13,NaN,NaN,NaN,0,0,1,1,0,14
129,2014,922,14,NaN,NaN,NaN,0,0,1,1,0,6
129,2014,1598,15,NaN,NaN,NaN,0,0,1,1,0,21
129,2014,1196,20,NaN,NaN,NaN,0,0,1,1,0,13
129,2014,671,3,NaN,NaN,NaN,0,0,1,1,0,4
129,2014,47,16,NaN,NaN,NaN,0,0,1,1,0,5
129,2014,1268,17,NaN,NaN,NaN,0,0,1,1,0,6
129,2014,931,7,NaN,NaN,NaN,0,0,1,1,0,0
129,2014,545,10,NaN,NaN,NaN,0,0,1,1,0,0
129,2014,16,1,NaN,NaN,NaN,0,0,1,1,0,0
129,2014,67,15,NaN,NaN,NaN,0,0,1,1,0,16
129,2014,1169,13,NaN,NaN,NaN,0,0,1,1,0,11
129,2014,907,20,NaN,NaN,NaN,0,0,1,1,0,0
129,2014,554,5,NaN,NaN,NaN,0,0,1,1,0,8
129,2014,1305,5,NaN,NaN,NaN,0,0,1,1,0,12
129,2014,1122,13,NaN,NaN,NaN,0,0,1,1,0,0
129,2014,255,16,NaN,NaN,NaN,0,0.899633196109217,1,1,1,4
129,2014,151,17,NaN,NaN,NaN,0,4.42352598911698,1,1,1,12
129,2014,1024,21,NaN,NaN,NaN,0,0,1,1,0,0
129,2014,1144,21,NaN,NaN,NaN,0,4.15140402838766,1,1,1,16
129,2014,183,7,NaN,NaN,NaN,0,0,1,1,0,1
129,2014,1178,17,NaN,NaN,NaN,0,0,1,1,0,0
129,2014,487,1,NaN,NaN,NaN,0,0,1,1,0,0
129,2014,1497,6,NaN,NaN,NaN,0,0,1,1,0,0
129,2014,106,15,NaN,NaN,NaN,0,0,1,1,0,0
129,2014,745,1,NaN,NaN,NaN,0,0,1,1,0,0
129,2014,763,1,NaN,NaN,NaN,0,0,1,1,0,9
129,2014,800,3,NaN,NaN,NaN,0,6.68751534943173,1,1,1,13
129,2014,376,11,NaN,NaN,NaN,0,0,1,1,0,15
129,2014,243,20,NaN,NaN,NaN,0,0,1,1,0,6
129,2014,372,19,NaN,NaN,NaN,0,0,1,1,0,0
129,2014,1034,18,NaN,NaN,NaN,0,0,1,1,0,2
129,2014,767,2,NaN,NaN,NaN,0,0,1,1,0,16
129,2014,323,7,NaN,NaN,NaN,0,0,1,1,0,20
129,2014,1215,2,NaN,NaN,NaN,0,4.1727850161926,1,1,1,12
129,2014,1345,13,NaN,NaN,NaN,0,0,1,1,0,0
129,2014,634,12,NaN,NaN,NaN,0,4.19219631033729,1,1,1,13
129,2014,1368,13,NaN,NaN,NaN,0,4.4684646393112,1,1,1,3
129,2014,607,21,NaN,NaN,NaN,0,0,1,1,0,7
129,2014,233,5,NaN,NaN,NaN,0,0,1,1,0,11
129,2014,1465,21,NaN,NaN,NaN,0,0,1,1,0,0
129,2014,544,1,NaN,NaN,NaN,0,0,1,1,0,0
129,2014,813,18,NaN,NaN,NaN,0,0,1,1,0,10
129,2014,1038,21,NaN,NaN,NaN,0,0,1,1,0,0
129,2014,174,1,NaN,NaN,NaN,0,0,1,1,0,0
129,2014,1535,11,NaN,NaN,NaN,0,0,1,1,0,14
129,2014,347,13,NaN,NaN,NaN,0,1.1531780138628,1,1,1,9
129,2014,887,8,NaN,NaN,NaN,0,0,1,1,0,13
129,2014,1021,7,NaN,NaN,NaN,0,0,1,1,0,0
129,2014,738,21,NaN,NaN,NaN,0,1.7335506437101,1,1,1,5
129,2014,534,18,NaN,NaN,NaN,0,0,1,1,0,12
129,2014,968,12,NaN,NaN,NaN,0,0,1,1,0,1
129,2014,1394,13,NaN,NaN,NaN,0,0,1,1,0,0
129,2014,102,11,NaN,NaN,NaN,0,0,1,1,0,0
129,2014,1124,15,NaN,NaN,NaN,0,0,1,1,0,6
129,2014,803,1,NaN,NaN,NaN,0,0,1,1,0,0
129,2014,1457,5,NaN,NaN,NaN,0,0,1,1,0,0
129,2014,722,16,NaN,NaN,NaN,0,0,1,1,0,13
129,2014,390,16,NaN,NaN,NaN,0,0,1,1,0,2
129,2014,247,2,NaN,NaN,NaN,0,0,1,1,0,17
129,2014,1599,12,NaN,NaN,NaN,0,0,1,1,0,3
129,2014,1003,8,NaN,NaN,NaN,0,0,1,1,0,13
129,2014,27,13,NaN,NaN,NaN,0,0,1,1,0,14
130,2015,47,5,NaN,NaN,NaN,0,0,1,1,0,13
130,2015,1345,13,NaN,NaN,NaN,0,0,1,1,0,0
130,2015,1124,6,NaN,NaN,NaN,0,0,1,1,0,22
130,2015,1368,3,NaN,NaN,NaN,0,0,1,0,0,13
130,2015,763,9,NaN,NaN,NaN,0,0,1,1,0,22
130,2015,1122,13,NaN,NaN,NaN,0,0,1,1,0,0
130,2015,1144,16,NaN,NaN,NaN,0,0,1,0,0,0
130,2015,1169,11,NaN,NaN,NaN,0,0,1,1,0,0
130,2015,625,6,NaN,NaN,NaN,0,0,1,1,0,1
130,2015,738,5,NaN,NaN,NaN,0,0,1,0,0,21
130,2015,1130,20,NaN,NaN,NaN,0,0,1,0,0,0
130,2015,376,15,NaN,NaN,NaN,0,0,1,1,0,1
130,2015,634,13,NaN,NaN,NaN,0,0,1,0,0,0
130,2015,174,1,NaN,NaN,NaN,0,0,1,1,0,0
130,2015,1043,13,NaN,NaN,NaN,0,0,1,1,0,0
130,2015,390,2,NaN,NaN,NaN,0,0,1,1,0,13
130,2015,1535,14,NaN,NaN,NaN,0,0,1,1,0,0
130,2015,1598,21,NaN,NaN,NaN,0,0,1,1,0,12
130,2015,1497,6,NaN,NaN,NaN,0,0,1,1,0,8
130,2015,803,1,NaN,NaN,NaN,0,0,1,1,0,0
130,2015,16,1,NaN,NaN,NaN,0,0,1,1,0,10
130,2015,745,1,NaN,NaN,NaN,0,0,1,1,0,16
130,2015,151,12,NaN,NaN,NaN,0,0,1,0,0,17
130,2015,1034,2,NaN,NaN,NaN,0,0,1,1,0,16
130,2015,1215,12,NaN,NaN,NaN,0,0,1,0,0,0
130,2015,1465,21,NaN,NaN,NaN,0,0,1,1,0,0
130,2015,233,11,NaN,NaN,NaN,0,0,1,1,0,19
130,2015,607,7,NaN,NaN,NaN,0,0,1,1,0,14
130,2015,1021,7,NaN,NaN,NaN,0,0,1,1,0,0
130,2015,427,1,NaN,NaN,NaN,0,0,1,1,0,16
130,2015,1394,13,NaN,NaN,NaN,0,0,1,1,0,0
130,2015,767,16,NaN,NaN,NaN,0,0,1,1,0,0
130,2015,102,11,NaN,NaN,NaN,0,0,1,1,0,0
130,2015,323,20,NaN,NaN,NaN,0,0,1,1,0,0
130,2015,922,6,NaN,NaN,NaN,0,0,1,1,0,0
130,2015,80,8,NaN,NaN,NaN,0,0,1,1,0,0
130,2015,1038,21,NaN,NaN,NaN,0,0,1,1,0,0
130,2015,1584,14,NaN,NaN,NaN,0,0,1,0,0,0
130,2015,1457,5,NaN,NaN,NaN,0,0,1,1,0,0
130,2015,372,19,NaN,NaN,NaN,0,0,1,1,0,13
130,2015,27,14,NaN,NaN,NaN,0,0,1,1,0,21
130,2015,813,10,NaN,NaN,NaN,0,0,1,1,0,20
130,2015,1599,3,NaN,NaN,NaN,0,0,1,1,0,12
130,2015,1196,13,NaN,NaN,NaN,0,0,1,1,0,15
130,2015,1227,19,NaN,NaN,NaN,0,0,1,1,0,5
130,2015,255,4,NaN,NaN,NaN,0,0,1,0,0,16
130,2015,1178,17,NaN,NaN,NaN,0,0,1,1,0,0
130,2015,1391,4,NaN,NaN,NaN,0,0,1,1,0,0
130,2015,347,9,NaN,NaN,NaN,0,0,1,0,0,13
130,2015,1186,14,NaN,NaN,NaN,0,0,1,1,0,11
130,2015,821,22,NaN,NaN,NaN,0,0,1,1,0,1
130,2015,447,5,NaN,NaN,NaN,0,0,1,1,0,14
130,2015,183,1,NaN,NaN,NaN,0,0,1,1,0,0
130,2015,1441,18,NaN,NaN,NaN,0,0,1,1,0,15
130,2015,544,1,NaN,NaN,NaN,0,0,1,1,0,0
130,2015,1003,13,NaN,NaN,NaN,0,0,1,1,0,10
130,2015,1268,6,NaN,NaN,NaN,0,0,1,1,0,8
130,2015,907,20,NaN,NaN,NaN,0,0,1,1,0,0
130,2015,1107,7,NaN,NaN,NaN,0,0,1,0,0,5
130,2015,1199,2,NaN,NaN,NaN,0,0,1,1,0,0
130,2015,410,13,NaN,NaN,NaN,0,0,1,1,0,0
130,2015,1024,21,NaN,NaN,NaN,0,0,1,1,0,11
130,2015,272,9,NaN,NaN,NaN,0,0,1,1,0,0
130,2015,722,13,NaN,NaN,NaN,0,0,1,1,0,14
130,2015,243,6,NaN,NaN,NaN,0,0,1,1,0,21
130,2015,67,16,NaN,NaN,NaN,0,0,1,1,0,9
130,2015,568,18,NaN,NaN,NaN,0,0.607384429897939,1,1,0,14
130,2015,276,14,NaN,NaN,NaN,0,0,1,1,0,4
130,2015,968,1,NaN,NaN,NaN,0,0,1,1,0,0
130,2015,729,16,NaN,NaN,NaN,0,0,1,1,0,0
130,2015,545,10,NaN,NaN,NaN,0,0,1,1,0,0
130,2015,44,5,NaN,NaN,NaN,0,0,1,1,0,0
130,2015,1439,16,NaN,NaN,NaN,0,0,1,1,0,0
130,2015,247,17,NaN,NaN,NaN,0,0,1,1,0,13
130,2015,106,15,NaN,NaN,NaN,0,0,1,1,0,5
130,2015,800,13,NaN,NaN,NaN,0,0,1,0,0,3
130,2015,87,10,NaN,NaN,NaN,0,0,1,0,0,0
130,2015,1305,12,NaN,NaN,NaN,0,0,1,1,0,0
130,2015,554,8,NaN,NaN,NaN,0,0,1,1,0,17
130,2015,534,12,NaN,NaN,NaN,0,0,1,1,0,3
130,2015,887,13,NaN,NaN,NaN,0,0,1,1,0,0
130,2015,20,14,NaN,NaN,NaN,0,0,1,1,0,2
130,2015,931,7,NaN,NaN,NaN,0,0,1,1,0,13
130,2015,487,1,NaN,NaN,NaN,0,0,1,1,0,0
130,2015,541,11,NaN,NaN,NaN,0,0,1,1,0,0
131,2015,1391,4,NaN,NaN,NaN,0,0,1,1,0,22
131,2015,151,17,NaN,NaN,NaN,0,0,1,0,0,0
131,2015,16,10,NaN,NaN,NaN,0,0,1,1,0,7
131,2015,376,1,NaN,NaN,NaN,0,0,1,1,0,13
131,2015,931,13,NaN,NaN,NaN,0,0,1,1,0,9
131,2015,1024,11,NaN,NaN,NaN,0,0,1,1,0,0
131,2015,80,8,NaN,NaN,NaN,0,0,1,1,0,0
131,2015,554,17,NaN,NaN,NaN,0,0,1,1,0,22
131,2015,722,14,NaN,NaN,NaN,0,0,1,1,0,20
131,2015,1394,13,NaN,NaN,NaN,0,0,1,1,0,0
131,2015,427,16,NaN,NaN,NaN,0,0,1,1,0,1
131,2015,1196,15,NaN,NaN,NaN,0,0,1,1,0,2
131,2015,763,22,NaN,NaN,NaN,0,0,1,1,0,20
131,2015,625,1,NaN,NaN,NaN,0,0,1,1,0,0
131,2015,1227,5,NaN,NaN,NaN,0,0,1,1,0,0
131,2015,67,9,NaN,NaN,NaN,0,0,1,1,0,0
131,2015,102,11,NaN,NaN,NaN,0,0,1,1,0,0
131,2015,1368,13,NaN,NaN,NaN,0,0,1,0,0,0
131,2015,544,1,NaN,NaN,NaN,0,0,1,1,0,0
131,2015,1038,21,NaN,NaN,NaN,0,0,1,1,0,0
131,2015,968,1,NaN,NaN,NaN,0,0,1,1,0,0
131,2015,243,21,NaN,NaN,NaN,0,0,1,1,0,2
131,2015,487,1,NaN,NaN,NaN,0,0,1,1,0,0
131,2015,447,14,NaN,NaN,NaN,0,0,1,1,0,3
131,2015,44,5,NaN,NaN,NaN,0,0,1,1,0,13
131,2015,803,1,NaN,NaN,NaN,0,0,1,1,0,0
131,2015,1043,13,NaN,NaN,NaN,0,0,1,1,0,0
131,2015,1439,16,NaN,NaN,NaN,0,0,1,1,0,0
131,2015,767,16,NaN,NaN,NaN,0,0,1,1,0,21
131,2015,738,21,NaN,NaN,NaN,0,0,1,0,0,0
131,2015,1345,13,NaN,NaN,NaN,0,0,1,1,0,0
131,2015,745,16,NaN,NaN,NaN,0,0,1,1,0,11
131,2015,347,13,NaN,NaN,NaN,0,0,1,0,0,0
131,2015,1268,8,NaN,NaN,NaN,0,0,1,1,0,2
131,2015,1457,5,NaN,NaN,NaN,0,0,1,1,0,0
131,2015,106,5,NaN,NaN,NaN,0,0,1,1,0,15
131,2015,821,1,NaN,NaN,NaN,0,0,1,1,0,0
131,2015,87,10,NaN,NaN,NaN,0,0,1,0,0,0
131,2015,1178,17,NaN,NaN,NaN,0,0,1,1,0,2
131,2015,887,13,NaN,NaN,NaN,0,0,1,1,0,0
131,2015,1441,15,NaN,NaN,NaN,0,0,1,1,0,18
131,2015,1584,14,NaN,NaN,NaN,0,0,1,0,0,17
131,2015,276,4,NaN,NaN,NaN,0,0,1,1,0,15
131,2015,1186,11,NaN,NaN,NaN,0,0,1,1,0,16
131,2015,607,14,NaN,NaN,NaN,0,0,1,1,0,11
131,2015,1107,5,NaN,NaN,NaN,0,0,1,0,0,0
131,2015,1124,22,NaN,NaN,NaN,0,0,1,1,0,5
131,2015,534,3,NaN,NaN,NaN,0,0,1,1,0,18
131,2015,20,2,NaN,NaN,NaN,0,0,1,1,0,12
131,2015,233,19,NaN,NaN,NaN,0,0,1,1,0,1
131,2015,922,6,NaN,NaN,NaN,0,0,1,1,0,13
131,2015,545,10,NaN,NaN,NaN,0,0,1,1,0,0
131,2015,1169,11,NaN,NaN,NaN,0,0,1,1,0,13
131,2015,390,13,NaN,NaN,NaN,0,0,1,1,0,21
131,2015,47,13,NaN,NaN,NaN,0,0,1,1,0,6
131,2015,634,13,NaN,NaN,NaN,0,0,1,0,0,0
131,2015,323,20,NaN,NaN,NaN,0,0,1,1,0,11
131,2015,1465,21,NaN,NaN,NaN,0,0,1,1,0,0
131,2015,729,16,NaN,NaN,NaN,0,0,1,1,0,5
131,2015,1199,2,NaN,NaN,NaN,0,0,1,1,0,13
131,2015,813,20,NaN,NaN,NaN,0,0,1,1,0,13
131,2015,1599,12,NaN,NaN,NaN,0,0,1,1,0,16
131,2015,1144,16,NaN,NaN,NaN,0,0,1,0,0,0
131,2015,1130,20,NaN,NaN,NaN,0,0,1,0,0,0
131,2015,27,21,NaN,NaN,NaN,0,0,1,1,0,5
131,2015,174,1,NaN,NaN,NaN,0,0,1,1,0,0
131,2015,1034,16,NaN,NaN,NaN,0,0,1,1,0,1
131,2015,272,9,NaN,NaN,NaN,0,0,1,1,0,19
131,2015,1497,8,NaN,NaN,NaN,0,0,1,1,0,0
131,2015,1122,13,NaN,NaN,NaN,0,0,1,1,0,0
131,2015,255,16,NaN,NaN,NaN,0,0,1,0,0,0
131,2015,907,20,NaN,NaN,NaN,0,0,1,1,0,0
131,2015,247,13,NaN,NaN,NaN,0,0,1,1,0,6
131,2015,1305,12,NaN,NaN,NaN,0,0,1,1,0,8
131,2015,541,11,NaN,NaN,NaN,0,0,1,1,0,0
131,2015,1215,12,NaN,NaN,NaN,0,0,1,0,0,2
131,2015,800,3,NaN,NaN,NaN,0,0,1,0,0,4
131,2015,1021,7,NaN,NaN,NaN,0,0,1,1,0,0
131,2015,1598,12,NaN,NaN,NaN,0,0,1,1,0,5
131,2015,1535,14,NaN,NaN,NaN,0,0,1,1,0,0
131,2015,568,14,NaN,NaN,NaN,0,0.607384429897939,1,1,0,5
131,2015,183,1,NaN,NaN,NaN,0,0,1,1,0,0
131,2015,410,13,NaN,NaN,NaN,0,0,1,1,0,4
131,2015,1003,10,NaN,NaN,NaN,0,0,1,1,0,3
131,2015,372,13,NaN,NaN,NaN,0,0,1,1,0,0
132,2015,763,20,NaN,NaN,NaN,0,0,1,1,0,12
132,2015,545,10,NaN,NaN,NaN,0,0,1,1,0,0
132,2015,607,11,NaN,NaN,NaN,0,0,1,1,0,20
132,2015,931,9,NaN,NaN,NaN,0,0,1,1,0,21
132,2015,487,1,NaN,NaN,NaN,0,0,1,1,0,8
132,2015,174,1,NaN,NaN,NaN,0,0,1,1,0,0
132,2015,255,16,NaN,NaN,NaN,0,0,1,0,0,0
132,2015,922,13,NaN,NaN,NaN,0,0,1,1,0,0
132,2015,1394,13,NaN,NaN,NaN,0,0,1,1,0,0
132,2015,568,5,NaN,NaN,NaN,0,0.607384429897939,1,1,0,0
132,2015,1268,2,NaN,NaN,NaN,0,0,1,1,0,5
132,2015,800,4,NaN,NaN,NaN,0,0,1,0,0,0
132,2015,47,6,NaN,NaN,NaN,0,0,1,1,0,18
132,2015,1457,5,NaN,NaN,NaN,0,0,1,1,0,0
132,2015,1043,13,NaN,NaN,NaN,0,0,1,1,0,0
132,2015,80,8,NaN,NaN,NaN,0,0,1,1,0,0
132,2015,887,13,NaN,NaN,NaN,0,0,1,1,0,10
132,2015,1024,11,NaN,NaN,NaN,0,0,1,1,0,9
132,2015,1584,17,NaN,NaN,NaN,0,0,1,0,0,10
132,2015,767,21,NaN,NaN,NaN,0,0,1,1,0,19
132,2015,247,6,NaN,NaN,NaN,0,0,1,1,0,5
132,2015,1599,16,NaN,NaN,NaN,0,0,1,1,0,0
132,2015,738,21,NaN,NaN,NaN,0,0,1,0,0,0
132,2015,541,11,NaN,NaN,NaN,0,0,1,1,0,0
132,2015,1178,2,NaN,NaN,NaN,0,0,1,1,0,0
132,2015,372,13,NaN,NaN,NaN,0,0,1,1,0,0
132,2015,1169,13,NaN,NaN,NaN,0,0,1,1,0,9
132,2015,544,1,NaN,NaN,NaN,0,0,1,1,0,0
132,2015,1441,18,NaN,NaN,NaN,0,0,1,1,0,0
132,2015,1021,7,NaN,NaN,NaN,0,0,1,1,0,0
132,2015,1144,16,NaN,NaN,NaN,0,0,1,0,0,0
132,2015,907,20,NaN,NaN,NaN,0,0,1,1,0,18
132,2015,1130,20,NaN,NaN,NaN,0,0,1,0,0,0
132,2015,729,5,NaN,NaN,NaN,0,0,1,1,0,11
132,2015,625,1,NaN,NaN,NaN,0,0,1,1,0,20
132,2015,376,13,NaN,NaN,NaN,0,0,1,1,0,12
132,2015,1368,13,NaN,NaN,NaN,0,0,1,0,0,0
132,2015,722,20,NaN,NaN,NaN,0,0,1,1,0,0
132,2015,554,22,NaN,NaN,NaN,0,0,1,1,0,2
132,2015,803,1,NaN,NaN,NaN,0,0,1,1,0,0
132,2015,16,7,NaN,NaN,NaN,0,0,1,1,0,13
132,2015,813,13,NaN,NaN,NaN,0,0,1,1,0,18
132,2015,968,1,NaN,NaN,NaN,0,0,1,1,0,10
132,2015,1345,13,NaN,NaN,NaN,0,0,1,1,0,21
132,2015,1107,5,NaN,NaN,NaN,0,0,1,0,0,0
132,2015,323,11,NaN,NaN,NaN,0,0,1,1,0,20
132,2015,1034,1,NaN,NaN,NaN,0,0,1,1,0,20
132,2015,1196,2,NaN,NaN,NaN,0,0,1,1,0,3
132,2015,272,19,NaN,NaN,NaN,0,0,1,1,0,0
132,2015,1465,21,NaN,NaN,NaN,0,0,1,1,0,0
132,2015,276,15,NaN,NaN,NaN,0,0,1,1,0,0
132,2015,427,1,NaN,NaN,NaN,0,0,1,1,0,16
132,2015,1305,8,NaN,NaN,NaN,0,0,1,1,0,0
132,2015,183,1,NaN,NaN,NaN,0,0,1,1,0,0
132,2015,1497,8,NaN,NaN,NaN,0,0,1,1,0,3
132,2015,151,17,NaN,NaN,NaN,0,0,1,0,0,0
132,2015,1227,5,NaN,NaN,NaN,0,0,1,1,0,12
132,2015,20,12,NaN,NaN,NaN,0,0,1,1,0,0
132,2015,1003,3,NaN,NaN,NaN,0,0,1,1,0,15
132,2015,1439,16,NaN,NaN,NaN,0,0,1,1,0,0
132,2015,1122,13,NaN,NaN,NaN,0,0,1,1,0,18
132,2015,1038,21,NaN,NaN,NaN,0,0,1,1,0,15
132,2015,534,18,NaN,NaN,NaN,0,0,1,1,0,6
132,2015,44,13,NaN,NaN,NaN,0,0,1,1,0,0
132,2015,1199,13,NaN,NaN,NaN,0,0,1,1,0,2
132,2015,634,13,NaN,NaN,NaN,0,0,1,0,0,16
132,2015,87,10,NaN,NaN,NaN,0,0,1,0,0,0
132,2015,1391,22,NaN,NaN,NaN,0,0,1,1,0,0
132,2015,447,3,NaN,NaN,NaN,0,0,1,1,0,14
132,2015,27,5,NaN,NaN,NaN,0,0,1,1,0,21
132,2015,102,11,NaN,NaN,NaN,0,0,1,1,0,0
132,2015,1598,5,NaN,NaN,NaN,0,0,1,1,0,14
132,2015,745,11,NaN,NaN,NaN,0,0,1,1,0,8
132,2015,106,15,NaN,NaN,NaN,0,0,1,1,0,0
132,2015,243,2,NaN,NaN,NaN,0,0,1,1,0,0
132,2015,410,4,NaN,NaN,NaN,0,0,1,1,0,0
132,2015,347,13,NaN,NaN,NaN,0,0,1,0,0,0
132,2015,67,9,NaN,NaN,NaN,0,0,1,1,0,0
132,2015,1186,16,NaN,NaN,NaN,0,0,1,1,0,17
132,2015,1124,5,NaN,NaN,NaN,0,0,1,1,0,0
132,2015,821,1,NaN,NaN,NaN,0,0,1,1,0,15
132,2015,233,1,NaN,NaN,NaN,0,0,1,1,0,21
132,2015,1215,2,NaN,NaN,NaN,0,0,1,0,0,0
132,2015,1535,14,NaN,NaN,NaN,0,0,1,1,0,0
132,2015,390,21,NaN,NaN,NaN,0,0,1,1,0,9
133,2015,106,15,NaN,NaN,NaN,0,0,1,1,0,0
133,2015,1598,14,NaN,NaN,NaN,0,0,1,1,0,10
133,2015,545,10,NaN,NaN,NaN,0,0,1,1,0,0
133,2015,1034,20,NaN,NaN,NaN,0,0,1,1,0,8
133,2015,102,11,NaN,NaN,NaN,0,0,1,1,0,5
133,2015,410,4,NaN,NaN,NaN,0,0,1,1,0,6
133,2015,1305,8,NaN,NaN,NaN,0,0,1,1,0,11
133,2015,568,5,NaN,NaN,NaN,0,2.62928577543052,1,1,1,19
133,2015,80,8,NaN,NaN,NaN,0,0,1,1,0,0
133,2015,427,16,NaN,NaN,NaN,0,0,1,1,0,1
133,2015,1186,17,NaN,NaN,NaN,0,3.62720525260331,1,1,1,12
133,2015,1457,5,NaN,NaN,NaN,0,0,1,1,0,0
133,2015,722,20,NaN,NaN,NaN,0,0,1,1,0,1
133,2015,247,5,NaN,NaN,NaN,0,0,1,1,0,6
133,2015,1599,16,NaN,NaN,NaN,0,0,1,1,0,12
133,2015,1268,5,NaN,NaN,NaN,0,0,1,1,0,15
133,2015,372,13,NaN,NaN,NaN,0,0,1,1,0,0
133,2015,16,13,NaN,NaN,NaN,0,0,1,1,0,9
133,2015,272,19,NaN,NaN,NaN,0,0,1,1,0,0
133,2015,1024,9,NaN,NaN,NaN,0,0,1,1,0,22
133,2015,1038,15,NaN,NaN,NaN,0,0,1,1,0,21
133,2015,907,18,NaN,NaN,NaN,0,3.16225145534473,1,1,1,5
133,2015,1003,15,NaN,NaN,NaN,0,0,1,1,0,0
133,2015,803,1,NaN,NaN,NaN,0,0,1,1,0,0
133,2015,767,19,NaN,NaN,NaN,0,0,1,1,0,2
133,2015,922,13,NaN,NaN,NaN,0,0,1,1,0,5
133,2015,44,13,NaN,NaN,NaN,0,0,1,1,0,1
133,2015,87,10,NaN,NaN,NaN,0,2.28439491147664,1,1,1,22
133,2015,634,16,NaN,NaN,NaN,0,0,1,1,0,0
133,2015,625,20,NaN,NaN,NaN,0,0,1,1,0,0
133,2015,347,13,NaN,NaN,NaN,0,0,1,1,0,0
133,2015,745,8,NaN,NaN,NaN,0,0,1,1,0,1
133,2015,534,6,NaN,NaN,NaN,0,0,1,1,0,5
133,2015,255,16,NaN,NaN,NaN,0,1.03586825134221,1,1,1,22
133,2015,487,8,NaN,NaN,NaN,0,0,1,1,0,0
133,2015,174,1,NaN,NaN,NaN,0,0,1,1,0,0
133,2015,1394,13,NaN,NaN,NaN,0,0,1,1,0,0
133,2015,1043,13,NaN,NaN,NaN,0,0,1,1,0,0
133,2015,1196,3,NaN,NaN,NaN,0,0,1,1,0,7
133,2015,1144,16,NaN,NaN,NaN,0,4.92020772679049,1,1,1,6
133,2015,1584,10,NaN,NaN,NaN,0,0,1,1,0,18
133,2015,1441,18,NaN,NaN,NaN,0,0,1,1,0,0
133,2015,541,11,NaN,NaN,NaN,0,0,1,1,0,0
133,2015,1169,9,NaN,NaN,NaN,0,0,1,1,0,5
133,2015,1465,21,NaN,NaN,NaN,0,0,1,1,0,13
133,2015,1124,5,NaN,NaN,NaN,0,0,1,1,0,19
133,2015,931,21,NaN,NaN,NaN,0,0,1,1,0,13
133,2015,1345,21,NaN,NaN,NaN,0,0,1,1,0,0
133,2015,47,18,NaN,NaN,NaN,0,0,1,1,0,19
133,2015,447,14,NaN,NaN,NaN,0,0,1,1,0,0
133,2015,729,11,NaN,NaN,NaN,0,0,1,1,0,17
133,2015,1122,18,NaN,NaN,NaN,0,0,1,1,0,13
133,2015,183,1,NaN,NaN,NaN,0,0,1,1,0,0
133,2015,968,10,NaN,NaN,NaN,0,0,1,1,0,3
133,2015,813,18,NaN,NaN,NaN,0,2.69524209267041,1,1,1,17
133,2015,554,2,NaN,NaN,NaN,0,0,1,1,0,11
133,2015,763,12,NaN,NaN,NaN,0,0,1,1,0,6
133,2015,800,4,NaN,NaN,NaN,0,2.25943695013013,1,1,1,19
133,2015,887,10,NaN,NaN,NaN,0,0,1,1,0,15
133,2015,376,12,NaN,NaN,NaN,0,0,1,1,0,15
133,2015,323,20,NaN,NaN,NaN,0,0,1,1,0,0
133,2015,821,15,NaN,NaN,NaN,0,0,1,1,0,6
133,2015,607,20,NaN,NaN,NaN,0,0,1,1,0,6
133,2015,20,12,NaN,NaN,NaN,0,0,1,1,0,0
133,2015,1391,22,NaN,NaN,NaN,0,0,1,1,0,1
133,2015,1107,5,NaN,NaN,NaN,0,2.49197721815758,1,1,1,9
133,2015,27,21,NaN,NaN,NaN,0,0,1,1,0,16
133,2015,1368,13,NaN,NaN,NaN,0,1.99966927890175,1,1,1,11
133,2015,544,1,NaN,NaN,NaN,0,0,1,1,0,0
133,2015,276,15,NaN,NaN,NaN,0,0,1,1,0,0
133,2015,233,21,NaN,NaN,NaN,0,0,1,1,0,0
133,2015,151,17,NaN,NaN,NaN,0,0,1,1,0,0
133,2015,1497,3,NaN,NaN,NaN,0,0,1,1,0,15
133,2015,1199,2,NaN,NaN,NaN,0,0,1,1,0,0
133,2015,1215,2,NaN,NaN,NaN,0,2.10921063492092,1,1,1,12
133,2015,738,21,NaN,NaN,NaN,0,3.77131474506819,1,1,1,14
133,2015,390,9,NaN,NaN,NaN,0,0,1,1,0,21
133,2015,1178,2,NaN,NaN,NaN,0,1.65713229851908,1,1,1,14
133,2015,1535,14,NaN,NaN,NaN,0,0,1,1,0,0
133,2015,1227,12,NaN,NaN,NaN,0,0,1,1,0,17
133,2015,1021,7,NaN,NaN,NaN,0,0,1,1,0,0
133,2015,1439,16,NaN,NaN,NaN,0,0,1,1,0,0
133,2015,243,2,NaN,NaN,NaN,0,0,1,1,0,8
133,2015,67,9,NaN,NaN,NaN,0,0,1,1,0,16
133,2015,1130,20,NaN,NaN,NaN,0,3.86013656776554,1,1,1,2
134,2016,1130,2,NaN,NaN,NaN,0,0,1,0,0,13
134,2016,255,22,NaN,NaN,NaN,0,0,1,0,0,0
134,2016,1199,2,NaN,NaN,NaN,0,0,1,1,0,17
134,2016,427,1,NaN,NaN,NaN,0,0,1,1,0,18
134,2016,907,5,NaN,NaN,NaN,0,0,1,0,0,0
134,2016,80,8,NaN,NaN,NaN,0,0,1,1,0,19
134,2016,634,16,NaN,NaN,NaN,0,0,1,1,0,0
134,2016,323,20,NaN,NaN,NaN,0,0,1,1,0,13
134,2016,800,19,NaN,NaN,NaN,0,0,1,0,0,11
134,2016,1021,7,NaN,NaN,NaN,0,0,1,1,0,1
134,2016,106,15,NaN,NaN,NaN,0,0,1,1,0,6
134,2016,541,11,NaN,NaN,NaN,0,0,1,1,0,1
134,2016,821,6,NaN,NaN,NaN,0,0,1,1,0,1
134,2016,67,16,NaN,NaN,NaN,0,0,1,1,0,0
134,2016,87,22,NaN,NaN,NaN,0,0,1,0,0,10
134,2016,233,21,NaN,NaN,NaN,0,0,1,1,0,17
134,2016,534,5,NaN,NaN,NaN,0,0,1,1,0,0
134,2016,625,20,NaN,NaN,NaN,0,0,1,1,0,22
134,2016,487,8,NaN,NaN,NaN,0,0,1,1,0,5
134,2016,722,1,NaN,NaN,NaN,0,0,1,1,0,0
134,2016,767,2,NaN,NaN,NaN,0,0,1,1,0,17
134,2016,738,14,NaN,NaN,NaN,0,0,1,0,0,21
134,2016,1598,10,NaN,NaN,NaN,0,0,1,1,0,7
134,2016,1305,11,NaN,NaN,NaN,0,0,1,1,0,9
134,2016,1457,5,NaN,NaN,NaN,0,0,1,1,0,19
134,2016,174,1,NaN,NaN,NaN,0,0,1,1,0,0
134,2016,1441,18,NaN,NaN,NaN,0,0,1,1,0,0
134,2016,27,16,NaN,NaN,NaN,0,0,1,1,0,6
134,2016,1497,15,NaN,NaN,NaN,0,0,1,1,0,16
134,2016,272,19,NaN,NaN,NaN,0,0,1,1,0,12
134,2016,1003,15,NaN,NaN,NaN,0,0,1,1,0,2
134,2016,47,19,NaN,NaN,NaN,0,0,1,1,0,12
134,2016,1227,17,NaN,NaN,NaN,0,0,1,1,0,18
134,2016,1107,9,NaN,NaN,NaN,0,0,1,0,0,5
134,2016,447,14,NaN,NaN,NaN,0,0,1,1,0,13
134,2016,376,15,NaN,NaN,NaN,0,0,1,1,0,10
134,2016,390,21,NaN,NaN,NaN,0,0,1,1,0,0
134,2016,763,6,NaN,NaN,NaN,0,0,1,1,0,0
134,2016,20,12,NaN,NaN,NaN,0,0,1,1,0,6
134,2016,931,13,NaN,NaN,NaN,0,0,1,1,0,17
134,2016,16,9,NaN,NaN,NaN,0,0,1,1,0,0
134,2016,1196,7,NaN,NaN,NaN,0,0,1,1,0,2
134,2016,247,6,NaN,NaN,NaN,0,0,1,1,0,0
134,2016,545,10,NaN,NaN,NaN,0,0,1,1,0,7
134,2016,243,8,NaN,NaN,NaN,0,0,1,1,0,3
134,2016,151,17,NaN,NaN,NaN,0,0,1,1,0,12
134,2016,922,5,NaN,NaN,NaN,0,0,1,1,0,0
134,2016,568,19,NaN,NaN,NaN,0,0,1,0,0,5
134,2016,1043,13,NaN,NaN,NaN,0,0,1,1,0,0
134,2016,1024,22,NaN,NaN,NaN,0,0,1,1,0,10
134,2016,1599,12,NaN,NaN,NaN,0,0,1,1,0,10
134,2016,1345,21,NaN,NaN,NaN,0,0,1,1,0,15
134,2016,44,1,NaN,NaN,NaN,0,0,1,1,0,0
134,2016,554,11,NaN,NaN,NaN,0,0,1,1,0,13
134,2016,607,6,NaN,NaN,NaN,0,0,1,1,0,1
134,2016,1535,14,NaN,NaN,NaN,0,0,1,1,0,0
134,2016,813,17,NaN,NaN,NaN,0,0,1,0,0,2
134,2016,1368,11,NaN,NaN,NaN,0,0,1,0,0,13
134,2016,102,5,NaN,NaN,NaN,0,0,1,1,0,21
134,2016,1268,15,NaN,NaN,NaN,0,0,1,1,0,3
134,2016,729,17,NaN,NaN,NaN,0,0,1,1,0,0
134,2016,968,3,NaN,NaN,NaN,0,0,1,1,0,0
134,2016,1465,13,NaN,NaN,NaN,0,0,1,1,0,9
134,2016,745,1,NaN,NaN,NaN,0,0,1,1,0,0
134,2016,1122,13,NaN,NaN,NaN,0,0,1,1,0,0
134,2016,1144,6,NaN,NaN,NaN,0,0,1,0,0,0
134,2016,276,15,NaN,NaN,NaN,0,0,1,1,0,8
134,2016,1394,13,NaN,NaN,NaN,0,0,1,1,0,1
134,2016,372,13,NaN,NaN,NaN,0,0,1,1,0,6
134,2016,1169,5,NaN,NaN,NaN,0,0,1,1,0,13
134,2016,1038,21,NaN,NaN,NaN,0,0,1,1,0,15
134,2016,1215,12,NaN,NaN,NaN,0,0,1,0,0,0
134,2016,410,6,NaN,NaN,NaN,0,0,1,1,0,0
134,2016,1034,8,NaN,NaN,NaN,0,0,1,1,0,7
134,2016,803,1,NaN,NaN,NaN,0,0,1,1,0,0
134,2016,1584,18,NaN,NaN,NaN,0,0,1,1,0,0
134,2016,1439,16,NaN,NaN,NaN,0,0,1,1,0,0
134,2016,1124,19,NaN,NaN,NaN,0,0,1,1,0,17
134,2016,1391,1,NaN,NaN,NaN,0,0,1,1,0,0
134,2016,1186,12,NaN,NaN,NaN,0,0,1,0,0,0
134,2016,183,1,NaN,NaN,NaN,0,0,1,1,0,18
134,2016,347,13,NaN,NaN,NaN,0,0,1,1,0,0
134,2016,887,15,NaN,NaN,NaN,0,0,1,1,0,17
134,2016,1178,14,NaN,NaN,NaN,0,0,1,0,0,0
135,2016,487,5,NaN,NaN,NaN,0,0,1,1,0,0
135,2016,1268,3,NaN,NaN,NaN,0,0,1,1,0,16
135,2016,968,3,NaN,NaN,NaN,0,0,1,1,0,0
135,2016,427,18,NaN,NaN,NaN,0,0,1,1,0,2
135,2016,931,17,NaN,NaN,NaN,0,0,1,1,0,7
135,2016,16,9,NaN,NaN,NaN,0,0,1,1,0,0
135,2016,1178,14,NaN,NaN,NaN,0,0,1,0,0,0
135,2016,347,13,NaN,NaN,NaN,0,0,1,1,0,0
135,2016,729,17,NaN,NaN,NaN,0,0,1,1,0,21
135,2016,568,5,NaN,NaN,NaN,0,0,1,0,0,0
135,2016,1305,9,NaN,NaN,NaN,0,0,1,1,0,8
135,2016,767,17,NaN,NaN,NaN,0,0,1,1,0,21
135,2016,1345,15,NaN,NaN,NaN,0,0,1,1,0,11
135,2016,151,12,NaN,NaN,NaN,0,0,1,1,0,0
135,2016,47,12,NaN,NaN,NaN,0,0,1,1,0,0
135,2016,1003,2,NaN,NaN,NaN,0,0,1,1,0,0
135,2016,922,5,NaN,NaN,NaN,0,0,1,1,0,13
135,2016,1599,10,NaN,NaN,NaN,0,0,1,1,0,1
135,2016,1457,19,NaN,NaN,NaN,0,0,1,1,0,7
135,2016,722,1,NaN,NaN,NaN,0,0,1,1,0,17
135,2016,447,13,NaN,NaN,NaN,0,0,1,1,0,0
135,2016,745,1,NaN,NaN,NaN,0,0,1,1,0,0
135,2016,554,13,NaN,NaN,NaN,0,0,1,1,0,16
135,2016,1021,1,NaN,NaN,NaN,0,0,1,1,0,0
135,2016,1368,13,NaN,NaN,NaN,0,0,1,0,0,0
135,2016,1199,17,NaN,NaN,NaN,0,0,1,1,0,0
135,2016,1107,5,NaN,NaN,NaN,0,0,1,0,0,0
135,2016,1122,13,NaN,NaN,NaN,0,0,1,1,0,0
135,2016,634,16,NaN,NaN,NaN,0,0,1,1,0,0
135,2016,887,17,NaN,NaN,NaN,0,0,1,1,0,4
135,2016,803,1,NaN,NaN,NaN,0,0,1,1,0,18
135,2016,243,3,NaN,NaN,NaN,0,0,1,1,0,0
135,2016,106,6,NaN,NaN,NaN,0,0,1,1,0,17
135,2016,1391,1,NaN,NaN,NaN,0,0,1,1,0,0
135,2016,738,21,NaN,NaN,NaN,0,0,1,0,0,0
135,2016,174,1,NaN,NaN,NaN,0,0,1,1,0,22
135,2016,1196,2,NaN,NaN,NaN,0,0,1,1,0,0
135,2016,1169,13,NaN,NaN,NaN,0,0,1,1,0,5
135,2016,183,18,NaN,NaN,NaN,0,0,1,1,0,8
135,2016,376,10,NaN,NaN,NaN,0,0,1,1,0,1
135,2016,1130,13,NaN,NaN,NaN,0,0,1,0,0,0
135,2016,800,11,NaN,NaN,NaN,0,0,1,0,0,21
135,2016,276,8,NaN,NaN,NaN,0,0,1,1,0,1
135,2016,541,1,NaN,NaN,NaN,0,0,1,1,0,21
135,2016,27,6,NaN,NaN,NaN,0,0,1,1,0,19
135,2016,1043,13,NaN,NaN,NaN,0,0,1,1,0,0
135,2016,255,22,NaN,NaN,NaN,0,0,1,0,0,16
135,2016,763,6,NaN,NaN,NaN,0,0,1,1,0,17
135,2016,1497,16,NaN,NaN,NaN,0,0,1,1,0,0
135,2016,87,10,NaN,NaN,NaN,0,0,1,0,0,0
135,2016,44,1,NaN,NaN,NaN,0,0,1,1,0,18
135,2016,1215,12,NaN,NaN,NaN,0,0,1,0,0,19
135,2016,102,21,NaN,NaN,NaN,0,0,1,1,0,11
135,2016,80,19,NaN,NaN,NaN,0,0,1,1,0,22
135,2016,821,1,NaN,NaN,NaN,0,0,1,1,0,6
135,2016,625,22,NaN,NaN,NaN,0,0,1,1,0,5
135,2016,907,5,NaN,NaN,NaN,0,0,1,0,0,0
135,2016,1144,6,NaN,NaN,NaN,0,0,1,0,0,0
135,2016,1465,9,NaN,NaN,NaN,0,0,1,1,0,3
135,2016,534,5,NaN,NaN,NaN,0,0,1,1,0,6
135,2016,1394,1,NaN,NaN,NaN,0,0,1,1,0,10
135,2016,1439,16,NaN,NaN,NaN,0,0,1,1,0,0
135,2016,1598,7,NaN,NaN,NaN,0,0,1,1,0,8
135,2016,1441,18,NaN,NaN,NaN,0,0,1,1,0,0
135,2016,247,6,NaN,NaN,NaN,0,0,1,1,0,18
135,2016,20,6,NaN,NaN,NaN,0,0,1,1,0,11
135,2016,1584,18,NaN,NaN,NaN,0,0,1,1,0,8
135,2016,1227,18,NaN,NaN,NaN,0,0,1,1,0,0
135,2016,323,13,NaN,NaN,NaN,0,0,1,1,0,21
135,2016,1535,14,NaN,NaN,NaN,0,0,1,1,0,0
135,2016,1024,10,NaN,NaN,NaN,0,0,1,1,0,7
135,2016,1038,15,NaN,NaN,NaN,0,0,1,1,0,11
135,2016,410,6,NaN,NaN,NaN,0,0,1,1,0,15
135,2016,390,21,NaN,NaN,NaN,0,0,1,1,0,9
135,2016,607,1,NaN,NaN,NaN,0,0,1,1,0,17
135,2016,1186,12,NaN,NaN,NaN,0,0,1,0,0,21
135,2016,272,12,NaN,NaN,NaN,0,0,1,1,0,17
135,2016,1034,7,NaN,NaN,NaN,0,0,1,1,0,1
135,2016,1124,17,NaN,NaN,NaN,0,0,1,1,0,21
135,2016,545,7,NaN,NaN,NaN,0,0,1,1,0,10
135,2016,372,6,NaN,NaN,NaN,0,0,1,1,0,0
135,2016,233,17,NaN,NaN,NaN,0,0,1,1,0,13
135,2016,813,2,NaN,NaN,NaN,0,0,1,0,0,13
135,2016,67,16,NaN,NaN,NaN,0,0,1,1,0,0
136,2016,16,9,NaN,NaN,NaN,0,0,1,1,0,0
136,2016,1268,16,NaN,NaN,NaN,0,0,1,1,0,19
136,2016,767,21,NaN,NaN,NaN,0,0,1,1,0,11
136,2016,1599,1,NaN,NaN,NaN,0,0,1,1,0,9
136,2016,1107,5,NaN,NaN,NaN,0,0,1,0,0,0
136,2016,1441,18,NaN,NaN,NaN,0,0,1,1,0,15
136,2016,1227,18,NaN,NaN,NaN,0,0,1,1,0,0
136,2016,276,1,NaN,NaN,NaN,0,0,1,1,0,19
136,2016,447,13,NaN,NaN,NaN,0,0,1,1,0,0
136,2016,372,6,NaN,NaN,NaN,0,0,1,1,0,0
136,2016,729,21,NaN,NaN,NaN,0,0,1,1,0,11
136,2016,1465,3,NaN,NaN,NaN,0,0,1,1,0,0
136,2016,800,21,NaN,NaN,NaN,0,0,1,0,0,7
136,2016,151,12,NaN,NaN,NaN,0,0,1,1,0,0
136,2016,1024,7,NaN,NaN,NaN,0,0,1,1,0,12
136,2016,1122,13,NaN,NaN,NaN,0,0,1,1,0,0
136,2016,821,6,NaN,NaN,NaN,0,0,1,1,0,22
136,2016,554,16,NaN,NaN,NaN,0,0,1,1,0,22
136,2016,634,16,NaN,NaN,NaN,0,0,1,1,0,20
136,2016,1215,19,NaN,NaN,NaN,0,0,1,0,0,0
136,2016,80,22,NaN,NaN,NaN,0,0,1,1,0,13
136,2016,1186,21,NaN,NaN,NaN,0,0,1,0,0,1
136,2016,922,13,NaN,NaN,NaN,0,0,1,1,0,6
136,2016,1003,2,NaN,NaN,NaN,0,0,1,1,0,0
136,2016,102,11,NaN,NaN,NaN,0,0,1,1,0,2
136,2016,1196,2,NaN,NaN,NaN,0,0,1,1,0,9
136,2016,907,5,NaN,NaN,NaN,0,0,1,0,0,0
136,2016,1199,17,NaN,NaN,NaN,0,0,1,1,0,5
136,2016,1439,16,NaN,NaN,NaN,0,0,1,1,0,0
136,2016,1144,6,NaN,NaN,NaN,0,0,1,0,0,0
136,2016,541,21,NaN,NaN,NaN,0,0,1,1,0,1
136,2016,545,10,NaN,NaN,NaN,0,0,1,1,0,0
136,2016,87,10,NaN,NaN,NaN,0,0,1,0,0,0
136,2016,255,16,NaN,NaN,NaN,0,0,1,0,0,22
136,2016,745,1,NaN,NaN,NaN,0,0,1,1,0,20
136,2016,1391,1,NaN,NaN,NaN,0,0,1,1,0,19
136,2016,1038,11,NaN,NaN,NaN,0,0,1,1,0,0
136,2016,67,16,NaN,NaN,NaN,0,0,1,1,0,0
136,2016,174,22,NaN,NaN,NaN,0,0,1,1,0,0
136,2016,243,3,NaN,NaN,NaN,0,0,1,1,0,21
136,2016,607,17,NaN,NaN,NaN,0,0,1,1,0,12
136,2016,568,5,NaN,NaN,NaN,0,0,1,0,0,13
136,2016,183,8,NaN,NaN,NaN,0,0,1,1,0,0
136,2016,813,13,NaN,NaN,NaN,0,0,1,0,0,0
136,2016,323,21,NaN,NaN,NaN,0,0,1,1,0,4
136,2016,27,19,NaN,NaN,NaN,0,0,1,1,0,9
136,2016,1021,1,NaN,NaN,NaN,0,0,1,1,0,12
136,2016,738,21,NaN,NaN,NaN,0,0,1,0,0,0
136,2016,722,17,NaN,NaN,NaN,0,0,1,1,0,0
136,2016,106,17,NaN,NaN,NaN,0,0,1,1,0,0
136,2016,1457,7,NaN,NaN,NaN,0,0,1,1,0,0
136,2016,625,5,NaN,NaN,NaN,0,0,1,1,0,6
136,2016,1345,11,NaN,NaN,NaN,0,0,1,1,0,0
136,2016,410,15,NaN,NaN,NaN,0,0,1,1,0,0
136,2016,1130,13,NaN,NaN,NaN,0,0,1,0,0,0
136,2016,968,3,NaN,NaN,NaN,0,0,1,1,0,0
136,2016,44,18,NaN,NaN,NaN,0,0,1,1,0,1
136,2016,20,11,NaN,NaN,NaN,0,0,1,1,0,7
136,2016,487,5,NaN,NaN,NaN,0,0,1,1,0,18
136,2016,803,18,NaN,NaN,NaN,0,0,1,1,0,0
136,2016,1178,14,NaN,NaN,NaN,0,0,1,0,0,12
136,2016,376,1,NaN,NaN,NaN,0,0,1,1,0,11
136,2016,534,6,NaN,NaN,NaN,0,0,1,1,0,12
136,2016,390,9,NaN,NaN,NaN,0,0,1,1,0,13
136,2016,1535,14,NaN,NaN,NaN,0,0,1,1,0,0
136,2016,1043,13,NaN,NaN,NaN,0,0,1,1,0,18
136,2016,931,7,NaN,NaN,NaN,0,0,1,1,0,15
136,2016,247,18,NaN,NaN,NaN,0,0,1,1,0,0
136,2016,1305,8,NaN,NaN,NaN,0,0,1,1,0,13
136,2016,347,13,NaN,NaN,NaN,0,0,1,1,0,0
136,2016,1034,1,NaN,NaN,NaN,0,0,1,1,0,14
136,2016,272,17,NaN,NaN,NaN,0,0,1,1,0,0
136,2016,1368,13,NaN,NaN,NaN,0,0,1,0,0,0
136,2016,47,12,NaN,NaN,NaN,0,0,1,1,0,18
136,2016,1584,8,NaN,NaN,NaN,0,0,1,1,0,11
136,2016,1169,5,NaN,NaN,NaN,0,0,1,1,0,13
136,2016,763,17,NaN,NaN,NaN,0,0,1,1,0,8
136,2016,1394,10,NaN,NaN,NaN,0,0,1,1,0,0
136,2016,1124,21,NaN,NaN,NaN,0,0,1,1,0,16
136,2016,887,4,NaN,NaN,NaN,0,0,1,1,0,3
136,2016,233,13,NaN,NaN,NaN,0,0,1,1,0,0
136,2016,1598,8,NaN,NaN,NaN,0,0,1,1,0,0
136,2016,427,2,NaN,NaN,NaN,0,0,1,1,0,6
136,2016,1497,16,NaN,NaN,NaN,0,0,1,1,0,3
137,2016,1024,12,NaN,NaN,NaN,0,5.00945166575526,1,1,1,2
137,2016,1178,12,NaN,NaN,NaN,0,0,1,1,0,4
137,2016,410,15,NaN,NaN,NaN,0,1.85615310770887,1,1,1,6
137,2016,1598,8,NaN,NaN,NaN,0,0,1,1,0,10
137,2016,1043,18,NaN,NaN,NaN,0,0,1,1,0,0
137,2016,634,20,NaN,NaN,NaN,0,0,1,1,0,11
137,2016,722,17,NaN,NaN,NaN,0,0,1,1,0,1
137,2016,1122,13,NaN,NaN,NaN,0,0,1,1,0,0
137,2016,800,7,NaN,NaN,NaN,0,0,1,1,0,4
137,2016,106,17,NaN,NaN,NaN,0,0,1,1,0,10
137,2016,243,21,NaN,NaN,NaN,0,0,1,1,0,0
137,2016,1368,13,NaN,NaN,NaN,0,5.42534757852783,1,1,1,14
137,2016,47,18,NaN,NaN,NaN,0,0,1,1,0,0
137,2016,372,6,NaN,NaN,NaN,0,0,1,1,0,0
137,2016,1227,18,NaN,NaN,NaN,0,0,1,1,0,0
137,2016,554,22,NaN,NaN,NaN,0,0,1,1,0,12
137,2016,745,20,NaN,NaN,NaN,0,0,1,1,0,1
137,2016,390,13,NaN,NaN,NaN,0,0,1,1,0,0
137,2016,27,9,NaN,NaN,NaN,0,0,1,1,0,21
137,2016,738,21,NaN,NaN,NaN,0,3.45589256180121,1,1,1,17
137,2016,20,7,NaN,NaN,NaN,0,0,1,1,0,0
137,2016,625,6,NaN,NaN,NaN,0,0,1,1,0,15
137,2016,255,22,NaN,NaN,NaN,0,6.0459265592498,1,1,1,16
137,2016,1394,10,NaN,NaN,NaN,0,0,1,1,0,0
137,2016,1305,13,NaN,NaN,NaN,0,0,1,1,0,16
137,2016,427,6,NaN,NaN,NaN,0,0,1,1,0,22
137,2016,272,17,NaN,NaN,NaN,0,0,1,1,0,1
137,2016,1599,9,NaN,NaN,NaN,0,0,1,1,0,1
137,2016,1268,19,NaN,NaN,NaN,0,0,1,1,0,17
137,2016,1535,14,NaN,NaN,NaN,0,0,1,1,0,0
137,2016,1199,5,NaN,NaN,NaN,0,0,1,1,0,14
137,2016,887,3,NaN,NaN,NaN,0,0,1,1,0,11
137,2016,1130,13,NaN,NaN,NaN,0,5.698526823292,1,1,1,6
137,2016,1107,5,NaN,NaN,NaN,0,2.19406070108169,1,1,1,20
137,2016,1196,9,NaN,NaN,NaN,0,0,1,1,0,17
137,2016,763,8,NaN,NaN,NaN,0,0,1,1,0,0
137,2016,347,13,NaN,NaN,NaN,0,3.3570283113844,1,1,1,5
137,2016,821,22,NaN,NaN,NaN,0,2.65856632722728,1,1,1,11
137,2016,545,10,NaN,NaN,NaN,0,0,1,1,0,0
137,2016,1457,7,NaN,NaN,NaN,0,0,1,1,0,5
137,2016,247,18,NaN,NaN,NaN,0,0,1,1,0,17
137,2016,233,13,NaN,NaN,NaN,0,0,1,1,0,5
137,2016,16,9,NaN,NaN,NaN,0,0,1,1,0,5
137,2016,323,4,NaN,NaN,NaN,0,0,1,1,0,0
137,2016,80,13,NaN,NaN,NaN,0,0,1,1,0,22
137,2016,907,5,NaN,NaN,NaN,0,4.26557497532297,1,1,1,15
137,2016,276,19,NaN,NaN,NaN,0,0,1,1,0,0
137,2016,767,11,NaN,NaN,NaN,0,0,1,1,0,21
137,2016,931,15,NaN,NaN,NaN,0,0,1,1,0,4
137,2016,151,12,NaN,NaN,NaN,0,0,1,1,0,0
137,2016,568,13,NaN,NaN,NaN,0,4.08080138178853,1,1,1,7
137,2016,1465,3,NaN,NaN,NaN,0,0,1,1,0,0
137,2016,183,8,NaN,NaN,NaN,0,3.98900285879454,1,1,1,6
137,2016,174,22,NaN,NaN,NaN,0,4.97318264506654,1,1,1,7
137,2016,1439,16,NaN,NaN,NaN,0,0,1,1,0,0
137,2016,541,1,NaN,NaN,NaN,0,0,1,1,0,0
137,2016,1144,6,NaN,NaN,NaN,0,4.9434813278735,1,1,1,16
137,2016,1003,2,NaN,NaN,NaN,0,0,1,1,0,11
137,2016,1186,1,NaN,NaN,NaN,0,0,1,1,0,18
137,2016,813,13,NaN,NaN,NaN,0,0.478363774321116,1,1,0,20
137,2016,1497,3,NaN,NaN,NaN,0,0,1,1,0,0
137,2016,607,12,NaN,NaN,NaN,0,0,1,1,0,0
137,2016,1124,16,NaN,NaN,NaN,0,0,1,1,0,5
137,2016,447,13,NaN,NaN,NaN,0,0,1,1,0,0
137,2016,87,10,NaN,NaN,NaN,0,4.80178594944874,1,1,1,13
137,2016,534,12,NaN,NaN,NaN,0,0,1,1,0,0
137,2016,1038,11,NaN,NaN,NaN,0,0,1,1,0,0
137,2016,1169,13,NaN,NaN,NaN,0,0.945274522960132,1,1,1,5
137,2016,729,11,NaN,NaN,NaN,0,0,1,1,0,4
137,2016,487,18,NaN,NaN,NaN,0,0,1,1,0,5
137,2016,1584,11,NaN,NaN,NaN,0,1.58607295833831,1,1,1,1
137,2016,1215,19,NaN,NaN,NaN,0,6.04785788583368,1,1,1,12
137,2016,1021,12,NaN,NaN,NaN,0,0,1,1,0,0
137,2016,803,18,NaN,NaN,NaN,0,0,1,1,0,21
137,2016,968,3,NaN,NaN,NaN,0,0,1,1,0,17
137,2016,1441,15,NaN,NaN,NaN,0,0,1,1,0,18
137,2016,44,1,NaN,NaN,NaN,0,0,1,1,0,18
137,2016,376,11,NaN,NaN,NaN,0,0,1,1,0,0
137,2016,67,16,NaN,NaN,NaN,0,0,1,1,0,22
137,2016,922,6,NaN,NaN,NaN,0,0,1,1,0,5
137,2016,102,2,NaN,NaN,NaN,0,0,1,1,0,0
137,2016,1391,19,NaN,NaN,NaN,0,0,1,1,0,8
137,2016,1034,14,NaN,NaN,NaN,0,0,1,1,0,0
138,2017,625,15,NaN,NaN,NaN,0,0,1,1,0,12
138,2017,1130,6,NaN,NaN,NaN,0,0,1,0,0,7
138,2017,410,6,NaN,NaN,NaN,0,0,1,0,0,0
138,2017,20,7,NaN,NaN,NaN,0,0,1,1,0,0
138,2017,1439,16,NaN,NaN,NaN,0,0,1,1,0,9
138,2017,44,18,NaN,NaN,NaN,0,0,1,1,0,6
138,2017,1003,11,NaN,NaN,NaN,0,0,1,1,0,0
138,2017,1394,10,NaN,NaN,NaN,0,0,1,1,0,20
138,2017,67,22,NaN,NaN,NaN,0,0,1,1,0,19
138,2017,1196,17,NaN,NaN,NaN,0,0,1,1,0,2
138,2017,1535,14,NaN,NaN,NaN,0,0,1,1,0,10
138,2017,106,10,NaN,NaN,NaN,0,0,1,1,0,0
138,2017,763,8,NaN,NaN,NaN,0,0,1,1,0,20
138,2017,607,12,NaN,NaN,NaN,0,0,1,1,0,4
138,2017,767,21,NaN,NaN,NaN,0,0,1,1,0,18
138,2017,16,5,NaN,NaN,NaN,0,0,1,1,0,0
138,2017,554,12,NaN,NaN,NaN,0,0,1,1,0,0
138,2017,1457,5,NaN,NaN,NaN,0,0,1,1,0,11
138,2017,255,16,NaN,NaN,NaN,0,0,1,0,0,22
138,2017,247,17,NaN,NaN,NaN,0,0,1,1,0,0
138,2017,1144,16,NaN,NaN,NaN,0,0,1,0,0,0
138,2017,568,7,NaN,NaN,NaN,0,0,1,0,0,0
138,2017,907,15,NaN,NaN,NaN,0,0,1,0,0,0
138,2017,1038,11,NaN,NaN,NaN,0,0,1,1,0,0
138,2017,1122,13,NaN,NaN,NaN,0,0,1,1,0,0
138,2017,1178,4,NaN,NaN,NaN,0,0,1,1,0,0
138,2017,427,22,NaN,NaN,NaN,0,0,1,1,0,9
138,2017,1497,3,NaN,NaN,NaN,0,0,1,1,0,0
138,2017,634,11,NaN,NaN,NaN,0,0,1,1,0,7
138,2017,1368,14,NaN,NaN,NaN,0,0,1,0,0,13
138,2017,1268,17,NaN,NaN,NaN,0,0,1,1,0,0
138,2017,347,5,NaN,NaN,NaN,0,0,1,0,0,0
138,2017,1598,10,NaN,NaN,NaN,0,0,1,1,0,19
138,2017,922,5,NaN,NaN,NaN,0,0,1,1,0,8
138,2017,376,11,NaN,NaN,NaN,0,0,1,1,0,5
138,2017,276,19,NaN,NaN,NaN,0,0,1,1,0,2
138,2017,968,17,NaN,NaN,NaN,0,0,1,1,0,1
138,2017,390,13,NaN,NaN,NaN,0,0,1,1,0,0
138,2017,813,20,NaN,NaN,NaN,0,0.478363774321116,1,1,0,1
138,2017,729,4,NaN,NaN,NaN,0,0,1,1,0,15
138,2017,102,2,NaN,NaN,NaN,0,0,1,1,0,0
138,2017,80,22,NaN,NaN,NaN,0,0,1,1,0,5
138,2017,272,1,NaN,NaN,NaN,0,0,1,1,0,0
138,2017,47,18,NaN,NaN,NaN,0,0,1,1,0,8
138,2017,1021,12,NaN,NaN,NaN,0,0,1,1,0,0
138,2017,174,7,NaN,NaN,NaN,0,0,1,0,0,22
138,2017,151,12,NaN,NaN,NaN,0,0,1,1,0,2
138,2017,1391,8,NaN,NaN,NaN,0,0,1,1,0,4
138,2017,1024,2,NaN,NaN,NaN,0,0,1,0,0,17
138,2017,745,1,NaN,NaN,NaN,0,0,1,1,0,0
138,2017,931,4,NaN,NaN,NaN,0,0,1,1,0,0
138,2017,541,1,NaN,NaN,NaN,0,0,1,1,0,17
138,2017,87,13,NaN,NaN,NaN,0,0,1,0,0,0
138,2017,803,21,NaN,NaN,NaN,0,0,1,1,0,2
138,2017,738,17,NaN,NaN,NaN,0,0,1,0,0,21
138,2017,1441,18,NaN,NaN,NaN,0,0,1,1,0,0
138,2017,1584,1,NaN,NaN,NaN,0,0,1,0,0,0
138,2017,233,5,NaN,NaN,NaN,0,0,1,1,0,0
138,2017,1215,12,NaN,NaN,NaN,0,0,1,0,0,0
138,2017,27,21,NaN,NaN,NaN,0,0,1,1,0,17
138,2017,243,21,NaN,NaN,NaN,0,0,1,1,0,17
138,2017,372,6,NaN,NaN,NaN,0,0,1,1,0,0
138,2017,447,13,NaN,NaN,NaN,0,0,1,1,0,5
138,2017,534,12,NaN,NaN,NaN,0,0,1,1,0,21
138,2017,1186,18,NaN,NaN,NaN,0,0,1,1,0,0
138,2017,1305,16,NaN,NaN,NaN,0,0,1,1,0,0
138,2017,1169,5,NaN,NaN,NaN,0,0,1,0,0,0
138,2017,1124,5,NaN,NaN,NaN,0,0,1,1,0,20
138,2017,887,11,NaN,NaN,NaN,0,0,1,1,0,9
138,2017,323,4,NaN,NaN,NaN,0,0,1,1,0,5
138,2017,1599,1,NaN,NaN,NaN,0,0,1,1,0,8
138,2017,1107,20,NaN,NaN,NaN,0,0,1,0,0,5
138,2017,1043,18,NaN,NaN,NaN,0,0,1,1,0,0
138,2017,183,6,NaN,NaN,NaN,0,0,1,0,0,0
138,2017,487,5,NaN,NaN,NaN,0,0,1,1,0,0
138,2017,800,4,NaN,NaN,NaN,0,0,1,1,0,3
138,2017,722,1,NaN,NaN,NaN,0,0,1,1,0,0
138,2017,821,11,NaN,NaN,NaN,0,0,1,0,0,22
138,2017,545,10,NaN,NaN,NaN,0,0,1,1,0,0
138,2017,1199,14,NaN,NaN,NaN,0,0,1,1,0,11
138,2017,1034,14,NaN,NaN,NaN,0,0,1,1,0,13
138,2017,1227,18,NaN,NaN,NaN,0,0,1,1,0,20
138,2017,1465,3,NaN,NaN,NaN,0,0,1,1,0,9
139,2017,887,9,NaN,NaN,NaN,0,0,1,1,0,1
139,2017,1598,19,NaN,NaN,NaN,0,0,1,1,0,0
139,2017,1215,12,NaN,NaN,NaN,0,0,1,0,0,0
139,2017,821,22,NaN,NaN,NaN,0,0,1,0,0,3
139,2017,541,17,NaN,NaN,NaN,0,0,1,1,0,9
139,2017,803,2,NaN,NaN,NaN,0,0,1,1,0,3
139,2017,376,5,NaN,NaN,NaN,0,0,1,1,0,12
139,2017,1186,18,NaN,NaN,NaN,0,0,1,1,0,0
139,2017,1465,9,NaN,NaN,NaN,0,0,1,1,0,21
139,2017,813,1,NaN,NaN,NaN,0,0.478363774321116,1,1,0,0
139,2017,1034,13,NaN,NaN,NaN,0,0,1,1,0,2
139,2017,243,17,NaN,NaN,NaN,0,0,1,1,0,3
139,2017,1043,18,NaN,NaN,NaN,0,0,1,1,0,16
139,2017,1199,11,NaN,NaN,NaN,0,0,1,1,0,17
139,2017,745,1,NaN,NaN,NaN,0,0,1,1,0,0
139,2017,1169,5,NaN,NaN,NaN,0,0,1,0,0,16
139,2017,767,18,NaN,NaN,NaN,0,0,1,1,0,16
139,2017,255,22,NaN,NaN,NaN,0,0,1,0,0,0
139,2017,67,19,NaN,NaN,NaN,0,0,1,1,0,6
139,2017,323,5,NaN,NaN,NaN,0,0,1,1,0,20
139,2017,568,7,NaN,NaN,NaN,0,0,1,0,0,1
139,2017,1122,13,NaN,NaN,NaN,0,0,1,1,0,12
139,2017,1391,4,NaN,NaN,NaN,0,0,1,1,0,0
139,2017,372,6,NaN,NaN,NaN,0,0,1,1,0,0
139,2017,151,2,NaN,NaN,NaN,0,0,1,1,0,0
139,2017,1144,16,NaN,NaN,NaN,0,0,1,0,0,0
139,2017,907,15,NaN,NaN,NaN,0,0,1,0,0,0
139,2017,1024,17,NaN,NaN,NaN,0,0,1,0,0,6
139,2017,1003,11,NaN,NaN,NaN,0,0,1,1,0,0
139,2017,922,8,NaN,NaN,NaN,0,0,1,1,0,5
139,2017,1038,11,NaN,NaN,NaN,0,0,1,1,0,13
139,2017,763,20,NaN,NaN,NaN,0,0,1,1,0,1
139,2017,722,1,NaN,NaN,NaN,0,0,1,1,0,0
139,2017,968,1,NaN,NaN,NaN,0,0,1,1,0,0
139,2017,634,7,NaN,NaN,NaN,0,0,1,1,0,0
139,2017,1227,20,NaN,NaN,NaN,0,0,1,1,0,15
139,2017,20,7,NaN,NaN,NaN,0,0,1,1,0,13
139,2017,347,5,NaN,NaN,NaN,0,0,1,0,0,0
139,2017,1196,2,NaN,NaN,NaN,0,0,1,1,0,1
139,2017,1457,11,NaN,NaN,NaN,0,0,1,1,0,21
139,2017,80,5,NaN,NaN,NaN,0,0,1,1,0,0
139,2017,47,8,NaN,NaN,NaN,0,0,1,1,0,2
139,2017,534,21,NaN,NaN,NaN,0,0,1,1,0,6
139,2017,27,17,NaN,NaN,NaN,0,0,1,1,0,0
139,2017,545,10,NaN,NaN,NaN,0,0,1,1,0,0
139,2017,1535,10,NaN,NaN,NaN,0,0,1,1,0,4
139,2017,1439,9,NaN,NaN,NaN,0,0,1,1,0,0
139,2017,1599,8,NaN,NaN,NaN,0,0,1,1,0,20
139,2017,1021,12,NaN,NaN,NaN,0,0,1,1,0,0
139,2017,738,21,NaN,NaN,NaN,0,0,1,0,0,0
139,2017,1124,20,NaN,NaN,NaN,0,0,1,1,0,5
139,2017,1107,5,NaN,NaN,NaN,0,0,1,0,0,0
139,2017,1497,3,NaN,NaN,NaN,0,0,1,1,0,0
139,2017,1305,16,NaN,NaN,NaN,0,0,1,1,0,17
139,2017,233,5,NaN,NaN,NaN,0,0,1,1,0,18
139,2017,410,6,NaN,NaN,NaN,0,0,1,0,0,15
139,2017,102,2,NaN,NaN,NaN,0,0,1,1,0,7
139,2017,1178,4,NaN,NaN,NaN,0,0,1,1,0,0
139,2017,87,13,NaN,NaN,NaN,0,0,1,0,0,0
139,2017,183,6,NaN,NaN,NaN,0,0,1,0,0,0
139,2017,272,1,NaN,NaN,NaN,0,0,1,1,0,0
139,2017,554,12,NaN,NaN,NaN,0,0,1,1,0,16
139,2017,607,4,NaN,NaN,NaN,0,0,1,1,0,6
139,2017,16,5,NaN,NaN,NaN,0,0,1,1,0,0
139,2017,447,5,NaN,NaN,NaN,0,0,1,1,0,0
139,2017,390,13,NaN,NaN,NaN,0,0,1,1,0,0
139,2017,625,12,NaN,NaN,NaN,0,0,1,1,0,5
139,2017,1441,18,NaN,NaN,NaN,0,0,1,1,0,0
139,2017,1394,20,NaN,NaN,NaN,0,0,1,1,0,21
139,2017,800,3,NaN,NaN,NaN,0,0,1,1,0,15
139,2017,487,5,NaN,NaN,NaN,0,0,1,1,0,4
139,2017,106,10,NaN,NaN,NaN,0,0,1,1,0,1
139,2017,1268,17,NaN,NaN,NaN,0,0,1,1,0,6
139,2017,247,17,NaN,NaN,NaN,0,0,1,1,0,1
139,2017,174,22,NaN,NaN,NaN,0,0,1,0,0,0
139,2017,1584,1,NaN,NaN,NaN,0,0,1,0,0,0
139,2017,931,4,NaN,NaN,NaN,0,0,1,1,0,12
139,2017,427,9,NaN,NaN,NaN,0,0,1,1,0,13
139,2017,1130,7,NaN,NaN,NaN,0,0,1,0,0,0
139,2017,276,2,NaN,NaN,NaN,0,0,1,1,0,19
139,2017,1368,13,NaN,NaN,NaN,0,0,1,0,0,0
139,2017,44,6,NaN,NaN,NaN,0,0,1,1,0,20
140,2017,174,22,NaN,NaN,NaN,0,0,1,0,0,0
140,2017,625,5,NaN,NaN,NaN,0,0,1,1,0,11
140,2017,1122,12,NaN,NaN,NaN,0,0,1,1,0,14
140,2017,183,6,NaN,NaN,NaN,0,0,1,0,0,0
140,2017,763,1,NaN,NaN,NaN,0,0,1,1,0,16
140,2017,390,13,NaN,NaN,NaN,0,0,1,1,0,0
140,2017,1043,16,NaN,NaN,NaN,0,0,1,1,0,13
140,2017,1441,18,NaN,NaN,NaN,0,0,1,1,0,0
140,2017,931,12,NaN,NaN,NaN,0,0,1,1,0,17
140,2017,922,5,NaN,NaN,NaN,0,0,1,1,0,3
140,2017,968,1,NaN,NaN,NaN,0,0,1,1,0,14
140,2017,1124,5,NaN,NaN,NaN,0,0,1,1,0,22
140,2017,87,13,NaN,NaN,NaN,0,0,1,0,0,10
140,2017,1368,13,NaN,NaN,NaN,0,0,1,0,0,0
140,2017,767,16,NaN,NaN,NaN,0,0,1,1,0,18
140,2017,255,22,NaN,NaN,NaN,0,0,1,0,0,16
140,2017,821,3,NaN,NaN,NaN,0,0,1,0,0,0
140,2017,1196,1,NaN,NaN,NaN,0,0,1,1,0,0
140,2017,545,10,NaN,NaN,NaN,0,0,1,1,0,0
140,2017,1021,12,NaN,NaN,NaN,0,0,1,1,0,0
140,2017,534,6,NaN,NaN,NaN,0,0,1,1,0,13
140,2017,102,7,NaN,NaN,NaN,0,0,1,1,0,20
140,2017,16,5,NaN,NaN,NaN,0,0,1,1,0,0
140,2017,67,6,NaN,NaN,NaN,0,0,1,1,0,0
140,2017,243,3,NaN,NaN,NaN,0,0,1,1,0,4
140,2017,20,13,NaN,NaN,NaN,0,0,1,1,0,0
140,2017,323,20,NaN,NaN,NaN,0,0,1,1,0,0
140,2017,1268,6,NaN,NaN,NaN,0,0,1,1,0,21
140,2017,410,15,NaN,NaN,NaN,0,0,1,0,0,0
140,2017,1199,17,NaN,NaN,NaN,0,0,1,1,0,11
140,2017,745,1,NaN,NaN,NaN,0,0,1,1,0,0
140,2017,1465,21,NaN,NaN,NaN,0,0,1,1,0,0
140,2017,722,1,NaN,NaN,NaN,0,0,1,1,0,0
140,2017,47,2,NaN,NaN,NaN,0,0,1,1,0,8
140,2017,376,12,NaN,NaN,NaN,0,0,1,1,0,0
140,2017,803,3,NaN,NaN,NaN,0,0,1,1,0,0
140,2017,1227,15,NaN,NaN,NaN,0,0,1,1,0,5
140,2017,1186,18,NaN,NaN,NaN,0,0,1,1,0,21
140,2017,800,15,NaN,NaN,NaN,0,0,1,1,0,18
140,2017,372,6,NaN,NaN,NaN,0,0,1,1,0,15
140,2017,1169,16,NaN,NaN,NaN,0,0,1,0,0,6
140,2017,1497,3,NaN,NaN,NaN,0,0,1,1,0,0
140,2017,447,5,NaN,NaN,NaN,0,0,1,1,0,3
140,2017,347,5,NaN,NaN,NaN,0,0,1,0,0,13
140,2017,568,1,NaN,NaN,NaN,0,0,1,0,0,0
140,2017,1584,1,NaN,NaN,NaN,0,0,1,0,0,0
140,2017,27,17,NaN,NaN,NaN,0,0,1,1,0,16
140,2017,541,9,NaN,NaN,NaN,0,0,1,1,0,18
140,2017,813,1,NaN,NaN,NaN,0,0.478363774321116,1,1,0,18
140,2017,738,21,NaN,NaN,NaN,0,0,1,0,0,0
140,2017,1598,19,NaN,NaN,NaN,0,0,1,1,0,0
140,2017,1599,20,NaN,NaN,NaN,0,0,1,1,0,8
140,2017,1394,21,NaN,NaN,NaN,0,0,1,1,0,17
140,2017,247,1,NaN,NaN,NaN,0,0,1,1,0,21
140,2017,1107,5,NaN,NaN,NaN,0,0,1,0,0,0
140,2017,1130,7,NaN,NaN,NaN,0,0,1,0,0,22
140,2017,1305,17,NaN,NaN,NaN,0,0,1,1,0,19
140,2017,233,18,NaN,NaN,NaN,0,0,1,1,0,20
140,2017,1391,4,NaN,NaN,NaN,0,0,1,1,0,0
140,2017,1038,13,NaN,NaN,NaN,0,0,1,1,0,0
140,2017,1144,16,NaN,NaN,NaN,0,0,1,0,0,0
140,2017,1003,11,NaN,NaN,NaN,0,0,1,1,0,0
140,2017,276,19,NaN,NaN,NaN,0,0,1,1,0,0
140,2017,554,16,NaN,NaN,NaN,0,0,1,1,0,14
140,2017,634,7,NaN,NaN,NaN,0,0,1,1,0,0
140,2017,1215,12,NaN,NaN,NaN,0,0,1,0,0,0
140,2017,151,2,NaN,NaN,NaN,0,0,1,1,0,4
140,2017,1024,6,NaN,NaN,NaN,0,0,1,0,0,0
140,2017,44,20,NaN,NaN,NaN,0,0,1,1,0,5
140,2017,1535,4,NaN,NaN,NaN,0,0,1,1,0,19
140,2017,272,1,NaN,NaN,NaN,0,0,1,1,0,0
140,2017,887,1,NaN,NaN,NaN,0,0,1,1,0,21
140,2017,427,13,NaN,NaN,NaN,0,0,1,1,0,0
140,2017,106,1,NaN,NaN,NaN,0,0,1,1,0,10
140,2017,1439,9,NaN,NaN,NaN,0,0,1,1,0,0
140,2017,1457,21,NaN,NaN,NaN,0,0,1,1,0,0
140,2017,907,15,NaN,NaN,NaN,0,0,1,0,0,22
140,2017,607,6,NaN,NaN,NaN,0,0,1,1,0,12
140,2017,80,5,NaN,NaN,NaN,0,0,1,1,0,0
140,2017,487,4,NaN,NaN,NaN,0,0,1,1,0,11
140,2017,1178,4,NaN,NaN,NaN,0,0,1,1,0,12
140,2017,1034,2,NaN,NaN,NaN,0,0,1,1,0,13
141,2017,907,22,NaN,NaN,NaN,0,9.01432065639736,1,1,1,13
141,2017,1598,19,NaN,NaN,NaN,0,0,1,1,0,0
141,2017,1305,19,NaN,NaN,NaN,0,0,1,1,0,21
141,2017,80,5,NaN,NaN,NaN,0,0,1,1,0,4
141,2017,372,15,NaN,NaN,NaN,0,0,1,1,0,20
141,2017,968,14,NaN,NaN,NaN,0,0,1,1,0,5
141,2017,922,3,NaN,NaN,NaN,0,0,1,1,0,19
141,2017,634,7,NaN,NaN,NaN,0,4.38012578493501,1,1,1,14
141,2017,1196,1,NaN,NaN,NaN,0,0,1,1,0,15
141,2017,376,12,NaN,NaN,NaN,0,0,1,1,0,0
141,2017,247,21,NaN,NaN,NaN,0,0,1,1,0,0
141,2017,1038,13,NaN,NaN,NaN,0,0.0469842740937043,1,1,0,0
141,2017,1024,6,NaN,NaN,NaN,0,7.54131844782744,1,1,1,16
141,2017,800,18,NaN,NaN,NaN,0,5.81795188284762,1,1,1,3
141,2017,323,20,NaN,NaN,NaN,0,0,1,1,0,5
141,2017,1178,12,NaN,NaN,NaN,0,7.72519236963933,1,1,1,21
141,2017,1497,3,NaN,NaN,NaN,0,0,1,1,0,13
141,2017,174,22,NaN,NaN,NaN,0,10.0765960674365,1,1,1,14
141,2017,102,20,NaN,NaN,NaN,0,0,1,1,0,3
141,2017,821,3,NaN,NaN,NaN,0,6.58329594148445,1,1,1,6
141,2017,1599,8,NaN,NaN,NaN,0,0,1,1,0,0
141,2017,1439,9,NaN,NaN,NaN,0,0,1,1,0,0
141,2017,1268,21,NaN,NaN,NaN,0,0,1,1,0,5
141,2017,106,10,NaN,NaN,NaN,0,5.64644659479058,1,1,1,6
141,2017,931,17,NaN,NaN,NaN,0,0,1,1,0,12
141,2017,87,10,NaN,NaN,NaN,0,2.68222318250918,1,1,1,3
141,2017,1043,13,NaN,NaN,NaN,0,0,1,1,0,0
141,2017,1107,5,NaN,NaN,NaN,0,5.63920661795461,1,1,1,6
141,2017,276,19,NaN,NaN,NaN,0,0,1,1,0,0
141,2017,390,13,NaN,NaN,NaN,0,4.12747644026583,1,1,1,3
141,2017,233,20,NaN,NaN,NaN,0,0,1,1,0,13
141,2017,47,8,NaN,NaN,NaN,0,0,1,1,0,4
141,2017,1457,21,NaN,NaN,NaN,0,0,1,1,0,13
141,2017,1169,6,NaN,NaN,NaN,0,2.70198687210825,1,1,1,13
141,2017,803,3,NaN,NaN,NaN,0,0,1,1,0,11
141,2017,722,1,NaN,NaN,NaN,0,0,1,1,0,0
141,2017,1227,5,NaN,NaN,NaN,0,0,1,1,0,17
141,2017,1391,4,NaN,NaN,NaN,0,0,1,1,0,0
141,2017,568,1,NaN,NaN,NaN,0,8.45618250070437,1,1,1,5
141,2017,738,21,NaN,NaN,NaN,0,4.83387804347727,1,1,1,17
141,2017,1368,13,NaN,NaN,NaN,0,7.05472536645634,1,1,1,14
141,2017,1144,16,NaN,NaN,NaN,0,9.32222902350292,1,1,1,11
141,2017,1034,13,NaN,NaN,NaN,0,0.159609015699699,1,1,0,7
141,2017,1003,11,NaN,NaN,NaN,0,0,1,1,0,20
141,2017,1199,11,NaN,NaN,NaN,0,0,1,1,0,0
141,2017,243,4,NaN,NaN,NaN,0,0.304175362581109,1,1,0,6
141,2017,272,1,NaN,NaN,NaN,0,0,1,1,0,0
141,2017,545,10,NaN,NaN,NaN,0,0,1,1,0,0
141,2017,1535,19,NaN,NaN,NaN,0,0,1,1,0,0
141,2017,347,13,NaN,NaN,NaN,0,1.22895414709225,1,1,1,18
141,2017,1122,14,NaN,NaN,NaN,0,0.299795759852731,1,1,0,11
141,2017,447,3,NaN,NaN,NaN,0,0,1,1,0,15
141,2017,541,18,NaN,NaN,NaN,0,0,1,1,0,0
141,2017,745,1,NaN,NaN,NaN,0,0,1,1,0,0
141,2017,487,11,NaN,NaN,NaN,0,0,1,1,0,6
141,2017,1465,21,NaN,NaN,NaN,0,0,1,1,0,0
141,2017,1186,21,NaN,NaN,NaN,0,0,1,1,0,16
141,2017,44,5,NaN,NaN,NaN,0,0,1,1,0,0
141,2017,20,13,NaN,NaN,NaN,0,0,1,1,0,0
141,2017,763,16,NaN,NaN,NaN,0,0,1,1,0,1
141,2017,887,21,NaN,NaN,NaN,0,0,1,1,0,11
141,2017,625,11,NaN,NaN,NaN,0,0,1,1,0,19
141,2017,410,15,NaN,NaN,NaN,0,6.21468635093051,1,1,1,2
141,2017,16,5,NaN,NaN,NaN,0,0,1,1,0,13
141,2017,27,16,NaN,NaN,NaN,0,0,1,1,0,6
141,2017,1215,12,NaN,NaN,NaN,0,7.85326022904867,1,1,1,19
141,2017,255,16,NaN,NaN,NaN,0,7.01000043359568,1,1,1,22
141,2017,1584,1,NaN,NaN,NaN,0,8.13587524598258,1,1,1,11
141,2017,1124,22,NaN,NaN,NaN,0,0,1,1,0,6
141,2017,554,14,NaN,NaN,NaN,0,0.48166616837945,1,1,0,13
141,2017,813,18,NaN,NaN,NaN,0,4.95516913900967,1,1,1,2
141,2017,67,6,NaN,NaN,NaN,0,4.89541449096264,1,1,1,3
141,2017,607,12,NaN,NaN,NaN,0,7.41465689866415,1,1,1,21
141,2017,534,13,NaN,NaN,NaN,0,0,1,1,0,12
141,2017,1021,12,NaN,NaN,NaN,0,7.40625631788587,1,1,1,17
141,2017,151,4,NaN,NaN,NaN,0,0,1,1,0,7
141,2017,1394,17,NaN,NaN,NaN,0,0,1,1,0,6
141,2017,1130,22,NaN,NaN,NaN,0,9.09757796462832,1,1,1,9
141,2017,183,6,NaN,NaN,NaN,0,0,1,1,0,0
141,2017,1441,18,NaN,NaN,NaN,0,2.05067874724489,1,1,1,4
141,2017,767,18,NaN,NaN,NaN,0,0,1,1,0,19
142,2018,1196,15,NaN,NaN,NaN,0,0,1,1,0,13
142,2018,80,4,NaN,NaN,NaN,0,0,1,1,0,1
142,2018,1227,17,NaN,NaN,NaN,0,0,1,1,0,5
142,2018,1169,13,NaN,NaN,NaN,0,0,1,0,0,0
142,2018,1497,13,NaN,NaN,NaN,0,0,1,1,0,11
142,2018,67,3,NaN,NaN,NaN,0,0,1,0,0,0
142,2018,1038,13,NaN,NaN,NaN,0,0.0469842740937043,1,1,0,0
142,2018,1268,5,NaN,NaN,NaN,0,0,1,1,0,13
142,2018,1144,11,NaN,NaN,NaN,0,0,1,0,0,15
142,2018,1124,6,NaN,NaN,NaN,0,0,1,1,0,10
142,2018,931,12,NaN,NaN,NaN,0,0,1,1,0,0
142,2018,1034,7,NaN,NaN,NaN,0,0.159609015699699,1,1,0,13
142,2018,247,21,NaN,NaN,NaN,0,0,1,1,0,0
142,2018,922,19,NaN,NaN,NaN,0,0,1,1,0,16
142,2018,255,22,NaN,NaN,NaN,0,0,1,0,0,0
142,2018,534,12,NaN,NaN,NaN,0,0,1,1,0,0
142,2018,800,3,NaN,NaN,NaN,0,0,1,0,0,0
142,2018,1465,21,NaN,NaN,NaN,0,0,1,1,0,0
142,2018,376,12,NaN,NaN,NaN,0,0,1,1,0,8
142,2018,541,18,NaN,NaN,NaN,0,0,1,1,0,6
142,2018,1043,13,NaN,NaN,NaN,0,0,1,1,0,0
142,2018,1599,8,NaN,NaN,NaN,0,0,1,1,0,7
142,2018,183,6,NaN,NaN,NaN,0,0,1,1,0,0
142,2018,347,18,NaN,NaN,NaN,0,0,1,0,0,13
142,2018,1391,4,NaN,NaN,NaN,0,0,1,1,0,0
142,2018,106,6,NaN,NaN,NaN,0,0,1,0,0,1
142,2018,47,4,NaN,NaN,NaN,0,0,1,1,0,11
142,2018,20,13,NaN,NaN,NaN,0,0,1,1,0,6
142,2018,243,6,NaN,NaN,NaN,0,0.304175362581109,1,1,0,3
142,2018,1584,11,NaN,NaN,NaN,0,0,1,0,0,6
142,2018,1215,19,NaN,NaN,NaN,0,0,1,0,0,0
142,2018,372,20,NaN,NaN,NaN,0,0,1,1,0,2
142,2018,174,14,NaN,NaN,NaN,0,0,1,0,0,11
142,2018,1199,11,NaN,NaN,NaN,0,0,1,1,0,6
142,2018,813,2,NaN,NaN,NaN,0,0,1,0,0,18
142,2018,87,3,NaN,NaN,NaN,0,0,1,0,0,10
142,2018,1021,17,NaN,NaN,NaN,0,0,1,0,0,12
142,2018,1394,6,NaN,NaN,NaN,0,0,1,1,0,15
142,2018,323,5,NaN,NaN,NaN,0,0,1,1,0,13
142,2018,1535,19,NaN,NaN,NaN,0,0,1,1,0,13
142,2018,276,19,NaN,NaN,NaN,0,0,1,1,0,4
142,2018,447,15,NaN,NaN,NaN,0,0,1,1,0,0
142,2018,151,7,NaN,NaN,NaN,0,0,1,1,0,12
142,2018,968,5,NaN,NaN,NaN,0,0,1,1,0,0
142,2018,545,10,NaN,NaN,NaN,0,0,1,1,0,0
142,2018,767,19,NaN,NaN,NaN,0,0,1,1,0,5
142,2018,1186,16,NaN,NaN,NaN,0,0,1,1,0,0
142,2018,803,11,NaN,NaN,NaN,0,0,1,1,0,10
142,2018,745,1,NaN,NaN,NaN,0,0,1,1,0,9
142,2018,607,21,NaN,NaN,NaN,0,0,1,0,0,5
142,2018,1305,21,NaN,NaN,NaN,0,0,1,1,0,13
142,2018,1439,9,NaN,NaN,NaN,0,0,1,1,0,0
142,2018,1598,19,NaN,NaN,NaN,0,0,1,1,0,0
142,2018,738,17,NaN,NaN,NaN,0,0,1,0,0,21
142,2018,1368,14,NaN,NaN,NaN,0,0,1,0,0,13
142,2018,1457,13,NaN,NaN,NaN,0,0,1,1,0,0
142,2018,1122,11,NaN,NaN,NaN,0,0.299795759852731,1,1,0,0
142,2018,390,3,NaN,NaN,NaN,0,0,1,0,0,0
142,2018,887,11,NaN,NaN,NaN,0,0,1,1,0,1
142,2018,763,1,NaN,NaN,NaN,0,0,1,1,0,0
142,2018,410,2,NaN,NaN,NaN,0,0,1,0,0,0
142,2018,625,19,NaN,NaN,NaN,0,0,1,1,0,18
142,2018,634,14,NaN,NaN,NaN,0,0,1,0,0,0
142,2018,1024,16,NaN,NaN,NaN,0,0,1,0,0,6
142,2018,487,6,NaN,NaN,NaN,0,0,1,1,0,20
142,2018,272,1,NaN,NaN,NaN,0,0,1,1,0,0
142,2018,233,13,NaN,NaN,NaN,0,0,1,1,0,5
142,2018,821,6,NaN,NaN,NaN,0,0,1,0,0,0
142,2018,1178,21,NaN,NaN,NaN,0,0,1,0,0,12
142,2018,102,3,NaN,NaN,NaN,0,0,1,1,0,17
142,2018,1107,6,NaN,NaN,NaN,0,0,1,0,0,5
142,2018,554,13,NaN,NaN,NaN,0,0.48166616837945,1,1,0,18
142,2018,568,5,NaN,NaN,NaN,0,0,1,0,0,0
142,2018,44,5,NaN,NaN,NaN,0,0,1,1,0,8
142,2018,1130,9,NaN,NaN,NaN,0,0,1,0,0,0
142,2018,907,13,NaN,NaN,NaN,0,0,1,0,0,0
142,2018,1003,20,NaN,NaN,NaN,0,0,1,1,0,8
142,2018,1441,4,NaN,NaN,NaN,0,0,1,0,0,18
142,2018,27,6,NaN,NaN,NaN,0,0,1,1,0,9
142,2018,16,13,NaN,NaN,NaN,0,0,1,1,0,9
143,2018,887,1,NaN,NaN,NaN,0,0,1,1,0,0
143,2018,968,5,NaN,NaN,NaN,0,0,1,1,0,15
143,2018,410,2,NaN,NaN,NaN,0,0,1,0,0,0
143,2018,1268,13,NaN,NaN,NaN,0,0,1,1,0,20
143,2018,1584,6,NaN,NaN,NaN,0,0,1,0,0,5
143,2018,1391,4,NaN,NaN,NaN,0,0,1,1,0,0
143,2018,255,22,NaN,NaN,NaN,0,0,1,0,0,0
143,2018,243,3,NaN,NaN,NaN,0,0.304175362581109,1,1,0,0
143,2018,347,13,NaN,NaN,NaN,0,0,1,0,0,0
143,2018,541,6,NaN,NaN,NaN,0,0,1,1,0,19
143,2018,554,18,NaN,NaN,NaN,0,0.48166616837945,1,1,0,4
143,2018,27,9,NaN,NaN,NaN,0,0,1,1,0,6
143,2018,1178,12,NaN,NaN,NaN,0,0,1,0,0,0
143,2018,1227,5,NaN,NaN,NaN,0,0,1,1,0,0
143,2018,1169,13,NaN,NaN,NaN,0,0,1,0,0,0
143,2018,67,3,NaN,NaN,NaN,0,0,1,0,0,0
143,2018,1107,5,NaN,NaN,NaN,0,0,1,0,0,0
143,2018,1497,11,NaN,NaN,NaN,0,0,1,1,0,4
143,2018,1122,11,NaN,NaN,NaN,0,0.299795759852731,1,1,0,5
143,2018,1034,13,NaN,NaN,NaN,0,0.159609015699699,1,1,0,8
143,2018,625,18,NaN,NaN,NaN,0,0,1,1,0,4
143,2018,1043,13,NaN,NaN,NaN,0,0,1,1,0,0
143,2018,1599,7,NaN,NaN,NaN,0,0,1,1,0,13
143,2018,487,20,NaN,NaN,NaN,0,0,1,1,0,15
143,2018,390,3,NaN,NaN,NaN,0,0,1,0,0,0
143,2018,183,6,NaN,NaN,NaN,0,0,1,1,0,4
143,2018,372,2,NaN,NaN,NaN,0,0,1,1,0,0
143,2018,1199,6,NaN,NaN,NaN,0,0,1,1,0,1
143,2018,534,12,NaN,NaN,NaN,0,0,1,1,0,0
143,2018,1305,13,NaN,NaN,NaN,0,0,1,1,0,15
143,2018,1130,9,NaN,NaN,NaN,0,0,1,0,0,0
143,2018,1038,13,NaN,NaN,NaN,0,0.0469842740937043,1,1,0,0
143,2018,1215,19,NaN,NaN,NaN,0,0,1,0,0,0
143,2018,44,8,NaN,NaN,NaN,0,0,1,1,0,20
143,2018,1598,19,NaN,NaN,NaN,0,0,1,1,0,12
143,2018,276,4,NaN,NaN,NaN,0,0,1,1,0,0
143,2018,545,10,NaN,NaN,NaN,0,0,1,1,0,0
143,2018,907,13,NaN,NaN,NaN,0,0,1,0,0,0
143,2018,813,18,NaN,NaN,NaN,0,0,1,0,0,1
143,2018,323,13,NaN,NaN,NaN,0,0,1,1,0,15
143,2018,634,14,NaN,NaN,NaN,0,0,1,0,0,17
143,2018,447,15,NaN,NaN,NaN,0,0,1,1,0,0
143,2018,1196,13,NaN,NaN,NaN,0,0,1,1,0,0
143,2018,376,8,NaN,NaN,NaN,0,0,1,1,0,16
143,2018,247,21,NaN,NaN,NaN,0,0,1,1,0,5
143,2018,1144,15,NaN,NaN,NaN,0,0,1,0,0,9
143,2018,1394,15,NaN,NaN,NaN,0,0,1,1,0,21
143,2018,763,1,NaN,NaN,NaN,0,0,1,1,0,5
143,2018,16,9,NaN,NaN,NaN,0,0,1,1,0,5
143,2018,931,12,NaN,NaN,NaN,0,0,1,1,0,0
143,2018,745,9,NaN,NaN,NaN,0,0,1,1,0,10
143,2018,102,17,NaN,NaN,NaN,0,0,1,1,0,15
143,2018,1457,13,NaN,NaN,NaN,0,0,1,1,0,10
143,2018,607,5,NaN,NaN,NaN,0,0,1,0,0,8
143,2018,106,1,NaN,NaN,NaN,0,0,1,0,0,8
143,2018,20,6,NaN,NaN,NaN,0,0,1,1,0,0
143,2018,80,1,NaN,NaN,NaN,0,0,1,1,0,21
143,2018,1465,21,NaN,NaN,NaN,0,0,1,1,0,0
143,2018,1368,13,NaN,NaN,NaN,0,0,1,0,0,0
143,2018,47,11,NaN,NaN,NaN,0,0,1,1,0,12
143,2018,1021,12,NaN,NaN,NaN,0,0,1,0,0,0
143,2018,767,5,NaN,NaN,NaN,0,0,1,1,0,16
143,2018,1186,16,NaN,NaN,NaN,0,0,1,1,0,7
143,2018,803,10,NaN,NaN,NaN,0,0,1,1,0,5
143,2018,800,3,NaN,NaN,NaN,0,0,1,0,0,17
143,2018,1024,6,NaN,NaN,NaN,0,0,1,0,0,22
143,2018,738,21,NaN,NaN,NaN,0,0,1,0,0,0
143,2018,1535,13,NaN,NaN,NaN,0,0,1,1,0,11
143,2018,272,1,NaN,NaN,NaN,0,0,1,1,0,9
143,2018,233,5,NaN,NaN,NaN,0,0,1,1,0,1
143,2018,1003,8,NaN,NaN,NaN,0,0,1,1,0,12
143,2018,1439,9,NaN,NaN,NaN,0,0,1,1,0,0
143,2018,87,10,NaN,NaN,NaN,0,0,1,0,0,0
143,2018,1441,18,NaN,NaN,NaN,0,0,1,0,0,0
143,2018,1124,10,NaN,NaN,NaN,0,0,1,1,0,11
143,2018,151,12,NaN,NaN,NaN,0,0,1,1,0,0
143,2018,568,5,NaN,NaN,NaN,0,0,1,0,0,9
143,2018,174,11,NaN,NaN,NaN,0,0,1,0,0,0
143,2018,821,6,NaN,NaN,NaN,0,0,1,0,0,4
144,2018,1215,19,NaN,NaN,NaN,0,0,1,0,0,0
144,2018,907,13,NaN,NaN,NaN,0,0,1,0,0,0
144,2018,800,17,NaN,NaN,NaN,0,0,1,0,0,0
144,2018,1144,9,NaN,NaN,NaN,0,0,1,0,0,1
144,2018,272,9,NaN,NaN,NaN,0,0,1,1,0,0
144,2018,568,9,NaN,NaN,NaN,0,0,1,0,0,13
144,2018,87,10,NaN,NaN,NaN,0,0,1,0,0,0
144,2018,1598,12,NaN,NaN,NaN,0,0,1,1,0,0
144,2018,1391,4,NaN,NaN,NaN,0,0,1,1,0,0
144,2018,347,13,NaN,NaN,NaN,0,0,1,0,0,0
144,2018,243,3,NaN,NaN,NaN,0,0.304175362581109,1,1,0,20
144,2018,813,1,NaN,NaN,NaN,0,0,1,0,0,18
144,2018,20,6,NaN,NaN,NaN,0,0,1,1,0,13
144,2018,545,10,NaN,NaN,NaN,0,0,1,1,0,0
144,2018,47,12,NaN,NaN,NaN,0,0,1,1,0,9
144,2018,233,1,NaN,NaN,NaN,0,0,1,1,0,5
144,2018,887,1,NaN,NaN,NaN,0,0,1,1,0,0
144,2018,276,4,NaN,NaN,NaN,0,0,1,1,0,16
144,2018,821,4,NaN,NaN,NaN,0,0,1,0,0,8
144,2018,106,8,NaN,NaN,NaN,0,0,1,0,0,11
144,2018,183,4,NaN,NaN,NaN,0,0,1,1,0,10
144,2018,1305,15,NaN,NaN,NaN,0,0,1,1,0,7
144,2018,80,21,NaN,NaN,NaN,0,0,1,1,0,0
144,2018,968,15,NaN,NaN,NaN,0,0,1,1,0,12
144,2018,1021,12,NaN,NaN,NaN,0,0,1,0,0,0
144,2018,372,2,NaN,NaN,NaN,0,0,1,1,0,0
144,2018,1034,8,NaN,NaN,NaN,0,0.159609015699699,1,1,0,4
144,2018,634,17,NaN,NaN,NaN,0,0,1,0,0,0
144,2018,323,15,NaN,NaN,NaN,0,0,1,1,0,21
144,2018,1107,5,NaN,NaN,NaN,0,0,1,0,0,0
144,2018,255,22,NaN,NaN,NaN,0,0,1,0,0,0
144,2018,541,19,NaN,NaN,NaN,0,0,1,1,0,16
144,2018,1124,11,NaN,NaN,NaN,0,0,1,1,0,17
144,2018,1199,1,NaN,NaN,NaN,0,0,1,1,0,6
144,2018,174,11,NaN,NaN,NaN,0,0,1,0,0,0
144,2018,16,5,NaN,NaN,NaN,0,0,1,1,0,0
144,2018,1003,12,NaN,NaN,NaN,0,0,1,1,0,0
144,2018,410,2,NaN,NaN,NaN,0,0,1,0,0,0
144,2018,534,12,NaN,NaN,NaN,0,0,1,1,0,0
144,2018,554,4,NaN,NaN,NaN,0,0.48166616837945,1,1,0,16
144,2018,1024,22,NaN,NaN,NaN,0,0,1,0,0,5
144,2018,763,5,NaN,NaN,NaN,0,0,1,1,0,15
144,2018,67,3,NaN,NaN,NaN,0,0,1,0,0,2
144,2018,803,5,NaN,NaN,NaN,0,0,1,1,0,9
144,2018,1122,5,NaN,NaN,NaN,0,0.299795759852731,1,1,0,9
144,2018,745,10,NaN,NaN,NaN,0,0,1,1,0,7
144,2018,767,16,NaN,NaN,NaN,0,0,1,1,0,14
144,2018,1457,10,NaN,NaN,NaN,0,0,1,1,0,21
144,2018,1584,5,NaN,NaN,NaN,0,0,1,0,0,8
144,2018,151,12,NaN,NaN,NaN,0,0,1,1,0,0
144,2018,447,15,NaN,NaN,NaN,0,0,1,1,0,0
144,2018,1394,21,NaN,NaN,NaN,0,0,1,1,0,4
144,2018,27,6,NaN,NaN,NaN,0,0,1,1,0,0
144,2018,1268,20,NaN,NaN,NaN,0,0,1,1,0,22
144,2018,1368,13,NaN,NaN,NaN,0,0,1,0,0,0
144,2018,1043,13,NaN,NaN,NaN,0,0,1,1,0,0
144,2018,931,12,NaN,NaN,NaN,0,0,1,1,0,0
144,2018,247,5,NaN,NaN,NaN,0,0,1,1,0,3
144,2018,607,8,NaN,NaN,NaN,0,0,1,0,0,5
144,2018,1196,13,NaN,NaN,NaN,0,0,1,1,0,0
144,2018,1599,13,NaN,NaN,NaN,0,0,1,1,0,0
144,2018,102,15,NaN,NaN,NaN,0,0,1,1,0,0
144,2018,1439,9,NaN,NaN,NaN,0,0,1,1,0,17
144,2018,1465,21,NaN,NaN,NaN,0,0,1,1,0,0
144,2018,1178,12,NaN,NaN,NaN,0,0,1,0,0,10
144,2018,1441,18,NaN,NaN,NaN,0,0,1,0,0,17
144,2018,487,15,NaN,NaN,NaN,0,0,1,1,0,20
144,2018,44,20,NaN,NaN,NaN,0,0,1,1,0,5
144,2018,390,3,NaN,NaN,NaN,0,0,1,0,0,0
144,2018,1130,9,NaN,NaN,NaN,0,0,1,0,0,0
144,2018,1169,13,NaN,NaN,NaN,0,0,1,0,0,0
144,2018,1038,13,NaN,NaN,NaN,0,0.0469842740937043,1,1,0,0
144,2018,625,4,NaN,NaN,NaN,0,0,1,1,0,18
144,2018,738,21,NaN,NaN,NaN,0,0,1,0,0,0
144,2018,1186,7,NaN,NaN,NaN,0,0,1,1,0,18
144,2018,376,16,NaN,NaN,NaN,0,0,1,1,0,8
144,2018,1535,11,NaN,NaN,NaN,0,0,1,1,0,0
144,2018,1227,5,NaN,NaN,NaN,0,0,1,1,0,0
145,2018,1169,13,NaN,NaN,NaN,0,0,1,1,0,21
145,2018,20,13,NaN,NaN,NaN,0,0,1,1,0,0
145,2018,1584,8,NaN,NaN,NaN,0,0,1,1,0,14
145,2018,1227,5,NaN,NaN,NaN,0,0,1,1,0,21
145,2018,554,16,NaN,NaN,NaN,0,0,1,1,0,8
145,2018,1598,12,NaN,NaN,NaN,0,0,1,1,0,6
145,2018,1130,9,NaN,NaN,NaN,0,5.75501582983598,1,1,1,2
145,2018,106,11,NaN,NaN,NaN,0,2.96962050952177,1,1,1,15
145,2018,151,12,NaN,NaN,NaN,0,0,1,1,0,10
145,2018,1465,21,NaN,NaN,NaN,0,0,1,1,0,0
145,2018,80,21,NaN,NaN,NaN,0,0,1,1,0,0
145,2018,347,13,NaN,NaN,NaN,0,0.841588125308139,1,1,1,11
145,2018,821,8,NaN,NaN,NaN,0,0,1,1,0,4
145,2018,803,9,NaN,NaN,NaN,0,0,1,1,0,5
145,2018,1394,4,NaN,NaN,NaN,0,0,1,1,0,13
145,2018,1144,1,NaN,NaN,NaN,0,0,1,1,0,0
145,2018,1305,7,NaN,NaN,NaN,0,0,1,1,0,2
145,2018,1107,5,NaN,NaN,NaN,0,2.42030598190622,1,1,1,3
145,2018,1034,4,NaN,NaN,NaN,0,4.74813470687057,1,1,1,6
145,2018,745,7,NaN,NaN,NaN,0,0,1,1,0,10
145,2018,1535,11,NaN,NaN,NaN,0,0,1,1,0,20
145,2018,390,3,NaN,NaN,NaN,0,0,1,1,0,0
145,2018,738,21,NaN,NaN,NaN,0,2.04682876594707,1,1,1,11
145,2018,1441,17,NaN,NaN,NaN,0,0,1,1,0,15
145,2018,1024,5,NaN,NaN,NaN,0,4.38404265415973,1,1,1,12
145,2018,276,16,NaN,NaN,NaN,0,0,1,1,0,8
145,2018,1457,21,NaN,NaN,NaN,0,0,1,1,0,0
145,2018,625,18,NaN,NaN,NaN,0,0,1,1,0,11
145,2018,183,10,NaN,NaN,NaN,0,0,1,1,0,7
145,2018,243,20,NaN,NaN,NaN,0,0,1,1,0,4
145,2018,410,2,NaN,NaN,NaN,0,0,1,1,0,11
145,2018,1178,10,NaN,NaN,NaN,0,6.59647024177826,1,1,1,12
145,2018,1122,9,NaN,NaN,NaN,0,0,1,1,0,13
145,2018,634,17,NaN,NaN,NaN,0,4.29225582680222,1,1,1,8
145,2018,1199,6,NaN,NaN,NaN,0,0,1,1,0,1
145,2018,968,12,NaN,NaN,NaN,0,0,1,1,0,21
145,2018,247,3,NaN,NaN,NaN,0,0,1,1,0,0
145,2018,487,20,NaN,NaN,NaN,0,0,1,1,0,17
145,2018,44,5,NaN,NaN,NaN,0,0,1,1,0,0
145,2018,800,17,NaN,NaN,NaN,0,0,1,1,0,0
145,2018,255,22,NaN,NaN,NaN,0,5.95508592391865,1,1,1,16
145,2018,1599,13,NaN,NaN,NaN,0,0,1,1,0,0
145,2018,102,15,NaN,NaN,NaN,0,0,1,1,0,17
145,2018,1021,12,NaN,NaN,NaN,0,3.59651450073289,1,1,1,17
145,2018,47,9,NaN,NaN,NaN,0,0,1,1,0,12
145,2018,887,1,NaN,NaN,NaN,0,0,1,1,0,0
145,2018,1368,13,NaN,NaN,NaN,0,2.29108397197298,1,1,1,11
145,2018,931,12,NaN,NaN,NaN,0,0,1,1,0,0
145,2018,272,9,NaN,NaN,NaN,0,0.598751317409826,1,1,0,0
145,2018,1124,17,NaN,NaN,NaN,0,0,1,1,0,18
145,2018,233,5,NaN,NaN,NaN,0,0,1,1,0,18
145,2018,1003,12,NaN,NaN,NaN,0,0,1,1,0,10
145,2018,323,21,NaN,NaN,NaN,0,0,1,1,0,8
145,2018,174,11,NaN,NaN,NaN,0,0,1,1,0,0
145,2018,1186,18,NaN,NaN,NaN,0,0,1,1,0,21
145,2018,767,14,NaN,NaN,NaN,0,0,1,1,0,5
145,2018,67,2,NaN,NaN,NaN,0,0,1,1,0,0
145,2018,763,15,NaN,NaN,NaN,0,0,1,1,0,18
145,2018,16,5,NaN,NaN,NaN,0,0,1,1,0,9
145,2018,607,5,NaN,NaN,NaN,0,0,1,1,0,0
145,2018,87,10,NaN,NaN,NaN,0,6.32552907557469,1,1,1,13
145,2018,907,13,NaN,NaN,NaN,0,4.78535776379833,1,1,1,6
145,2018,372,2,NaN,NaN,NaN,0,0,1,1,0,3
145,2018,376,8,NaN,NaN,NaN,0,1.62582378676504,1,1,1,5
145,2018,1391,4,NaN,NaN,NaN,0,0,1,1,0,0
145,2018,1215,19,NaN,NaN,NaN,0,3.87093688806163,1,1,1,2
145,2018,541,16,NaN,NaN,NaN,0,0,1,1,0,1
145,2018,27,6,NaN,NaN,NaN,0,0,1,1,0,9
145,2018,1038,13,NaN,NaN,NaN,0,0,1,1,0,0
145,2018,1439,17,NaN,NaN,NaN,0,0,1,1,0,0
145,2018,568,13,NaN,NaN,NaN,0,2.91456012763651,1,1,1,1
145,2018,447,15,NaN,NaN,NaN,0,0,1,1,0,3
145,2018,1196,13,NaN,NaN,NaN,0,0,1,1,0,10
145,2018,534,12,NaN,NaN,NaN,0,0,1,1,0,11
145,2018,1043,13,NaN,NaN,NaN,0,0,1,1,0,0
145,2018,813,18,NaN,NaN,NaN,0,3.50035829842687,1,1,1,16
145,2018,545,10,NaN,NaN,NaN,0,1.62304286729154,1,1,1,7
145,2018,1268,22,NaN,NaN,NaN,0,0,1,1,0,13
146,2019,67,2,NaN,NaN,NaN,0,0,1,1,0,17
146,2019,1199,1,NaN,NaN,NaN,0,0,1,1,0,13
146,2019,1457,21,NaN,NaN,NaN,0,0,1,1,0,0
146,2019,541,1,NaN,NaN,NaN,0,0,1,1,0,0
146,2019,174,11,NaN,NaN,NaN,0,0,1,1,0,0
146,2019,1584,14,NaN,NaN,NaN,0,0,1,1,0,3
146,2019,87,13,NaN,NaN,NaN,0,0,1,0,0,10
146,2019,607,5,NaN,NaN,NaN,0,0,1,1,0,0
146,2019,1215,2,NaN,NaN,NaN,0,0,1,0,0,12
146,2019,803,5,NaN,NaN,NaN,0,0,1,1,0,2
146,2019,102,17,NaN,NaN,NaN,0,0,1,1,0,5
146,2019,1268,13,NaN,NaN,NaN,0,0,1,1,0,0
146,2019,1465,21,NaN,NaN,NaN,0,0,1,1,0,0
146,2019,27,9,NaN,NaN,NaN,0,0,1,1,0,0
146,2019,80,21,NaN,NaN,NaN,0,0,1,1,0,4
146,2019,634,8,NaN,NaN,NaN,0,0,1,0,0,9
146,2019,1368,11,NaN,NaN,NaN,0,0,1,0,0,13
146,2019,625,11,NaN,NaN,NaN,0,0,1,1,0,19
146,2019,447,3,NaN,NaN,NaN,0,0,1,1,0,0
146,2019,907,6,NaN,NaN,NaN,0,0,1,0,0,0
146,2019,1024,12,NaN,NaN,NaN,0,0,1,0,0,11
146,2019,545,7,NaN,NaN,NaN,0,0,1,0,0,0
146,2019,1186,21,NaN,NaN,NaN,0,0,1,1,0,0
146,2019,1130,2,NaN,NaN,NaN,0,0,1,0,0,20
146,2019,1169,21,NaN,NaN,NaN,0,0,1,1,0,0
146,2019,1003,10,NaN,NaN,NaN,0,0,1,1,0,0
146,2019,1038,13,NaN,NaN,NaN,0,0,1,1,0,0
146,2019,151,10,NaN,NaN,NaN,0,0,1,1,0,21
146,2019,372,3,NaN,NaN,NaN,0,0,1,1,0,0
146,2019,323,8,NaN,NaN,NaN,0,0,1,1,0,0
146,2019,410,11,NaN,NaN,NaN,0,0,1,1,0,0
146,2019,1391,4,NaN,NaN,NaN,0,0,1,1,0,0
146,2019,767,5,NaN,NaN,NaN,0,0,1,1,0,0
146,2019,233,18,NaN,NaN,NaN,0,0,1,1,0,4
146,2019,347,11,NaN,NaN,NaN,0,0,1,0,0,13
146,2019,183,7,NaN,NaN,NaN,0,0,1,1,0,22
146,2019,47,12,NaN,NaN,NaN,0,0,1,1,0,16
146,2019,568,1,NaN,NaN,NaN,0,0,1,0,0,0
146,2019,1144,1,NaN,NaN,NaN,0,0,1,1,0,0
146,2019,376,5,NaN,NaN,NaN,0,0,1,0,0,1
146,2019,1439,17,NaN,NaN,NaN,0,0,1,1,0,11
146,2019,272,9,NaN,NaN,NaN,0,0.598751317409826,1,1,0,3
146,2019,968,21,NaN,NaN,NaN,0,0,1,1,0,18
146,2019,554,8,NaN,NaN,NaN,0,0,1,1,0,13
146,2019,1305,2,NaN,NaN,NaN,0,0,1,1,0,15
146,2019,255,16,NaN,NaN,NaN,0,0,1,0,0,0
146,2019,20,13,NaN,NaN,NaN,0,0,1,1,0,0
146,2019,247,3,NaN,NaN,NaN,0,0,1,1,0,18
146,2019,534,11,NaN,NaN,NaN,0,0,1,1,0,16
146,2019,1441,15,NaN,NaN,NaN,0,0,1,1,0,0
146,2019,16,9,NaN,NaN,NaN,0,0,1,1,0,5
146,2019,1034,6,NaN,NaN,NaN,0,0,1,0,0,5
146,2019,243,4,NaN,NaN,NaN,0,0,1,1,0,1
146,2019,1196,10,NaN,NaN,NaN,0,0,1,1,0,21
146,2019,931,12,NaN,NaN,NaN,0,0,1,1,0,0
146,2019,276,8,NaN,NaN,NaN,0,0,1,1,0,2
146,2019,1535,20,NaN,NaN,NaN,0,0,1,1,0,0
146,2019,1178,12,NaN,NaN,NaN,0,0,1,0,0,5
146,2019,1107,3,NaN,NaN,NaN,0,0,1,0,0,5
146,2019,745,10,NaN,NaN,NaN,0,0,1,1,0,13
146,2019,1598,6,NaN,NaN,NaN,0,0,1,1,0,0
146,2019,800,17,NaN,NaN,NaN,0,0,1,1,0,14
146,2019,738,11,NaN,NaN,NaN,0,0,1,0,0,21
146,2019,1122,13,NaN,NaN,NaN,0,0,1,1,0,0
146,2019,1043,13,NaN,NaN,NaN,0,0,1,1,0,0
146,2019,1599,13,NaN,NaN,NaN,0,0,1,1,0,11
146,2019,487,17,NaN,NaN,NaN,0,0,1,1,0,10
146,2019,813,16,NaN,NaN,NaN,0,0,1,0,0,18
146,2019,44,5,NaN,NaN,NaN,0,0,1,1,0,1
146,2019,887,1,NaN,NaN,NaN,0,0,1,1,0,12
146,2019,1021,17,NaN,NaN,NaN,0,0,1,0,0,12
146,2019,1394,13,NaN,NaN,NaN,0,0,1,1,0,0
146,2019,763,18,NaN,NaN,NaN,0,0,1,1,0,5
146,2019,1227,21,NaN,NaN,NaN,0,0,1,1,0,6
146,2019,106,15,NaN,NaN,NaN,0,0,1,0,0,11
146,2019,1124,18,NaN,NaN,NaN,0,0,1,1,0,5
146,2019,390,3,NaN,NaN,NaN,0,0,1,1,0,0
147,2019,106,11,NaN,NaN,NaN,0,0,1,0,0,0
147,2019,1043,13,NaN,NaN,NaN,0,0,1,1,0,0
147,2019,541,1,NaN,NaN,NaN,0,0,1,1,0,18
147,2019,1457,21,NaN,NaN,NaN,0,0,1,1,0,11
147,2019,1003,10,NaN,NaN,NaN,0,0,1,1,0,6
147,2019,625,19,NaN,NaN,NaN,0,0,1,1,0,9
147,2019,1144,1,NaN,NaN,NaN,0,0,1,1,0,0
147,2019,800,14,NaN,NaN,NaN,0,0,1,1,0,13
147,2019,376,1,NaN,NaN,NaN,0,0,1,0,0,0
147,2019,568,1,NaN,NaN,NaN,0,0,1,0,0,18
147,2019,151,21,NaN,NaN,NaN,0,0,1,1,0,0
147,2019,20,13,NaN,NaN,NaN,0,0,1,1,0,6
147,2019,738,21,NaN,NaN,NaN,0,0,1,0,0,0
147,2019,67,17,NaN,NaN,NaN,0,0,1,1,0,7
147,2019,1439,11,NaN,NaN,NaN,0,0,1,1,0,16
147,2019,1465,21,NaN,NaN,NaN,0,0,1,1,0,0
147,2019,1394,13,NaN,NaN,NaN,0,0,1,1,0,6
147,2019,1178,5,NaN,NaN,NaN,0,0,1,0,0,18
147,2019,1599,11,NaN,NaN,NaN,0,0,1,1,0,0
147,2019,390,3,NaN,NaN,NaN,0,0,1,1,0,8
147,2019,1034,5,NaN,NaN,NaN,0,0,1,0,0,0
147,2019,763,5,NaN,NaN,NaN,0,0,1,1,0,18
147,2019,487,10,NaN,NaN,NaN,0,0,1,1,0,18
147,2019,1196,21,NaN,NaN,NaN,0,0,1,1,0,0
147,2019,887,12,NaN,NaN,NaN,0,0,1,1,0,4
147,2019,233,4,NaN,NaN,NaN,0,0,1,1,0,15
147,2019,745,13,NaN,NaN,NaN,0,0,1,1,0,0
147,2019,1169,21,NaN,NaN,NaN,0,0,1,1,0,20
147,2019,1584,3,NaN,NaN,NaN,0,0,1,1,0,1
147,2019,545,7,NaN,NaN,NaN,0,0,1,0,0,0
147,2019,27,9,NaN,NaN,NaN,0,0,1,1,0,3
147,2019,1227,6,NaN,NaN,NaN,0,0,1,1,0,5
147,2019,1024,11,NaN,NaN,NaN,0,0,1,0,0,13
147,2019,372,3,NaN,NaN,NaN,0,0,1,1,0,18
147,2019,813,18,NaN,NaN,NaN,0,0,1,0,0,0
147,2019,174,11,NaN,NaN,NaN,0,0,1,1,0,0
147,2019,803,2,NaN,NaN,NaN,0,0,1,1,0,7
147,2019,347,13,NaN,NaN,NaN,0,0,1,0,0,0
147,2019,247,18,NaN,NaN,NaN,0,0,1,1,0,5
147,2019,323,8,NaN,NaN,NaN,0,0,1,1,0,0
147,2019,1441,15,NaN,NaN,NaN,0,0,1,1,0,0
147,2019,1305,15,NaN,NaN,NaN,0,0,1,1,0,10
147,2019,47,16,NaN,NaN,NaN,0,0,1,1,0,21
147,2019,534,16,NaN,NaN,NaN,0,0,1,1,0,0
147,2019,1021,12,NaN,NaN,NaN,0,0,1,0,0,0
147,2019,1107,5,NaN,NaN,NaN,0,0,1,0,0,0
147,2019,968,18,NaN,NaN,NaN,0,0,1,1,0,0
147,2019,1268,13,NaN,NaN,NaN,0,0,1,1,0,5
147,2019,272,3,NaN,NaN,NaN,0,0.598751317409826,1,1,0,7
147,2019,1598,6,NaN,NaN,NaN,0,0,1,1,0,4
147,2019,87,10,NaN,NaN,NaN,0,0,1,0,0,0
147,2019,44,1,NaN,NaN,NaN,0,0,1,1,0,5
147,2019,102,5,NaN,NaN,NaN,0,0,1,1,0,0
147,2019,1122,13,NaN,NaN,NaN,0,0,1,1,0,0
147,2019,447,3,NaN,NaN,NaN,0,0,1,1,0,15
147,2019,16,5,NaN,NaN,NaN,0,0,1,1,0,0
147,2019,1391,4,NaN,NaN,NaN,0,0,1,1,0,0
147,2019,243,1,NaN,NaN,NaN,0,0,1,1,0,0
147,2019,554,13,NaN,NaN,NaN,0,0,1,1,0,4
147,2019,1038,13,NaN,NaN,NaN,0,0,1,1,0,18
147,2019,80,4,NaN,NaN,NaN,0,0,1,1,0,12
147,2019,931,12,NaN,NaN,NaN,0,0,1,1,0,0
147,2019,1186,21,NaN,NaN,NaN,0,0,1,1,0,19
147,2019,276,2,NaN,NaN,NaN,0,0,1,1,0,19
147,2019,255,16,NaN,NaN,NaN,0,0,1,0,0,0
147,2019,1124,5,NaN,NaN,NaN,0,0,1,1,0,17
147,2019,767,5,NaN,NaN,NaN,0,0,1,1,0,16
147,2019,1130,20,NaN,NaN,NaN,0,0,1,0,0,0
147,2019,410,11,NaN,NaN,NaN,0,0,1,1,0,0
147,2019,1368,13,NaN,NaN,NaN,0,0,1,0,0,0
147,2019,1215,12,NaN,NaN,NaN,0,0,1,0,0,0
147,2019,607,5,NaN,NaN,NaN,0,0,1,1,0,2
147,2019,1535,20,NaN,NaN,NaN,0,0,1,1,0,0
147,2019,1199,13,NaN,NaN,NaN,0,0,1,1,0,0
147,2019,907,6,NaN,NaN,NaN,0,0,1,0,0,0
147,2019,183,22,NaN,NaN,NaN,0,0,1,1,0,0
147,2019,634,9,NaN,NaN,NaN,0,0,1,0,0,0
148,2019,545,7,NaN,NaN,NaN,0,0,1,0,0,0
148,2019,1584,1,NaN,NaN,NaN,0,0,1,1,0,0
148,2019,174,11,NaN,NaN,NaN,0,0,1,1,0,18
148,2019,16,5,NaN,NaN,NaN,0,0,1,1,0,0
148,2019,1199,13,NaN,NaN,NaN,0,0,1,1,0,2
148,2019,634,9,NaN,NaN,NaN,0,0,1,0,0,0
148,2019,745,13,NaN,NaN,NaN,0,0,1,1,0,7
148,2019,738,21,NaN,NaN,NaN,0,0,1,0,0,0
148,2019,27,3,NaN,NaN,NaN,0,0,1,1,0,19
148,2019,347,13,NaN,NaN,NaN,0,0,1,0,0,0
148,2019,907,6,NaN,NaN,NaN,0,0,1,0,0,0
148,2019,803,7,NaN,NaN,NaN,0,0,1,1,0,0
148,2019,1043,13,NaN,NaN,NaN,0,0,1,1,0,0
148,2019,800,13,NaN,NaN,NaN,0,0,1,1,0,0
148,2019,554,4,NaN,NaN,NaN,0,0,1,1,0,7
148,2019,1186,19,NaN,NaN,NaN,0,0,1,1,0,1
148,2019,1034,5,NaN,NaN,NaN,0,0,1,0,0,0
148,2019,410,11,NaN,NaN,NaN,0,0,1,1,0,0
148,2019,534,16,NaN,NaN,NaN,0,0,1,1,0,3
148,2019,1441,15,NaN,NaN,NaN,0,0,1,1,0,0
148,2019,1169,20,NaN,NaN,NaN,0,0,1,1,0,5
148,2019,1122,13,NaN,NaN,NaN,0,0,1,1,0,1
148,2019,372,18,NaN,NaN,NaN,0,0,1,1,0,6
148,2019,1003,6,NaN,NaN,NaN,0,0,1,1,0,17
148,2019,247,5,NaN,NaN,NaN,0,0,1,1,0,3
148,2019,1196,21,NaN,NaN,NaN,0,0,1,1,0,7
148,2019,1227,5,NaN,NaN,NaN,0,0,1,1,0,0
148,2019,1305,10,NaN,NaN,NaN,0,0,1,1,0,15
148,2019,151,21,NaN,NaN,NaN,0,0,1,1,0,1
148,2019,276,19,NaN,NaN,NaN,0,0,1,1,0,0
148,2019,1535,20,NaN,NaN,NaN,0,0,1,1,0,17
148,2019,272,7,NaN,NaN,NaN,0,0.598751317409826,1,1,0,8
148,2019,968,18,NaN,NaN,NaN,0,0,1,1,0,0
148,2019,183,22,NaN,NaN,NaN,0,0,1,1,0,1
148,2019,1178,18,NaN,NaN,NaN,0,0,1,0,0,2
148,2019,1268,5,NaN,NaN,NaN,0,0,1,1,0,19
148,2019,47,21,NaN,NaN,NaN,0,0,1,1,0,10
148,2019,255,16,NaN,NaN,NaN,0,0,1,0,0,22
148,2019,887,4,NaN,NaN,NaN,0,0,1,1,0,0
148,2019,1144,1,NaN,NaN,NaN,0,0,1,1,0,0
148,2019,390,8,NaN,NaN,NaN,0,0,1,1,0,3
148,2019,447,15,NaN,NaN,NaN,0,0,1,1,0,13
148,2019,625,9,NaN,NaN,NaN,0,0,1,1,0,18
148,2019,1599,11,NaN,NaN,NaN,0,0,1,1,0,0
148,2019,102,5,NaN,NaN,NaN,0,0,1,1,0,0
148,2019,541,18,NaN,NaN,NaN,0,0,1,1,0,0
148,2019,67,7,NaN,NaN,NaN,0,0,1,1,0,15
148,2019,44,5,NaN,NaN,NaN,0,0,1,1,0,0
148,2019,1215,12,NaN,NaN,NaN,0,0,1,0,0,2
148,2019,1457,11,NaN,NaN,NaN,0,0,1,1,0,0
148,2019,20,6,NaN,NaN,NaN,0,0,1,1,0,0
148,2019,87,10,NaN,NaN,NaN,0,0,1,0,0,0
148,2019,1394,6,NaN,NaN,NaN,0,0,1,1,0,21
148,2019,376,1,NaN,NaN,NaN,0,0,1,0,0,2
148,2019,106,11,NaN,NaN,NaN,0,0,1,0,0,0
148,2019,323,8,NaN,NaN,NaN,0,0,1,1,0,0
148,2019,1038,18,NaN,NaN,NaN,0,0,1,1,0,8
148,2019,1368,13,NaN,NaN,NaN,0,0,1,0,0,0
148,2019,763,18,NaN,NaN,NaN,0,0,1,1,0,5
148,2019,568,18,NaN,NaN,NaN,0,0,1,0,0,0
148,2019,80,12,NaN,NaN,NaN,0,0,1,1,0,16
148,2019,1439,16,NaN,NaN,NaN,0,0,1,1,0,7
148,2019,1024,13,NaN,NaN,NaN,0,0,1,0,0,9
148,2019,1130,20,NaN,NaN,NaN,0,0,1,0,0,0
148,2019,1465,21,NaN,NaN,NaN,0,0,1,1,0,0
148,2019,243,1,NaN,NaN,NaN,0,0,1,1,0,3
148,2019,1391,4,NaN,NaN,NaN,0,0,1,1,0,0
148,2019,931,12,NaN,NaN,NaN,0,0,1,1,0,0
148,2019,1021,12,NaN,NaN,NaN,0,0,1,0,0,0
148,2019,767,16,NaN,NaN,NaN,0,0,1,1,0,0
148,2019,233,15,NaN,NaN,NaN,0,0,1,1,0,18
148,2019,1107,5,NaN,NaN,NaN,0,0,1,0,0,0
148,2019,1124,17,NaN,NaN,NaN,0,0,1,1,0,0
148,2019,813,18,NaN,NaN,NaN,0,0,1,0,0,0
148,2019,1598,4,NaN,NaN,NaN,0,0,1,1,0,0
148,2019,607,2,NaN,NaN,NaN,0,0,1,1,0,5
148,2019,487,18,NaN,NaN,NaN,0,0,1,1,0,13
149,2019,323,8,NaN,NaN,NaN,0,0,1,1,0,1
149,2019,106,11,NaN,NaN,NaN,0,0,1,1,0,0
149,2019,803,7,NaN,NaN,NaN,0,0,1,1,0,0
149,2019,1107,5,NaN,NaN,NaN,0,2.72819408842566,1,1,1,13
149,2019,1394,21,NaN,NaN,NaN,0,0,1,1,0,13
149,2019,1186,1,NaN,NaN,NaN,0,0,1,1,0,0
149,2019,634,9,NaN,NaN,NaN,0,0,1,1,0,0
149,2019,738,21,NaN,NaN,NaN,0,2.34092933513681,1,1,1,11
149,2019,1215,2,NaN,NaN,NaN,0,4.21640246021914,1,1,1,12
149,2019,276,19,NaN,NaN,NaN,0,0,1,1,0,15
149,2019,1021,12,NaN,NaN,NaN,0,5.4910703464706,1,1,1,17
149,2019,554,7,NaN,NaN,NaN,0,0,1,1,0,9
149,2019,1178,2,NaN,NaN,NaN,0,0,1,1,0,0
149,2019,745,7,NaN,NaN,NaN,0,0,1,1,0,1
149,2019,1038,8,NaN,NaN,NaN,0,0,1,1,0,2
149,2019,767,16,NaN,NaN,NaN,0,0,1,1,0,9
149,2019,174,18,NaN,NaN,NaN,0,0,1,1,0,0
149,2019,1169,5,NaN,NaN,NaN,0,0,1,1,0,0
149,2019,1268,19,NaN,NaN,NaN,0,0,1,1,0,5
149,2019,1441,15,NaN,NaN,NaN,0,0,1,1,0,0
149,2019,568,18,NaN,NaN,NaN,0,2.01943770074481,1,1,1,15
149,2019,27,19,NaN,NaN,NaN,0,0,1,1,0,0
149,2019,1457,11,NaN,NaN,NaN,0,0,1,1,0,2
149,2019,151,1,NaN,NaN,NaN,0,0,1,1,0,13
149,2019,372,6,NaN,NaN,NaN,0,0,1,1,0,12
149,2019,390,3,NaN,NaN,NaN,0,0,1,1,0,0
149,2019,1199,2,NaN,NaN,NaN,0,0,1,1,0,16
149,2019,1368,13,NaN,NaN,NaN,0,4.46467656469091,1,1,1,18
149,2019,1003,17,NaN,NaN,NaN,0,0,1,1,0,0
149,2019,1598,4,NaN,NaN,NaN,0,0,1,1,0,0
149,2019,447,13,NaN,NaN,NaN,0,0,1,1,0,0
149,2019,233,18,NaN,NaN,NaN,0,0,1,1,0,7
149,2019,67,15,NaN,NaN,NaN,0,0,1,1,0,1
149,2019,102,5,NaN,NaN,NaN,0,0,1,1,0,1
149,2019,20,6,NaN,NaN,NaN,0,0,1,1,0,0
149,2019,1535,17,NaN,NaN,NaN,0,0,1,1,0,13
149,2019,1465,21,NaN,NaN,NaN,0,0,1,1,0,2
149,2019,376,2,NaN,NaN,NaN,0,4.24590992098337,1,1,1,16
149,2019,534,3,NaN,NaN,NaN,0,0,1,1,0,18
149,2019,1599,11,NaN,NaN,NaN,0,0,1,1,0,0
149,2019,47,10,NaN,NaN,NaN,0,0,1,1,0,19
149,2019,1124,17,NaN,NaN,NaN,0,0,1,1,0,2
149,2019,545,7,NaN,NaN,NaN,0,0,1,1,0,10
149,2019,907,6,NaN,NaN,NaN,0,0,1,1,0,1
149,2019,1024,9,NaN,NaN,NaN,0,0,1,1,0,2
149,2019,410,11,NaN,NaN,NaN,0,0,1,1,0,14
149,2019,1391,4,NaN,NaN,NaN,0,0,1,1,0,0
149,2019,607,5,NaN,NaN,NaN,0,0,1,1,0,18
149,2019,183,1,NaN,NaN,NaN,0,0.994523631608949,1,1,1,18
149,2019,763,5,NaN,NaN,NaN,0,0,1,1,0,16
149,2019,887,4,NaN,NaN,NaN,0,0,1,1,0,0
149,2019,1034,5,NaN,NaN,NaN,0,0,1,1,0,9
149,2019,87,10,NaN,NaN,NaN,0,2.65480950099408,1,1,1,5
149,2019,1122,1,NaN,NaN,NaN,0,0,1,1,0,21
149,2019,1305,15,NaN,NaN,NaN,0,0,1,1,0,18
149,2019,1196,7,NaN,NaN,NaN,0,0,1,1,0,13
149,2019,255,22,NaN,NaN,NaN,0,5.61551043394938,1,1,1,16
149,2019,247,3,NaN,NaN,NaN,0,0,1,1,0,0
149,2019,1130,20,NaN,NaN,NaN,0,2.93142919259386,1,1,1,14
149,2019,1227,5,NaN,NaN,NaN,0,0,1,1,0,6
149,2019,1043,13,NaN,NaN,NaN,0,0,1,1,0,0
149,2019,813,18,NaN,NaN,NaN,0,0,1,1,0,0
149,2019,272,8,NaN,NaN,NaN,0,0,1,1,0,0
149,2019,16,5,NaN,NaN,NaN,0,0,1,1,0,9
149,2019,541,18,NaN,NaN,NaN,0,0,1,1,0,0
149,2019,80,16,NaN,NaN,NaN,0,0,1,1,0,10
149,2019,625,18,NaN,NaN,NaN,0,0,1,1,0,5
149,2019,1439,7,NaN,NaN,NaN,0,0,1,1,0,4
149,2019,347,13,NaN,NaN,NaN,0,1.93436161687972,1,1,1,5
149,2019,487,13,NaN,NaN,NaN,0,0,1,1,0,0
149,2019,44,5,NaN,NaN,NaN,0,0,1,1,0,11
149,2019,968,18,NaN,NaN,NaN,0,0,1,1,0,13
149,2019,1584,1,NaN,NaN,NaN,0,2.34686280129882,1,1,1,18
149,2019,243,3,NaN,NaN,NaN,0,0,1,1,0,1
149,2019,931,12,NaN,NaN,NaN,0,0,1,1,0,7
150,2020,1227,6,NaN,NaN,NaN,0,0,1,1,0,0
150,2020,323,1,NaN,NaN,NaN,0,0,1,1,0,14
150,2020,1199,16,NaN,NaN,NaN,0,0,1,1,0,20
150,2020,1584,18,NaN,NaN,NaN,0,0,1,0,0,0
150,2020,813,18,NaN,NaN,NaN,0,0,1,1,0,0
150,2020,151,13,NaN,NaN,NaN,0,0,1,1,0,8
150,2020,255,16,NaN,NaN,NaN,0,0,1,0,0,0
150,2020,738,11,NaN,NaN,NaN,0,0,1,0,0,21
150,2020,1599,11,NaN,NaN,NaN,0,0,1,1,0,5
150,2020,376,16,NaN,NaN,NaN,0,0,1,0,0,4
150,2020,1215,12,NaN,NaN,NaN,0,0,1,0,0,0
150,2020,1107,13,NaN,NaN,NaN,0,0,1,0,0,5
150,2020,183,18,NaN,NaN,NaN,0,0,1,0,0,12
150,2020,16,9,NaN,NaN,NaN,0,0,1,1,0,2
150,2020,1391,4,NaN,NaN,NaN,0,0,1,1,0,0
150,2020,1178,2,NaN,NaN,NaN,0,0,1,1,0,0
150,2020,1130,14,NaN,NaN,NaN,0,0,1,0,0,0
150,2020,1457,2,NaN,NaN,NaN,0,0,1,1,0,12
150,2020,67,1,NaN,NaN,NaN,0,0,1,1,0,6
150,2020,1124,2,NaN,NaN,NaN,0,0,1,1,0,20
150,2020,410,14,NaN,NaN,NaN,0,0,1,1,0,9
150,2020,634,9,NaN,NaN,NaN,0,0,1,1,0,0
150,2020,372,12,NaN,NaN,NaN,0,0,1,1,0,0
150,2020,968,13,NaN,NaN,NaN,0,0,1,1,0,0
150,2020,276,15,NaN,NaN,NaN,0,0,1,1,0,5
150,2020,907,1,NaN,NaN,NaN,0,0,1,1,0,0
150,2020,803,7,NaN,NaN,NaN,0,0,1,1,0,0
150,2020,1038,2,NaN,NaN,NaN,0,0,1,1,0,0
150,2020,554,9,NaN,NaN,NaN,0,0,1,1,0,5
150,2020,1034,9,NaN,NaN,NaN,0,0,1,1,0,20
150,2020,1122,21,NaN,NaN,NaN,0,0,1,1,0,13
150,2020,247,3,NaN,NaN,NaN,0,0,1,1,0,0
150,2020,931,7,NaN,NaN,NaN,0,0,1,1,0,12
150,2020,1368,18,NaN,NaN,NaN,0,0,1,0,0,13
150,2020,1535,13,NaN,NaN,NaN,0,0,1,1,0,18
150,2020,1268,5,NaN,NaN,NaN,0,0,1,1,0,18
150,2020,1003,17,NaN,NaN,NaN,0,0,1,1,0,16
150,2020,1196,13,NaN,NaN,NaN,0,0,1,1,0,0
150,2020,887,4,NaN,NaN,NaN,0,0,1,1,0,0
150,2020,102,1,NaN,NaN,NaN,0,0,1,1,0,0
150,2020,233,7,NaN,NaN,NaN,0,0,1,1,0,4
150,2020,1186,1,NaN,NaN,NaN,0,0,1,1,0,13
150,2020,625,5,NaN,NaN,NaN,0,0,1,1,0,3
150,2020,1305,18,NaN,NaN,NaN,0,0,1,1,0,8
150,2020,243,1,NaN,NaN,NaN,0,0,1,1,0,20
150,2020,487,13,NaN,NaN,NaN,0,0,1,1,0,11
150,2020,607,18,NaN,NaN,NaN,0,0,1,1,0,5
150,2020,1021,17,NaN,NaN,NaN,0,0,1,0,0,12
150,2020,767,9,NaN,NaN,NaN,0,0,1,1,0,13
150,2020,745,1,NaN,NaN,NaN,0,0,1,1,0,0
150,2020,1043,13,NaN,NaN,NaN,0,0,1,1,0,0
150,2020,1439,4,NaN,NaN,NaN,0,0,1,1,0,2
150,2020,20,6,NaN,NaN,NaN,0,0,1,1,0,0
150,2020,47,19,NaN,NaN,NaN,0,0,1,1,0,16
150,2020,347,5,NaN,NaN,NaN,0,0,1,0,0,13
150,2020,534,18,NaN,NaN,NaN,0,0,1,1,0,21
150,2020,1441,15,NaN,NaN,NaN,0,0,1,1,0,0
150,2020,27,19,NaN,NaN,NaN,0,0,1,1,0,17
150,2020,1394,13,NaN,NaN,NaN,0,0,1,1,0,0
150,2020,272,8,NaN,NaN,NaN,0,0,1,1,0,6
150,2020,545,10,NaN,NaN,NaN,0,0,1,1,0,0
150,2020,541,18,NaN,NaN,NaN,0,0,1,1,0,5
150,2020,44,11,NaN,NaN,NaN,0,0,1,1,0,1
150,2020,1024,2,NaN,NaN,NaN,0,0,1,1,0,6
150,2020,568,15,NaN,NaN,NaN,0,0,1,0,0,0
150,2020,1169,5,NaN,NaN,NaN,0,0,1,1,0,0
150,2020,106,11,NaN,NaN,NaN,0,0,1,1,0,0
150,2020,1598,4,NaN,NaN,NaN,0,0,1,1,0,0
150,2020,447,13,NaN,NaN,NaN,0,0,1,1,0,0
150,2020,87,5,NaN,NaN,NaN,0,0,1,0,0,10
150,2020,763,16,NaN,NaN,NaN,0,0,1,1,0,11
150,2020,80,10,NaN,NaN,NaN,0,0,1,1,0,7
150,2020,390,3,NaN,NaN,NaN,0,0,1,1,0,4
150,2020,174,18,NaN,NaN,NaN,0,0,1,1,0,2
150,2020,1465,2,NaN,NaN,NaN,0,0,1,1,0,21
151,2020,174,2,NaN,NaN,NaN,0,0,1,1,0,18
151,2020,968,13,NaN,NaN,NaN,0,0,1,1,0,1
151,2020,1169,5,NaN,NaN,NaN,0,0,1,1,0,13
151,2020,634,9,NaN,NaN,NaN,0,0,1,1,0,0
151,2020,763,11,NaN,NaN,NaN,0,0,1,1,0,6
151,2020,1107,5,NaN,NaN,NaN,0,0,1,0,0,0
151,2020,1034,20,NaN,NaN,NaN,0,0,1,1,0,5
151,2020,487,11,NaN,NaN,NaN,0,0,1,1,0,5
151,2020,272,6,NaN,NaN,NaN,0,0,1,1,0,8
151,2020,347,13,NaN,NaN,NaN,0,0,1,0,0,0
151,2020,607,5,NaN,NaN,NaN,0,0,1,1,0,0
151,2020,1186,13,NaN,NaN,NaN,0,0,1,1,0,10
151,2020,1584,18,NaN,NaN,NaN,0,0,1,0,0,0
151,2020,390,4,NaN,NaN,NaN,0,0,1,1,0,13
151,2020,541,5,NaN,NaN,NaN,0,0,1,1,0,1
151,2020,1021,12,NaN,NaN,NaN,0,0,1,0,0,0
151,2020,1535,18,NaN,NaN,NaN,0,0,1,1,0,0
151,2020,1178,2,NaN,NaN,NaN,0,0,1,1,0,0
151,2020,447,13,NaN,NaN,NaN,0,0,1,1,0,0
151,2020,1003,16,NaN,NaN,NaN,0,0,1,1,0,0
151,2020,247,3,NaN,NaN,NaN,0,0,1,1,0,6
151,2020,102,1,NaN,NaN,NaN,0,0,1,1,0,0
151,2020,1038,2,NaN,NaN,NaN,0,0,1,1,0,0
151,2020,44,1,NaN,NaN,NaN,0,0,1,1,0,5
151,2020,1368,13,NaN,NaN,NaN,0,0,1,0,0,0
151,2020,1305,8,NaN,NaN,NaN,0,0,1,1,0,2
151,2020,545,10,NaN,NaN,NaN,0,0,1,1,0,0
151,2020,1130,14,NaN,NaN,NaN,0,0,1,0,0,9
151,2020,323,14,NaN,NaN,NaN,0,0,1,1,0,2
151,2020,907,1,NaN,NaN,NaN,0,0,1,1,0,5
151,2020,410,9,NaN,NaN,NaN,0,0,1,1,0,0
151,2020,106,11,NaN,NaN,NaN,0,0,1,1,0,5
151,2020,1124,20,NaN,NaN,NaN,0,0,1,1,0,17
151,2020,1457,12,NaN,NaN,NaN,0,0,1,1,0,21
151,2020,276,5,NaN,NaN,NaN,0,0,1,1,0,4
151,2020,47,16,NaN,NaN,NaN,0,0,1,1,0,21
151,2020,767,13,NaN,NaN,NaN,0,0,1,1,0,16
151,2020,376,4,NaN,NaN,NaN,0,0,1,0,0,3
151,2020,20,6,NaN,NaN,NaN,0,0,1,1,0,0
151,2020,931,12,NaN,NaN,NaN,0,0,1,1,0,15
151,2020,27,17,NaN,NaN,NaN,0,0,1,1,0,9
151,2020,80,7,NaN,NaN,NaN,0,0,1,1,0,11
151,2020,233,4,NaN,NaN,NaN,0,0,1,1,0,0
151,2020,568,15,NaN,NaN,NaN,0,0,1,0,0,13
151,2020,1394,13,NaN,NaN,NaN,0,0,1,1,0,20
151,2020,1199,20,NaN,NaN,NaN,0,0,1,1,0,6
151,2020,1196,13,NaN,NaN,NaN,0,0,1,1,0,0
151,2020,1024,6,NaN,NaN,NaN,0,0,1,1,0,13
151,2020,67,6,NaN,NaN,NaN,0,0,1,1,0,0
151,2020,87,10,NaN,NaN,NaN,0,0,1,0,0,0
151,2020,1268,18,NaN,NaN,NaN,0,0,1,1,0,13
151,2020,1227,6,NaN,NaN,NaN,0,0,1,1,0,14
151,2020,745,1,NaN,NaN,NaN,0,0,1,1,0,0
151,2020,1043,13,NaN,NaN,NaN,0,0,1,1,0,0
151,2020,1122,13,NaN,NaN,NaN,0,0,1,1,0,0
151,2020,1439,2,NaN,NaN,NaN,0,0,1,1,0,12
151,2020,1215,12,NaN,NaN,NaN,0,0,1,0,0,0
151,2020,16,2,NaN,NaN,NaN,0,0,1,1,0,0
151,2020,554,5,NaN,NaN,NaN,0,0,1,1,0,0
151,2020,1598,4,NaN,NaN,NaN,0,0,1,1,0,1
151,2020,255,16,NaN,NaN,NaN,0,0,1,0,0,0
151,2020,1465,21,NaN,NaN,NaN,0,0,1,1,0,0
151,2020,803,7,NaN,NaN,NaN,0,0,1,1,0,22
151,2020,1599,5,NaN,NaN,NaN,0,0,1,1,0,17
151,2020,183,12,NaN,NaN,NaN,0,0,1,0,0,7
151,2020,625,3,NaN,NaN,NaN,0,0,1,1,0,18
151,2020,738,21,NaN,NaN,NaN,0,0,1,0,0,0
151,2020,813,18,NaN,NaN,NaN,0,0,1,1,0,0
151,2020,1391,4,NaN,NaN,NaN,0,0,1,1,0,1
151,2020,151,8,NaN,NaN,NaN,0,0,1,1,0,0
151,2020,243,20,NaN,NaN,NaN,0,0,1,1,0,12
151,2020,1441,15,NaN,NaN,NaN,0,0,1,1,0,0
151,2020,372,12,NaN,NaN,NaN,0,0,1,1,0,0
151,2020,534,21,NaN,NaN,NaN,0,0,1,1,0,0
152,2020,106,5,NaN,NaN,NaN,0,0,1,1,0,12
152,2020,1034,5,NaN,NaN,NaN,0,0,1,1,0,11
152,2020,931,15,NaN,NaN,NaN,0,0,1,1,0,22
152,2020,1599,17,NaN,NaN,NaN,0,0,1,1,0,19
152,2020,1107,5,NaN,NaN,NaN,0,0,1,0,0,0
152,2020,803,22,NaN,NaN,NaN,0,0,1,1,0,13
152,2020,813,18,NaN,NaN,NaN,0,0,1,1,0,13
152,2020,47,21,NaN,NaN,NaN,0,0,1,1,0,7
152,2020,1130,9,NaN,NaN,NaN,0,0,1,0,0,0
152,2020,738,21,NaN,NaN,NaN,0,0,1,0,0,0
152,2020,1394,20,NaN,NaN,NaN,0,0,1,1,0,17
152,2020,554,5,NaN,NaN,NaN,0,0,1,1,0,9
152,2020,1391,1,NaN,NaN,NaN,0,0,1,1,0,11
152,2020,276,4,NaN,NaN,NaN,0,0,1,1,0,21
152,2020,183,7,NaN,NaN,NaN,0,0,1,0,0,13
152,2020,1038,2,NaN,NaN,NaN,0,0,1,1,0,20
152,2020,1043,13,NaN,NaN,NaN,0,0,1,1,0,0
152,2020,1215,12,NaN,NaN,NaN,0,0,1,0,0,19
152,2020,968,1,NaN,NaN,NaN,0,0,1,1,0,13
152,2020,243,12,NaN,NaN,NaN,0,0,1,1,0,21
152,2020,347,13,NaN,NaN,NaN,0,0,1,0,0,0
152,2020,1124,17,NaN,NaN,NaN,0,0,1,1,0,20
152,2020,487,5,NaN,NaN,NaN,0,0,1,1,0,0
152,2020,233,4,NaN,NaN,NaN,0,0,1,1,0,15
152,2020,907,5,NaN,NaN,NaN,0,0,1,1,0,0
152,2020,1457,21,NaN,NaN,NaN,0,0,1,1,0,2
152,2020,102,1,NaN,NaN,NaN,0,0,1,1,0,0
152,2020,568,13,NaN,NaN,NaN,0,0,1,0,0,0
152,2020,1305,2,NaN,NaN,NaN,0,0,1,1,0,10
152,2020,1122,13,NaN,NaN,NaN,0,0,1,1,0,0
152,2020,1368,13,NaN,NaN,NaN,0,0,1,0,0,0
152,2020,1178,2,NaN,NaN,NaN,0,0,1,1,0,0
152,2020,625,18,NaN,NaN,NaN,0,0,1,1,0,0
152,2020,67,6,NaN,NaN,NaN,0,0,1,1,0,0
152,2020,87,10,NaN,NaN,NaN,0,0,1,0,0,0
152,2020,447,13,NaN,NaN,NaN,0,0,1,1,0,0
152,2020,1199,6,NaN,NaN,NaN,0,0,1,1,0,20
152,2020,1535,18,NaN,NaN,NaN,0,0,1,1,0,2
152,2020,763,6,NaN,NaN,NaN,0,0,1,1,0,21
152,2020,1024,13,NaN,NaN,NaN,0,0,1,1,0,5
152,2020,1021,12,NaN,NaN,NaN,0,0,1,0,0,0
152,2020,410,9,NaN,NaN,NaN,0,0,1,1,0,15
152,2020,1598,1,NaN,NaN,NaN,0,0,1,1,0,0
152,2020,27,9,NaN,NaN,NaN,0,0,1,1,0,8
152,2020,1584,18,NaN,NaN,NaN,0,0,1,0,0,3
152,2020,1465,21,NaN,NaN,NaN,0,0,1,1,0,0
152,2020,607,5,NaN,NaN,NaN,0,0,1,1,0,0
152,2020,534,21,NaN,NaN,NaN,0,0,1,1,0,18
152,2020,390,13,NaN,NaN,NaN,0,0,1,1,0,0
152,2020,745,1,NaN,NaN,NaN,0,0,1,1,0,18
152,2020,634,9,NaN,NaN,NaN,0,0,1,1,0,0
152,2020,1196,13,NaN,NaN,NaN,0,0,1,1,0,16
152,2020,1186,10,NaN,NaN,NaN,0,0,1,1,0,19
152,2020,44,5,NaN,NaN,NaN,0,0,1,1,0,0
152,2020,20,6,NaN,NaN,NaN,0,0,1,1,0,0
152,2020,323,2,NaN,NaN,NaN,0,0,1,1,0,12
152,2020,272,8,NaN,NaN,NaN,0,0,1,1,0,1
152,2020,372,12,NaN,NaN,NaN,0,0,1,1,0,17
152,2020,247,6,NaN,NaN,NaN,0,0,1,1,0,9
152,2020,376,3,NaN,NaN,NaN,0,0,1,0,0,14
152,2020,767,16,NaN,NaN,NaN,0,0,1,1,0,12
152,2020,1439,12,NaN,NaN,NaN,0,0,1,1,0,4
152,2020,1169,13,NaN,NaN,NaN,0,0,1,1,0,0
152,2020,151,8,NaN,NaN,NaN,0,0,1,1,0,17
152,2020,80,11,NaN,NaN,NaN,0,0,1,1,0,0
152,2020,1227,14,NaN,NaN,NaN,0,0,1,1,0,6
152,2020,1441,15,NaN,NaN,NaN,0,0,1,1,0,0
152,2020,545,10,NaN,NaN,NaN,0,0,1,1,0,0
152,2020,16,2,NaN,NaN,NaN,0,0,1,1,0,0
152,2020,541,1,NaN,NaN,NaN,0,0,1,1,0,14
152,2020,174,18,NaN,NaN,NaN,0,0,1,1,0,0
152,2020,1003,16,NaN,NaN,NaN,0,0,1,1,0,0
152,2020,1268,13,NaN,NaN,NaN,0,0,1,1,0,19
152,2020,255,16,NaN,NaN,NaN,0,0,1,0,0,0
153,2020,1268,19,NaN,NaN,NaN,0,0,1,1,0,18
153,2020,1598,1,NaN,NaN,NaN,0,0,1,1,0,0
153,2020,1535,2,NaN,NaN,NaN,0,0,1,1,0,21
153,2020,1457,2,NaN,NaN,NaN,0,0,1,1,0,0
153,2020,67,6,NaN,NaN,NaN,0,1.70441810719276,1,1,1,13
153,2020,272,1,NaN,NaN,NaN,0,0,1,1,0,19
153,2020,1215,19,NaN,NaN,NaN,0,7.67137964178308,1,1,1,12
153,2020,1391,11,NaN,NaN,NaN,0,0,1,1,0,8
153,2020,1130,9,NaN,NaN,NaN,0,7.66595464646625,1,1,1,6
153,2020,243,21,NaN,NaN,NaN,0,0,1,1,0,0
153,2020,106,12,NaN,NaN,NaN,0,0,1,1,0,3
153,2020,372,17,NaN,NaN,NaN,0,0,1,1,0,0
153,2020,1178,2,NaN,NaN,NaN,0,3.47852622587661,1,1,1,5
153,2020,1394,17,NaN,NaN,NaN,0,0,1,1,0,5
153,2020,247,9,NaN,NaN,NaN,0,0,1,1,0,19
153,2020,1227,6,NaN,NaN,NaN,0,0,1,1,0,16
153,2020,151,17,NaN,NaN,NaN,0,0,1,1,0,0
153,2020,16,2,NaN,NaN,NaN,0,0,1,1,0,1
153,2020,1599,19,NaN,NaN,NaN,0,0,1,1,0,0
153,2020,763,21,NaN,NaN,NaN,0,0,1,1,0,12
153,2020,20,6,NaN,NaN,NaN,0,0.151144800018166,1,1,0,0
153,2020,554,9,NaN,NaN,NaN,0,0,1,1,0,20
153,2020,183,13,NaN,NaN,NaN,0,0,1,1,0,22
153,2020,634,9,NaN,NaN,NaN,0,0,1,1,0,18
153,2020,347,13,NaN,NaN,NaN,0,3.08401724035686,1,1,1,1
153,2020,607,5,NaN,NaN,NaN,0,0,1,1,0,0
153,2020,1024,5,NaN,NaN,NaN,0,1.97165041986734,1,1,1,13
153,2020,907,5,NaN,NaN,NaN,0,2.13541530963022,1,1,1,12
153,2020,1169,13,NaN,NaN,NaN,0,0,1,1,0,0
153,2020,410,15,NaN,NaN,NaN,0,0,1,1,0,0
153,2020,390,13,NaN,NaN,NaN,0,2.82922466477852,1,1,1,8
153,2020,27,8,NaN,NaN,NaN,0,0,1,1,0,0
153,2020,1584,3,NaN,NaN,NaN,0,0,1,1,0,4
153,2020,47,7,NaN,NaN,NaN,0,0,1,1,0,21
153,2020,233,15,NaN,NaN,NaN,0,0,1,1,0,11
153,2020,376,14,NaN,NaN,NaN,0,0,1,1,0,6
153,2020,813,13,NaN,NaN,NaN,0,0,1,1,0,18
153,2020,625,18,NaN,NaN,NaN,0,0,1,1,0,0
153,2020,534,18,NaN,NaN,NaN,0,0,1,1,0,21
153,2020,102,1,NaN,NaN,NaN,0,0,1,1,0,0
153,2020,767,12,NaN,NaN,NaN,0,0,1,1,0,13
153,2020,323,12,NaN,NaN,NaN,0,0,1,1,0,20
153,2020,1465,21,NaN,NaN,NaN,0,0,1,1,0,3
153,2020,1196,16,NaN,NaN,NaN,0,0,1,1,0,14
153,2020,1439,4,NaN,NaN,NaN,0,0,1,1,0,8
153,2020,174,18,NaN,NaN,NaN,0,2.91525130791105,1,1,1,10
153,2020,1122,13,NaN,NaN,NaN,0,0,1,1,0,20
153,2020,968,13,NaN,NaN,NaN,0,0,1,1,0,0
153,2020,44,5,NaN,NaN,NaN,0,0,1,1,0,0
153,2020,1038,20,NaN,NaN,NaN,0,0,1,1,0,0
153,2020,568,13,NaN,NaN,NaN,0,3.36347544874421,1,1,1,15
153,2020,931,22,NaN,NaN,NaN,0,0.554296046264666,1,1,0,13
153,2020,87,10,NaN,NaN,NaN,0,6.59558482220887,1,1,1,3
153,2020,1186,19,NaN,NaN,NaN,0,0,1,1,0,7
153,2020,447,13,NaN,NaN,NaN,0,0,1,1,0,0
153,2020,1305,10,NaN,NaN,NaN,0,0,1,1,0,17
153,2020,276,21,NaN,NaN,NaN,0,0,1,1,0,9
153,2020,545,10,NaN,NaN,NaN,0,6.62627642795728,1,1,1,7
153,2020,738,21,NaN,NaN,NaN,0,2.59600094675325,1,1,1,5
153,2020,1107,5,NaN,NaN,NaN,0,3.47278573279697,1,1,1,1
153,2020,1441,15,NaN,NaN,NaN,0,1.53331902419956,1,1,1,1
153,2020,1003,16,NaN,NaN,NaN,0,0,1,1,0,13
153,2020,803,13,NaN,NaN,NaN,0,0,1,1,0,0
153,2020,255,16,NaN,NaN,NaN,0,1.7756007932525,1,1,1,4
153,2020,1021,12,NaN,NaN,NaN,0,4.75398726001607,1,1,1,7
153,2020,1043,13,NaN,NaN,NaN,0,0,1,1,0,18
153,2020,1034,11,NaN,NaN,NaN,0,0,1,1,0,0
153,2020,80,11,NaN,NaN,NaN,0,0,1,1,0,0
153,2020,1199,20,NaN,NaN,NaN,0,0,1,1,0,7
153,2020,1124,20,NaN,NaN,NaN,0,0,1,1,0,17
153,2020,487,5,NaN,NaN,NaN,0,0,1,1,0,2
153,2020,541,14,NaN,NaN,NaN,0,0,1,1,0,0
153,2020,745,18,NaN,NaN,NaN,0,0,1,1,0,0
154,2021,447,13,NaN,NaN,NaN,0,0,1,1,0,7
154,2021,1021,7,NaN,NaN,NaN,0,0,1,0,0,12
154,2021,568,15,NaN,NaN,NaN,0,0,1,0,0,8
154,2021,745,18,NaN,NaN,NaN,0,0,1,1,0,22
154,2021,763,12,NaN,NaN,NaN,0,0,1,1,0,3
154,2021,534,21,NaN,NaN,NaN,0,0,1,1,0,6
154,2021,1227,16,NaN,NaN,NaN,0,0,1,1,0,13
154,2021,276,9,NaN,NaN,NaN,0,0,1,1,0,14
154,2021,767,13,NaN,NaN,NaN,0,0,1,1,0,5
154,2021,80,11,NaN,NaN,NaN,0,0,1,1,0,9
154,2021,372,17,NaN,NaN,NaN,0,0,1,1,0,3
154,2021,1199,7,NaN,NaN,NaN,0,0,1,1,0,15
154,2021,907,12,NaN,NaN,NaN,0,0,1,0,0,1
154,2021,1465,3,NaN,NaN,NaN,0,0,1,1,0,21
154,2021,487,2,NaN,NaN,NaN,0,0,1,1,0,9
154,2021,554,20,NaN,NaN,NaN,0,0,1,1,0,8
154,2021,738,5,NaN,NaN,NaN,0,0,1,0,0,21
154,2021,1457,2,NaN,NaN,NaN,0,0,1,1,0,21
154,2021,255,4,NaN,NaN,NaN,0,0,1,0,0,16
154,2021,1043,18,NaN,NaN,NaN,0,0,1,1,0,0
154,2021,183,22,NaN,NaN,NaN,0,0,1,1,0,9
154,2021,44,5,NaN,NaN,NaN,0,0,1,1,0,0
154,2021,67,13,NaN,NaN,NaN,0,0,1,0,0,16
154,2021,376,6,NaN,NaN,NaN,0,0,1,1,0,2
154,2021,1268,18,NaN,NaN,NaN,0,0,1,1,0,13
154,2021,20,6,NaN,NaN,NaN,0,0.151144800018166,1,1,0,5
154,2021,1130,6,NaN,NaN,NaN,0,0,1,0,0,7
154,2021,47,21,NaN,NaN,NaN,0,0,1,1,0,16
154,2021,968,13,NaN,NaN,NaN,0,0,1,1,0,22
154,2021,1122,20,NaN,NaN,NaN,0,0,1,1,0,6
154,2021,390,8,NaN,NaN,NaN,0,0,1,0,0,4
154,2021,102,1,NaN,NaN,NaN,0,0,1,1,0,0
154,2021,151,17,NaN,NaN,NaN,0,0,1,1,0,0
154,2021,1178,5,NaN,NaN,NaN,0,0,1,0,0,4
154,2021,607,5,NaN,NaN,NaN,0,0,1,1,0,17
154,2021,541,14,NaN,NaN,NaN,0,0,1,1,0,17
154,2021,813,18,NaN,NaN,NaN,0,0,1,1,0,0
154,2021,634,18,NaN,NaN,NaN,0,0,1,1,0,1
154,2021,1535,21,NaN,NaN,NaN,0,0,1,1,0,8
154,2021,1024,13,NaN,NaN,NaN,0,0,1,0,0,0
154,2021,1391,8,NaN,NaN,NaN,0,0,1,1,0,0
154,2021,1038,20,NaN,NaN,NaN,0,0,1,1,0,7
154,2021,243,21,NaN,NaN,NaN,0,0,1,1,0,14
154,2021,247,19,NaN,NaN,NaN,0,0,1,1,0,21
154,2021,1305,17,NaN,NaN,NaN,0,0,1,1,0,6
154,2021,106,3,NaN,NaN,NaN,0,0,1,1,0,0
154,2021,1196,14,NaN,NaN,NaN,0,0,1,1,0,13
154,2021,545,7,NaN,NaN,NaN,0,0,1,0,0,10
154,2021,87,3,NaN,NaN,NaN,0,0,1,0,0,10
154,2021,1441,1,NaN,NaN,NaN,0,0,1,0,0,15
154,2021,16,1,NaN,NaN,NaN,0,0,1,1,0,5
154,2021,1598,1,NaN,NaN,NaN,0,0,1,1,0,0
154,2021,347,1,NaN,NaN,NaN,0,0,1,0,0,13
154,2021,803,13,NaN,NaN,NaN,0,0,1,1,0,6
154,2021,1003,13,NaN,NaN,NaN,0,0,1,1,0,1
154,2021,323,20,NaN,NaN,NaN,0,0,1,1,0,0
154,2021,1107,1,NaN,NaN,NaN,0,0,1,0,0,5
154,2021,1599,19,NaN,NaN,NaN,0,0,1,1,0,4
154,2021,625,18,NaN,NaN,NaN,0,0,1,1,0,12
154,2021,174,10,NaN,NaN,NaN,0,0,1,0,0,11
154,2021,27,8,NaN,NaN,NaN,0,0,1,1,0,0
154,2021,410,15,NaN,NaN,NaN,0,0,1,1,0,13
154,2021,1215,12,NaN,NaN,NaN,0,0,1,0,0,19
154,2021,1034,11,NaN,NaN,NaN,0,0,1,1,0,0
154,2021,931,13,NaN,NaN,NaN,0,0.554296046264666,1,1,0,22
154,2021,1584,4,NaN,NaN,NaN,0,0,1,1,0,18
154,2021,1186,7,NaN,NaN,NaN,0,0,1,1,0,14
154,2021,1439,8,NaN,NaN,NaN,0,0,1,1,0,0
154,2021,1394,5,NaN,NaN,NaN,0,0,1,1,0,0
154,2021,233,11,NaN,NaN,NaN,0,0,1,1,0,10
154,2021,1124,17,NaN,NaN,NaN,0,0,1,1,0,0
154,2021,272,19,NaN,NaN,NaN,0,0,1,1,0,6
155,2021,47,16,NaN,NaN,NaN,0,0,1,1,0,13
155,2021,534,6,NaN,NaN,NaN,0,0,1,1,0,19
155,2021,1043,18,NaN,NaN,NaN,0,0,1,1,0,0
155,2021,1391,8,NaN,NaN,NaN,0,0,1,1,0,0
155,2021,1107,5,NaN,NaN,NaN,0,0,1,0,0,0
155,2021,1535,8,NaN,NaN,NaN,0,0,1,1,0,12
155,2021,1584,18,NaN,NaN,NaN,0,0,1,1,0,8
155,2021,1122,6,NaN,NaN,NaN,0,0,1,1,0,1
155,2021,243,14,NaN,NaN,NaN,0,0,1,1,0,12
155,2021,106,3,NaN,NaN,NaN,0,0,1,1,0,15
155,2021,16,5,NaN,NaN,NaN,0,0,1,1,0,0
155,2021,1305,6,NaN,NaN,NaN,0,0,1,1,0,17
155,2021,968,22,NaN,NaN,NaN,0,0,1,1,0,3
155,2021,372,3,NaN,NaN,NaN,0,0,1,1,0,6
155,2021,255,16,NaN,NaN,NaN,0,0,1,0,0,22
155,2021,376,2,NaN,NaN,NaN,0,0,1,1,0,1
155,2021,272,6,NaN,NaN,NaN,0,0,1,1,0,19
155,2021,607,17,NaN,NaN,NaN,0,0,1,1,0,5
155,2021,1394,5,NaN,NaN,NaN,0,0,1,1,0,0
155,2021,1465,21,NaN,NaN,NaN,0,0,1,1,0,4
155,2021,907,1,NaN,NaN,NaN,0,0,1,0,0,0
155,2021,545,10,NaN,NaN,NaN,0,0,1,0,0,0
155,2021,27,8,NaN,NaN,NaN,0,0,1,1,0,0
155,2021,174,11,NaN,NaN,NaN,0,0,1,0,0,0
155,2021,745,22,NaN,NaN,NaN,0,0,1,1,0,7
155,2021,67,16,NaN,NaN,NaN,0,0,1,0,0,0
155,2021,1034,11,NaN,NaN,NaN,0,0,1,1,0,0
155,2021,390,4,NaN,NaN,NaN,0,0,1,0,0,8
155,2021,813,18,NaN,NaN,NaN,0,0,1,1,0,0
155,2021,1021,12,NaN,NaN,NaN,0,0,1,0,0,0
155,2021,1441,15,NaN,NaN,NaN,0,0,1,0,0,0
155,2021,738,21,NaN,NaN,NaN,0,0,1,0,0,0
155,2021,87,10,NaN,NaN,NaN,0,0,1,0,0,0
155,2021,1599,4,NaN,NaN,NaN,0,0,1,1,0,11
155,2021,803,6,NaN,NaN,NaN,0,0,1,1,0,9
155,2021,763,3,NaN,NaN,NaN,0,0,1,1,0,13
155,2021,625,12,NaN,NaN,NaN,0,0,1,1,0,10
155,2021,20,5,NaN,NaN,NaN,0,0.151144800018166,1,1,0,8
155,2021,1130,7,NaN,NaN,NaN,0,0,1,0,0,0
155,2021,1439,8,NaN,NaN,NaN,0,0,1,1,0,14
155,2021,1215,19,NaN,NaN,NaN,0,0,1,0,0,0
155,2021,347,13,NaN,NaN,NaN,0,0,1,0,0,0
155,2021,1124,17,NaN,NaN,NaN,0,0,1,1,0,13
155,2021,447,7,NaN,NaN,NaN,0,0,1,1,0,16
155,2021,1038,7,NaN,NaN,NaN,0,0,1,1,0,15
155,2021,323,20,NaN,NaN,NaN,0,0,1,1,0,0
155,2021,554,8,NaN,NaN,NaN,0,0,1,1,0,5
155,2021,487,9,NaN,NaN,NaN,0,0,1,1,0,5
155,2021,1186,14,NaN,NaN,NaN,0,0,1,1,0,0
155,2021,233,10,NaN,NaN,NaN,0,0,1,1,0,6
155,2021,1457,21,NaN,NaN,NaN,0,0,1,1,0,16
155,2021,767,5,NaN,NaN,NaN,0,0,1,1,0,11
155,2021,1268,13,NaN,NaN,NaN,0,0,1,1,0,0
155,2021,183,9,NaN,NaN,NaN,0,0,1,1,0,1
155,2021,247,21,NaN,NaN,NaN,0,0,1,1,0,15
155,2021,1199,15,NaN,NaN,NaN,0,0,1,1,0,0
155,2021,102,1,NaN,NaN,NaN,0,0,1,1,0,20
155,2021,541,17,NaN,NaN,NaN,0,0,1,1,0,1
155,2021,1598,1,NaN,NaN,NaN,0,0,1,1,0,0
155,2021,634,1,NaN,NaN,NaN,0,0,1,1,0,0
155,2021,1003,1,NaN,NaN,NaN,0,0,1,1,0,0
155,2021,1227,13,NaN,NaN,NaN,0,0,1,1,0,0
155,2021,1196,13,NaN,NaN,NaN,0,0,1,1,0,0
155,2021,931,22,NaN,NaN,NaN,0,0.554296046264666,1,1,0,10
155,2021,1024,13,NaN,NaN,NaN,0,0,1,0,0,5
155,2021,568,8,NaN,NaN,NaN,0,0,1,0,0,13
155,2021,44,5,NaN,NaN,NaN,0,0,1,1,0,18
155,2021,276,14,NaN,NaN,NaN,0,0,1,1,0,0
155,2021,151,17,NaN,NaN,NaN,0,0,1,1,0,0
155,2021,1178,4,NaN,NaN,NaN,0,0,1,0,0,0
156,2021,1186,14,NaN,NaN,NaN,0,0,1,1,0,9
156,2021,276,14,NaN,NaN,NaN,0,0,1,1,0,0
156,2021,44,18,NaN,NaN,NaN,0,0,1,1,0,22
156,2021,272,19,NaN,NaN,NaN,0,0,1,1,0,0
156,2021,554,5,NaN,NaN,NaN,0,0,1,1,0,3
156,2021,625,10,NaN,NaN,NaN,0,0,1,1,0,0
156,2021,763,13,NaN,NaN,NaN,0,0,1,1,0,17
156,2021,1107,5,NaN,NaN,NaN,0,0,1,0,0,0
156,2021,1122,1,NaN,NaN,NaN,0,0,1,1,0,0
156,2021,634,1,NaN,NaN,NaN,0,0,1,1,0,9
156,2021,1227,13,NaN,NaN,NaN,0,0,1,1,0,16
156,2021,1441,15,NaN,NaN,NaN,0,0,1,0,0,0
156,2021,102,20,NaN,NaN,NaN,0,0,1,1,0,21
156,2021,813,18,NaN,NaN,NaN,0,0,1,1,0,0
156,2021,87,10,NaN,NaN,NaN,0,0,1,0,0,0
156,2021,1124,13,NaN,NaN,NaN,0,0,1,1,0,0
156,2021,1199,15,NaN,NaN,NaN,0,0,1,1,0,0
156,2021,541,1,NaN,NaN,NaN,0,0,1,1,0,11
156,2021,1003,1,NaN,NaN,NaN,0,0,1,1,0,6
156,2021,1178,4,NaN,NaN,NaN,0,0,1,0,0,0
156,2021,487,5,NaN,NaN,NaN,0,0,1,1,0,13
156,2021,1584,8,NaN,NaN,NaN,0,0,1,1,0,0
156,2021,27,8,NaN,NaN,NaN,0,0,1,1,0,0
156,2021,968,3,NaN,NaN,NaN,0,0,1,1,0,13
156,2021,183,1,NaN,NaN,NaN,0,0,1,1,0,0
156,2021,907,1,NaN,NaN,NaN,0,0,1,0,0,0
156,2021,1268,13,NaN,NaN,NaN,0,0,1,1,0,14
156,2021,255,22,NaN,NaN,NaN,0,0,1,0,0,0
156,2021,1394,5,NaN,NaN,NaN,0,0,1,1,0,16
156,2021,568,13,NaN,NaN,NaN,0,0,1,0,0,0
156,2021,545,10,NaN,NaN,NaN,0,0,1,0,0,6
156,2021,247,15,NaN,NaN,NaN,0,0,1,1,0,17
156,2021,106,15,NaN,NaN,NaN,0,0,1,1,0,0
156,2021,1457,16,NaN,NaN,NaN,0,0,1,1,0,13
156,2021,1465,4,NaN,NaN,NaN,0,0,1,1,0,0
156,2021,1024,5,NaN,NaN,NaN,0,0,1,0,0,0
156,2021,745,7,NaN,NaN,NaN,0,0,1,1,0,0
156,2021,1535,12,NaN,NaN,NaN,0,0,1,1,0,0
156,2021,1598,1,NaN,NaN,NaN,0,0,1,1,0,17
156,2021,372,6,NaN,NaN,NaN,0,0,1,1,0,0
156,2021,767,11,NaN,NaN,NaN,0,0,1,1,0,20
156,2021,376,1,NaN,NaN,NaN,0,0,1,1,0,21
156,2021,447,16,NaN,NaN,NaN,0,0,1,1,0,15
156,2021,1305,17,NaN,NaN,NaN,0,0,1,1,0,0
156,2021,47,13,NaN,NaN,NaN,0,0,1,1,0,18
156,2021,1021,12,NaN,NaN,NaN,0,0,1,0,0,0
156,2021,323,20,NaN,NaN,NaN,0,0,1,1,0,14
156,2021,1034,11,NaN,NaN,NaN,0,0,1,1,0,0
156,2021,1130,7,NaN,NaN,NaN,0,0,1,0,0,13
156,2021,233,6,NaN,NaN,NaN,0,0,1,1,0,0
156,2021,803,9,NaN,NaN,NaN,0,0,1,1,0,0
156,2021,1599,11,NaN,NaN,NaN,0,0,1,1,0,0
156,2021,67,16,NaN,NaN,NaN,0,0,1,0,0,0
156,2021,1439,14,NaN,NaN,NaN,0,0,1,1,0,0
156,2021,534,19,NaN,NaN,NaN,0,0,1,1,0,13
156,2021,390,8,NaN,NaN,NaN,0,0,1,0,0,13
156,2021,1196,13,NaN,NaN,NaN,0,0,1,1,0,2
156,2021,931,10,NaN,NaN,NaN,0,0.554296046264666,1,1,0,5
156,2021,243,12,NaN,NaN,NaN,0,0,1,1,0,16
156,2021,738,21,NaN,NaN,NaN,0,0,1,0,0,0
156,2021,1391,8,NaN,NaN,NaN,0,0,1,1,0,0
156,2021,174,11,NaN,NaN,NaN,0,0,1,0,0,15
156,2021,347,13,NaN,NaN,NaN,0,0,1,0,0,0
156,2021,20,8,NaN,NaN,NaN,0,0.151144800018166,1,1,0,18
156,2021,1215,19,NaN,NaN,NaN,0,0,1,0,0,2
156,2021,607,5,NaN,NaN,NaN,0,0,1,1,0,0
156,2021,151,17,NaN,NaN,NaN,0,0,1,1,0,11
156,2021,1043,18,NaN,NaN,NaN,0,0,1,1,0,0
156,2021,16,5,NaN,NaN,NaN,0,0,1,1,0,1
156,2021,1038,15,NaN,NaN,NaN,0,0,1,1,0,0
157,2021,1122,1,NaN,NaN,NaN,0,0,1,1,0,9
157,2021,247,17,NaN,NaN,NaN,0,0,1,1,0,13
157,2021,1439,14,NaN,NaN,NaN,0,3.48361686791093,1,1,1,9
157,2021,233,6,NaN,NaN,NaN,0,0,1,1,0,15
157,2021,1003,6,NaN,NaN,NaN,0,0,1,1,0,0
157,2021,272,19,NaN,NaN,NaN,0,0,1,1,0,0
157,2021,243,16,NaN,NaN,NaN,0,0,1,1,0,5
157,2021,174,15,NaN,NaN,NaN,0,0,1,1,0,9
157,2021,1227,16,NaN,NaN,NaN,0,0,1,1,0,18
157,2021,1391,8,NaN,NaN,NaN,0,0,1,1,0,0
157,2021,347,13,NaN,NaN,NaN,0,3.82395073077351,1,1,1,20
157,2021,183,1,NaN,NaN,NaN,0,0,1,1,0,18
157,2021,931,5,NaN,NaN,NaN,0,0,1,1,0,0
157,2021,1584,8,NaN,NaN,NaN,0,2.99233510305932,1,1,1,18
157,2021,763,17,NaN,NaN,NaN,0,0,1,1,0,3
157,2021,1599,11,NaN,NaN,NaN,0,0,1,1,0,17
157,2021,1038,15,NaN,NaN,NaN,0,0,1,1,0,9
157,2021,1107,5,NaN,NaN,NaN,0,3.58997022882641,1,1,1,4
157,2021,1215,2,NaN,NaN,NaN,0,6.23649645251145,1,1,1,19
157,2021,372,6,NaN,NaN,NaN,0,0,1,1,0,0
157,2021,813,18,NaN,NaN,NaN,0,0,1,1,0,13
157,2021,44,22,NaN,NaN,NaN,0,0,1,1,0,17
157,2021,376,21,NaN,NaN,NaN,0,2.5566523873058,1,1,1,20
157,2021,47,18,NaN,NaN,NaN,0,0,1,1,0,3
157,2021,1034,11,NaN,NaN,NaN,0,0,1,1,0,0
157,2021,767,20,NaN,NaN,NaN,0,0,1,1,0,13
157,2021,106,15,NaN,NaN,NaN,0,0,1,1,0,20
157,2021,1043,18,NaN,NaN,NaN,0,0,1,1,0,11
157,2021,534,13,NaN,NaN,NaN,0,0,1,1,0,0
157,2021,1457,13,NaN,NaN,NaN,0,0,1,1,0,18
157,2021,1598,17,NaN,NaN,NaN,0,0,1,1,0,0
157,2021,1441,15,NaN,NaN,NaN,0,3.62107761909046,1,1,1,21
157,2021,541,11,NaN,NaN,NaN,0,0,1,1,0,22
157,2021,390,13,NaN,NaN,NaN,0,4.27166601265951,1,1,1,22
157,2021,1021,12,NaN,NaN,NaN,0,6.1107114932011,1,1,1,17
157,2021,1186,9,NaN,NaN,NaN,0,0,1,1,0,0
157,2021,487,13,NaN,NaN,NaN,0,0,1,1,0,5
157,2021,1130,13,NaN,NaN,NaN,0,5.00662839644689,1,1,1,18
157,2021,447,15,NaN,NaN,NaN,0,0,1,1,0,5
157,2021,545,6,NaN,NaN,NaN,0,0,1,1,0,0
157,2021,738,21,NaN,NaN,NaN,0,4.11606954825181,1,1,1,14
157,2021,554,3,NaN,NaN,NaN,0,0,1,1,0,17
157,2021,151,11,NaN,NaN,NaN,0,0,1,1,0,17
157,2021,255,22,NaN,NaN,NaN,0,4.33273350102358,1,1,1,16
157,2021,745,7,NaN,NaN,NaN,0,0,1,1,0,12
157,2021,607,5,NaN,NaN,NaN,0,0,1,1,0,20
157,2021,102,21,NaN,NaN,NaN,0,0,1,1,0,9
157,2021,87,10,NaN,NaN,NaN,0,5.16202733220205,1,1,1,16
157,2021,1124,13,NaN,NaN,NaN,0,0,1,1,0,18
157,2021,1465,4,NaN,NaN,NaN,0,0,1,1,0,12
157,2021,27,8,NaN,NaN,NaN,0,0,1,1,0,5
157,2021,1268,14,NaN,NaN,NaN,0,0,1,1,0,9
157,2021,1305,17,NaN,NaN,NaN,0,0,1,1,0,0
157,2021,568,13,NaN,NaN,NaN,0,4.2321186661412,1,1,1,22
157,2021,323,14,NaN,NaN,NaN,0,0,1,1,0,7
157,2021,1178,4,NaN,NaN,NaN,0,4.81727115691977,1,1,1,11
157,2021,803,9,NaN,NaN,NaN,0,0,1,1,0,19
157,2021,1196,2,NaN,NaN,NaN,0,0,1,1,0,13
157,2021,276,14,NaN,NaN,NaN,0,0,1,1,0,0
157,2021,1199,15,NaN,NaN,NaN,0,0,1,1,0,16
157,2021,20,18,NaN,NaN,NaN,0,3.77291733220242,1,1,1,12
157,2021,1394,16,NaN,NaN,NaN,0,0,1,1,0,5
157,2021,968,13,NaN,NaN,NaN,0,0,1,1,0,5
157,2021,907,1,NaN,NaN,NaN,0,7.17179355887982,1,1,1,8
157,2021,1535,12,NaN,NaN,NaN,0,0,1,1,0,1
157,2021,1024,5,NaN,NaN,NaN,0,0,1,1,0,13
157,2021,625,10,NaN,NaN,NaN,0,0,1,1,0,0
157,2021,634,9,NaN,NaN,NaN,0,5.52825763485149,1,1,1,6
157,2021,16,1,NaN,NaN,NaN,0,0,1,1,0,5
157,2021,67,16,NaN,NaN,NaN,0,1.64482545666195,1,1,1,22
158,2022,1599,17,NaN,NaN,NaN,0,0,1,1,0,18
158,2022,607,20,NaN,NaN,NaN,0,0,1,1,0,13
158,2022,1196,13,NaN,NaN,NaN,0,0,1,1,0,0
158,2022,174,9,NaN,NaN,NaN,0,0,1,1,0,0
158,2022,390,22,NaN,NaN,NaN,0,0,1,0,0,13
158,2022,233,15,NaN,NaN,NaN,0,0,1,1,0,11
158,2022,1043,11,NaN,NaN,NaN,0,0,1,1,0,5
158,2022,931,5,NaN,NaN,NaN,0,0,1,1,0,8
158,2022,1034,11,NaN,NaN,NaN,0,0,1,1,0,13
158,2022,44,17,NaN,NaN,NaN,0,0,1,1,0,5
158,2022,534,13,NaN,NaN,NaN,0,0,1,1,0,0
158,2022,1535,1,NaN,NaN,NaN,0,0,1,1,0,0
158,2022,1465,12,NaN,NaN,NaN,0,0,1,1,0,21
158,2022,1122,9,NaN,NaN,NaN,0,0,1,1,0,0
158,2022,907,8,NaN,NaN,NaN,0,0,1,0,0,5
158,2022,1130,18,NaN,NaN,NaN,0,0,1,0,0,7
158,2022,1107,4,NaN,NaN,NaN,0,0,1,0,0,5
158,2022,447,5,NaN,NaN,NaN,0,0,1,1,0,0
158,2022,1003,6,NaN,NaN,NaN,0,0,1,1,0,2
158,2022,1457,18,NaN,NaN,NaN,0,0,1,1,0,0
158,2022,1024,13,NaN,NaN,NaN,0,0,1,1,0,0
158,2022,763,3,NaN,NaN,NaN,0,0,1,1,0,19
158,2022,67,22,NaN,NaN,NaN,0,0,1,0,0,6
158,2022,803,19,NaN,NaN,NaN,0,0,1,1,0,9
158,2022,1124,18,NaN,NaN,NaN,0,0,1,1,0,1
158,2022,541,22,NaN,NaN,NaN,0,0,1,1,0,0
158,2022,1199,16,NaN,NaN,NaN,0,0,1,1,0,21
158,2022,183,18,NaN,NaN,NaN,0,0,1,1,0,6
158,2022,1268,9,NaN,NaN,NaN,0,0,1,1,0,21
158,2022,1227,18,NaN,NaN,NaN,0,0,1,1,0,17
158,2022,1178,11,NaN,NaN,NaN,0,0,1,0,0,0
158,2022,272,19,NaN,NaN,NaN,0,0,1,1,0,8
158,2022,1391,8,NaN,NaN,NaN,0,0,1,1,0,6
158,2022,20,12,NaN,NaN,NaN,0,0,1,0,0,9
158,2022,767,13,NaN,NaN,NaN,0,0,1,1,0,0
158,2022,1021,17,NaN,NaN,NaN,0,0,1,0,0,12
158,2022,968,5,NaN,NaN,NaN,0,0,1,1,0,13
158,2022,1394,5,NaN,NaN,NaN,0,0,1,1,0,14
158,2022,545,6,NaN,NaN,NaN,0,0,1,1,0,10
158,2022,625,10,NaN,NaN,NaN,0,0,1,1,0,11
158,2022,1441,21,NaN,NaN,NaN,0,0,1,0,0,1
158,2022,47,3,NaN,NaN,NaN,0,0,1,1,0,14
158,2022,487,5,NaN,NaN,NaN,0,0,1,1,0,0
158,2022,554,17,NaN,NaN,NaN,0,0,1,1,0,4
158,2022,1215,19,NaN,NaN,NaN,0,0,1,0,0,2
158,2022,16,5,NaN,NaN,NaN,0,0,1,1,0,0
158,2022,87,16,NaN,NaN,NaN,0,0,1,0,0,10
158,2022,738,14,NaN,NaN,NaN,0,0,1,0,0,21
158,2022,745,12,NaN,NaN,NaN,0,0,1,1,0,0
158,2022,813,13,NaN,NaN,NaN,0,0,1,1,0,0
158,2022,27,5,NaN,NaN,NaN,0,0,1,1,0,14
158,2022,102,9,NaN,NaN,NaN,0,0,1,1,0,20
158,2022,106,20,NaN,NaN,NaN,0,0,1,1,0,14
158,2022,243,5,NaN,NaN,NaN,0,0,1,1,0,18
158,2022,151,17,NaN,NaN,NaN,0,0,1,1,0,0
158,2022,372,6,NaN,NaN,NaN,0,0,1,1,0,0
158,2022,1598,17,NaN,NaN,NaN,0,0,1,1,0,12
158,2022,376,20,NaN,NaN,NaN,0,0,1,0,0,6
158,2022,323,7,NaN,NaN,NaN,0,0,1,1,0,20
158,2022,634,6,NaN,NaN,NaN,0,0,1,0,0,0
158,2022,1584,18,NaN,NaN,NaN,0,0,1,0,0,0
158,2022,276,14,NaN,NaN,NaN,0,0,1,1,0,7
158,2022,1038,9,NaN,NaN,NaN,0,0,1,1,0,0
158,2022,247,13,NaN,NaN,NaN,0,0,1,1,0,0
158,2022,568,22,NaN,NaN,NaN,0,0,1,0,0,4
158,2022,1186,9,NaN,NaN,NaN,0,0,1,1,0,4
158,2022,347,20,NaN,NaN,NaN,0,0,1,0,0,13
158,2022,1305,17,NaN,NaN,NaN,0,0,1,1,0,21
159,2022,1186,4,NaN,NaN,NaN,0,0,1,1,0,7
159,2022,183,6,NaN,NaN,NaN,0,0,1,1,0,0
159,2022,372,6,NaN,NaN,NaN,0,0,1,1,0,18
159,2022,545,10,NaN,NaN,NaN,0,0,1,1,0,6
159,2022,813,13,NaN,NaN,NaN,0,0,1,1,0,17
159,2022,151,17,NaN,NaN,NaN,0,0,1,1,0,0
159,2022,931,8,NaN,NaN,NaN,0,0,1,1,0,6
159,2022,1130,7,NaN,NaN,NaN,0,0,1,0,0,0
159,2022,767,13,NaN,NaN,NaN,0,0,1,1,0,5
159,2022,27,14,NaN,NaN,NaN,0,0,1,1,0,17
159,2022,174,9,NaN,NaN,NaN,0,0,1,1,0,18
159,2022,907,5,NaN,NaN,NaN,0,0,1,0,0,0
159,2022,247,13,NaN,NaN,NaN,0,0,1,1,0,0
159,2022,1598,12,NaN,NaN,NaN,0,0,1,1,0,14
159,2022,1465,21,NaN,NaN,NaN,0,0,1,1,0,3
159,2022,347,13,NaN,NaN,NaN,0,0,1,0,0,0
159,2022,1199,21,NaN,NaN,NaN,0,0,1,1,0,0
159,2022,1021,12,NaN,NaN,NaN,0,0,1,0,0,0
159,2022,1441,1,NaN,NaN,NaN,0,0,1,0,0,21
159,2022,1122,9,NaN,NaN,NaN,0,0,1,1,0,0
159,2022,1038,9,NaN,NaN,NaN,0,0,1,1,0,18
159,2022,1003,2,NaN,NaN,NaN,0,0,1,1,0,11
159,2022,554,4,NaN,NaN,NaN,0,0,1,1,0,5
159,2022,272,8,NaN,NaN,NaN,0,0,1,1,0,9
159,2022,243,18,NaN,NaN,NaN,0,0,1,1,0,11
159,2022,20,9,NaN,NaN,NaN,0,0,1,0,0,16
159,2022,1124,1,NaN,NaN,NaN,0,0,1,1,0,7
159,2022,738,21,NaN,NaN,NaN,0,0,1,0,0,0
159,2022,745,12,NaN,NaN,NaN,0,0,1,1,0,15
159,2022,390,13,NaN,NaN,NaN,0,0,1,0,0,0
159,2022,1584,18,NaN,NaN,NaN,0,0,1,0,0,0
159,2022,1178,11,NaN,NaN,NaN,0,0,1,0,0,0
159,2022,1215,2,NaN,NaN,NaN,0,0,1,0,0,0
159,2022,323,20,NaN,NaN,NaN,0,0,1,1,0,21
159,2022,1535,1,NaN,NaN,NaN,0,0,1,1,0,0
159,2022,487,5,NaN,NaN,NaN,0,0,1,1,0,17
159,2022,534,13,NaN,NaN,NaN,0,0,1,1,0,0
159,2022,276,7,NaN,NaN,NaN,0,0,1,1,0,18
159,2022,16,5,NaN,NaN,NaN,0,0,1,1,0,0
159,2022,607,13,NaN,NaN,NaN,0,0,1,1,0,16
159,2022,625,11,NaN,NaN,NaN,0,0,1,1,0,5
159,2022,634,6,NaN,NaN,NaN,0,0,1,0,0,0
159,2022,447,5,NaN,NaN,NaN,0,0,1,1,0,0
159,2022,233,11,NaN,NaN,NaN,0,0,1,1,0,13
159,2022,1391,6,NaN,NaN,NaN,0,0,1,1,0,0
159,2022,803,9,NaN,NaN,NaN,0,0,1,1,0,0
159,2022,67,6,NaN,NaN,NaN,0,0,1,0,0,0
159,2022,47,14,NaN,NaN,NaN,0,0,1,1,0,13
159,2022,1305,21,NaN,NaN,NaN,0,0,1,1,0,10
159,2022,1457,18,NaN,NaN,NaN,0,0,1,1,0,1
159,2022,1268,21,NaN,NaN,NaN,0,0,1,1,0,0
159,2022,763,19,NaN,NaN,NaN,0,0,1,1,0,21
159,2022,968,13,NaN,NaN,NaN,0,0,1,1,0,8
159,2022,1043,5,NaN,NaN,NaN,0,0,1,1,0,6
159,2022,1107,5,NaN,NaN,NaN,0,0,1,0,0,0
159,2022,541,22,NaN,NaN,NaN,0,0,1,1,0,18
159,2022,1196,13,NaN,NaN,NaN,0,0,1,1,0,18
159,2022,106,14,NaN,NaN,NaN,0,0,1,1,0,8
159,2022,87,10,NaN,NaN,NaN,0,0,1,0,0,0
159,2022,1024,13,NaN,NaN,NaN,0,0,1,1,0,8
159,2022,102,20,NaN,NaN,NaN,0,0,1,1,0,16
159,2022,1227,17,NaN,NaN,NaN,0,0,1,1,0,0
159,2022,44,5,NaN,NaN,NaN,0,0,1,1,0,21
159,2022,568,4,NaN,NaN,NaN,0,0,1,0,0,0
159,2022,1394,14,NaN,NaN,NaN,0,0,1,1,0,6
159,2022,1599,18,NaN,NaN,NaN,0,0,1,1,0,4
159,2022,1034,13,NaN,NaN,NaN,0,0,1,1,0,18
159,2022,376,6,NaN,NaN,NaN,0,0,1,0,0,5
160,2022,447,5,NaN,NaN,NaN,0,0,1,1,0,13
160,2022,87,10,NaN,NaN,NaN,0,0,1,0,0,0
160,2022,534,13,NaN,NaN,NaN,0,0,1,1,0,0
160,2022,1122,9,NaN,NaN,NaN,0,0,1,1,0,13
160,2022,1107,5,NaN,NaN,NaN,0,0,1,0,0,0
160,2022,767,5,NaN,NaN,NaN,0,0,1,1,0,19
160,2022,907,5,NaN,NaN,NaN,0,0,1,0,0,0
160,2022,243,11,NaN,NaN,NaN,0,0,1,1,0,5
160,2022,347,13,NaN,NaN,NaN,0,0,1,0,0,0
160,2022,1394,6,NaN,NaN,NaN,0,0,1,1,0,12
160,2022,102,16,NaN,NaN,NaN,0,0,1,1,0,1
160,2022,568,4,NaN,NaN,NaN,0,0,1,0,0,13
160,2022,1535,1,NaN,NaN,NaN,0,0,1,1,0,18
160,2022,106,8,NaN,NaN,NaN,0,0,1,1,0,13
160,2022,607,16,NaN,NaN,NaN,0,0,1,1,0,20
160,2022,541,18,NaN,NaN,NaN,0,0,1,1,0,0
160,2022,376,5,NaN,NaN,NaN,0,0,1,0,0,19
160,2022,634,6,NaN,NaN,NaN,0,0,1,0,0,0
160,2022,27,17,NaN,NaN,NaN,0,0,1,1,0,8
160,2022,1038,18,NaN,NaN,NaN,0,0,1,1,0,1
160,2022,233,13,NaN,NaN,NaN,0,0,1,1,0,22
160,2022,1003,11,NaN,NaN,NaN,0,0,1,1,0,0
160,2022,1199,21,NaN,NaN,NaN,0,0,1,1,0,13
160,2022,1391,6,NaN,NaN,NaN,0,0,1,1,0,19
160,2022,390,13,NaN,NaN,NaN,0,0,1,0,0,0
160,2022,545,6,NaN,NaN,NaN,0,0,1,1,0,10
160,2022,813,17,NaN,NaN,NaN,0,0,1,1,0,11
160,2022,1457,1,NaN,NaN,NaN,0,0,1,1,0,18
160,2022,372,18,NaN,NaN,NaN,0,0,1,1,0,0
160,2022,1268,21,NaN,NaN,NaN,0,0,1,1,0,4
160,2022,1599,4,NaN,NaN,NaN,0,0,1,1,0,20
160,2022,1021,12,NaN,NaN,NaN,0,0,1,0,0,0
160,2022,247,13,NaN,NaN,NaN,0,0,1,1,0,0
160,2022,738,21,NaN,NaN,NaN,0,0,1,0,0,0
160,2022,20,16,NaN,NaN,NaN,0,0,1,0,0,0
160,2022,1124,7,NaN,NaN,NaN,0,0,1,1,0,0
160,2022,1215,2,NaN,NaN,NaN,0,0,1,0,0,19
160,2022,1441,21,NaN,NaN,NaN,0,0,1,0,0,18
160,2022,487,17,NaN,NaN,NaN,0,0,1,1,0,5
160,2022,151,17,NaN,NaN,NaN,0,0,1,1,0,10
160,2022,1196,18,NaN,NaN,NaN,0,0,1,1,0,16
160,2022,183,6,NaN,NaN,NaN,0,0,1,1,0,15
160,2022,1024,8,NaN,NaN,NaN,0,0,1,1,0,0
160,2022,968,8,NaN,NaN,NaN,0,0,1,1,0,12
160,2022,803,9,NaN,NaN,NaN,0,0,1,1,0,0
160,2022,174,18,NaN,NaN,NaN,0,0,1,1,0,0
160,2022,67,6,NaN,NaN,NaN,0,0,1,0,0,0
160,2022,1034,18,NaN,NaN,NaN,0,0,1,1,0,11
160,2022,745,15,NaN,NaN,NaN,0,0,1,1,0,0
160,2022,1043,6,NaN,NaN,NaN,0,0,1,1,0,1
160,2022,1598,14,NaN,NaN,NaN,0,0,1,1,0,0
160,2022,1130,7,NaN,NaN,NaN,0,0,1,0,0,22
160,2022,763,21,NaN,NaN,NaN,0,0,1,1,0,11
160,2022,1178,11,NaN,NaN,NaN,0,0,1,0,0,0
160,2022,1584,18,NaN,NaN,NaN,0,0,1,0,0,14
160,2022,554,5,NaN,NaN,NaN,0,0,1,1,0,21
160,2022,272,9,NaN,NaN,NaN,0,0,1,1,0,0
160,2022,1305,10,NaN,NaN,NaN,0,0,1,1,0,11
160,2022,47,13,NaN,NaN,NaN,0,0,1,1,0,12
160,2022,625,5,NaN,NaN,NaN,0,0,1,1,0,12
160,2022,44,21,NaN,NaN,NaN,0,0,1,1,0,0
160,2022,1186,7,NaN,NaN,NaN,0,0,1,1,0,14
160,2022,931,6,NaN,NaN,NaN,0,0,1,1,0,0
160,2022,276,18,NaN,NaN,NaN,0,0,1,1,0,14
160,2022,323,21,NaN,NaN,NaN,0,0,1,1,0,0
160,2022,1227,17,NaN,NaN,NaN,0,0,1,1,0,5
160,2022,1465,3,NaN,NaN,NaN,0,0,1,1,0,22
160,2022,16,5,NaN,NaN,NaN,0,0,1,1,0,0
161,2022,67,6,NaN,NaN,NaN,0,6.0840537844434,1,1,1,18
161,2022,1196,16,NaN,NaN,NaN,0,0,1,1,0,18
161,2022,276,14,NaN,NaN,NaN,0,0,1,1,0,0
161,2022,243,5,NaN,NaN,NaN,0,0,1,1,0,12
161,2022,106,13,NaN,NaN,NaN,0,4.87522378585466,1,1,1,1
161,2022,20,16,NaN,NaN,NaN,0,0,1,1,0,18
161,2022,607,20,NaN,NaN,NaN,0,0,1,1,0,4
161,2022,183,15,NaN,NaN,NaN,0,0,1,1,0,0
161,2022,447,13,NaN,NaN,NaN,0,0,1,1,0,0
161,2022,1178,11,NaN,NaN,NaN,0,3.54884156561487,1,1,1,17
161,2022,745,15,NaN,NaN,NaN,0,0,1,1,0,0
161,2022,1034,11,NaN,NaN,NaN,0,0,1,1,0,0
161,2022,87,10,NaN,NaN,NaN,0,6.78187889481916,1,1,1,5
161,2022,272,9,NaN,NaN,NaN,0,0,1,1,0,0
161,2022,545,10,NaN,NaN,NaN,0,4.75205388069815,1,1,1,2
161,2022,541,18,NaN,NaN,NaN,0,0,1,1,0,22
161,2022,1268,4,NaN,NaN,NaN,0,0,1,1,0,0
161,2022,625,12,NaN,NaN,NaN,0,0,1,1,0,0
161,2022,1124,7,NaN,NaN,NaN,0,0,1,1,0,17
161,2022,1130,22,NaN,NaN,NaN,0,2.11645625388396,1,1,1,4
161,2022,1535,18,NaN,NaN,NaN,0,0,1,1,0,0
161,2022,1199,13,NaN,NaN,NaN,0,0,1,1,0,16
161,2022,1584,14,NaN,NaN,NaN,0,0,1,1,0,13
161,2022,931,6,NaN,NaN,NaN,0,0,1,1,0,13
161,2022,1599,20,NaN,NaN,NaN,0,0,1,1,0,9
161,2022,763,11,NaN,NaN,NaN,0,0,1,1,0,18
161,2022,376,19,NaN,NaN,NaN,0,3.97277661487138,1,1,1,14
161,2022,1024,8,NaN,NaN,NaN,0,0,1,1,0,12
161,2022,27,8,NaN,NaN,NaN,0,0,1,1,0,11
161,2022,1186,14,NaN,NaN,NaN,0,0,1,1,0,21
161,2022,813,11,NaN,NaN,NaN,0,0,1,1,0,3
161,2022,390,13,NaN,NaN,NaN,0,5.35936019410999,1,1,1,11
161,2022,568,13,NaN,NaN,NaN,0,5.52672612554576,1,1,1,10
161,2022,1391,19,NaN,NaN,NaN,0,0,1,1,0,5
161,2022,968,12,NaN,NaN,NaN,0,0,1,1,0,0
161,2022,1227,5,NaN,NaN,NaN,0,0,1,1,0,0
161,2022,1021,12,NaN,NaN,NaN,0,6.55906237676229,1,1,1,2
161,2022,1003,11,NaN,NaN,NaN,0,2.19414662692047,1,1,1,17
161,2022,1394,12,NaN,NaN,NaN,0,0,1,1,0,13
161,2022,174,18,NaN,NaN,NaN,0,1.88851362141884,1,1,1,3
161,2022,233,22,NaN,NaN,NaN,0,0,1,1,0,6
161,2022,487,5,NaN,NaN,NaN,0,0,1,1,0,21
161,2022,1107,5,NaN,NaN,NaN,0,3.82147930586003,1,1,1,1
161,2022,372,18,NaN,NaN,NaN,0,0,1,1,0,17
161,2022,347,13,NaN,NaN,NaN,0,4.51952698212315,1,1,1,14
161,2022,1598,14,NaN,NaN,NaN,0,0,1,1,0,12
161,2022,1441,18,NaN,NaN,NaN,0,2.59040303347098,1,1,1,14
161,2022,767,19,NaN,NaN,NaN,0,0,1,1,0,1
161,2022,1457,18,NaN,NaN,NaN,0,0,1,1,0,0
161,2022,323,21,NaN,NaN,NaN,0,0,1,1,0,0
161,2022,803,9,NaN,NaN,NaN,0,0,1,1,0,0
161,2022,1038,1,NaN,NaN,NaN,0,0,1,1,0,0
161,2022,1043,1,NaN,NaN,NaN,0,0,1,1,0,7
161,2022,738,21,NaN,NaN,NaN,0,3.08860497231675,1,1,1,4
161,2022,151,10,NaN,NaN,NaN,0,5.7431978545514,1,1,1,6
161,2022,534,13,NaN,NaN,NaN,0,0,1,1,0,0
161,2022,44,21,NaN,NaN,NaN,0,0,1,1,0,0
161,2022,47,12,NaN,NaN,NaN,0,0,1,1,0,20
161,2022,634,6,NaN,NaN,NaN,0,0,1,1,0,21
161,2022,16,5,NaN,NaN,NaN,0,0,1,1,0,1
161,2022,102,1,NaN,NaN,NaN,0,0,1,1,0,0
161,2022,1122,13,NaN,NaN,NaN,0,0,1,1,0,0
161,2022,247,13,NaN,NaN,NaN,0,0,1,1,0,19
161,2022,1215,19,NaN,NaN,NaN,0,6.37652276860905,1,1,1,2
161,2022,907,5,NaN,NaN,NaN,0,5.24334436714688,1,1,1,22
161,2022,1465,22,NaN,NaN,NaN,0,0,1,1,0,3
161,2022,1305,11,NaN,NaN,NaN,0,0,1,1,0,0
161,2022,554,21,NaN,NaN,NaN,0,0,1,1,0,22
162,2023,907,22,NaN,NaN,NaN,0,0,1,0,0,14
162,2023,738,4,NaN,NaN,NaN,0,0,1,0,0,21
162,2023,1003,17,NaN,NaN,NaN,0,0,1,0,0,3
162,2023,376,14,NaN,NaN,NaN,0,0,1,0,0,12
162,2023,1215,2,NaN,NaN,NaN,0,0,1,0,0,0
162,2023,347,14,NaN,NaN,NaN,0,0,1,0,0,13
162,2023,554,22,NaN,NaN,NaN,0,0,1,1,0,17
162,2023,568,10,NaN,NaN,NaN,0,0,1,0,0,8
162,2023,1305,11,NaN,NaN,NaN,0,0,1,1,0,3
162,2023,102,1,NaN,NaN,NaN,0,0,1,1,0,20
162,2023,534,13,NaN,NaN,NaN,0,0,1,1,0,0
162,2023,803,9,NaN,NaN,NaN,0,0,1,1,0,1
162,2023,323,21,NaN,NaN,NaN,0,0,1,1,0,0
162,2023,1038,1,NaN,NaN,NaN,0,0,1,1,0,0
162,2023,1227,5,NaN,NaN,NaN,0,0,1,1,0,0
162,2023,1465,3,NaN,NaN,NaN,0,0,1,1,0,0
162,2023,106,1,NaN,NaN,NaN,0,0,1,0,0,0
162,2023,634,21,NaN,NaN,NaN,0,0,1,1,0,20
162,2023,541,22,NaN,NaN,NaN,0,0,1,1,0,18
162,2023,1130,4,NaN,NaN,NaN,0,0,1,0,0,10
162,2023,931,13,NaN,NaN,NaN,0,0,1,1,0,1
162,2023,1441,14,NaN,NaN,NaN,0,0,1,0,0,18
162,2023,625,12,NaN,NaN,NaN,0,0,1,1,0,4
162,2023,16,1,NaN,NaN,NaN,0,0,1,1,0,0
162,2023,1599,9,NaN,NaN,NaN,0,0,1,1,0,14
162,2023,1584,13,NaN,NaN,NaN,0,0,1,1,0,0
162,2023,372,17,NaN,NaN,NaN,0,0,1,1,0,0
162,2023,1024,12,NaN,NaN,NaN,0,0,1,1,0,5
162,2023,607,4,NaN,NaN,NaN,0,0,1,1,0,0
162,2023,745,15,NaN,NaN,NaN,0,0,1,1,0,5
162,2023,1124,17,NaN,NaN,NaN,0,0,1,1,0,14
162,2023,1598,12,NaN,NaN,NaN,0,0,1,1,0,0
162,2023,1043,7,NaN,NaN,NaN,0,0,1,1,0,0
162,2023,813,3,NaN,NaN,NaN,0,0,1,1,0,17
162,2023,767,1,NaN,NaN,NaN,0,0,1,1,0,4
162,2023,67,18,NaN,NaN,NaN,0,0,1,0,0,19
162,2023,1021,2,NaN,NaN,NaN,0,0,1,0,0,12
162,2023,1394,13,NaN,NaN,NaN,0,0,1,1,0,0
162,2023,27,11,NaN,NaN,NaN,0,0,1,1,0,20
162,2023,87,5,NaN,NaN,NaN,0,0,1,0,0,10
162,2023,20,18,NaN,NaN,NaN,0,0,1,1,0,0
162,2023,44,21,NaN,NaN,NaN,0,0,1,1,0,18
162,2023,447,13,NaN,NaN,NaN,0,0,1,1,0,15
162,2023,1034,11,NaN,NaN,NaN,0,0,1,1,0,17
162,2023,1186,21,NaN,NaN,NaN,0,0,1,1,0,0
162,2023,763,18,NaN,NaN,NaN,0,0,1,1,0,1
162,2023,1196,18,NaN,NaN,NaN,0,0,1,1,0,5
162,2023,276,14,NaN,NaN,NaN,0,0,1,1,0,2
162,2023,1268,4,NaN,NaN,NaN,0,0,1,1,0,5
162,2023,272,9,NaN,NaN,NaN,0,0,1,1,0,0
162,2023,390,11,NaN,NaN,NaN,0,0,1,0,0,13
162,2023,1122,13,NaN,NaN,NaN,0,0,1,1,0,0
162,2023,1391,5,NaN,NaN,NaN,0,0,1,1,0,0
162,2023,1535,18,NaN,NaN,NaN,0,0,1,1,0,0
162,2023,968,12,NaN,NaN,NaN,0,0,1,1,0,6
162,2023,174,3,NaN,NaN,NaN,0,0,1,0,0,13
162,2023,487,21,NaN,NaN,NaN,0,0,1,1,0,14
162,2023,243,12,NaN,NaN,NaN,0,0,1,1,0,1
162,2023,183,15,NaN,NaN,NaN,0,0,1,1,0,3
162,2023,233,6,NaN,NaN,NaN,0,0,1,1,0,18
162,2023,545,2,NaN,NaN,NaN,0,0,1,0,0,10
162,2023,1457,18,NaN,NaN,NaN,0,0,1,1,0,0
162,2023,47,20,NaN,NaN,NaN,0,0,1,1,0,4
162,2023,1178,17,NaN,NaN,NaN,0,0,1,0,0,6
162,2023,1107,1,NaN,NaN,NaN,0,0,1,0,0,5
162,2023,247,19,NaN,NaN,NaN,0,0,1,1,0,6
162,2023,1199,16,NaN,NaN,NaN,0,0,1,1,0,18
162,2023,151,6,NaN,NaN,NaN,0,0,1,0,0,10
163,2023,1215,2,NaN,NaN,NaN,0,0,1,0,0,0
163,2023,1196,5,NaN,NaN,NaN,0,0,1,1,0,2
163,2023,763,1,NaN,NaN,NaN,0,0,1,1,0,22
163,2023,102,20,NaN,NaN,NaN,0,0,1,1,0,17
163,2023,243,1,NaN,NaN,NaN,0,0,1,1,0,6
163,2023,554,17,NaN,NaN,NaN,0,0,1,1,0,9
163,2023,44,18,NaN,NaN,NaN,0,0,1,1,0,17
163,2023,1124,14,NaN,NaN,NaN,0,0,1,1,0,1
163,2023,347,13,NaN,NaN,NaN,0,0,1,0,0,0
163,2023,1268,5,NaN,NaN,NaN,0,0,1,1,0,0
163,2023,1391,5,NaN,NaN,NaN,0,0,1,1,0,19
163,2023,233,18,NaN,NaN,NaN,0,0,1,1,0,0
163,2023,1441,18,NaN,NaN,NaN,0,0,1,0,0,7
163,2023,607,4,NaN,NaN,NaN,0,0,1,1,0,13
163,2023,183,3,NaN,NaN,NaN,0,0,1,1,0,18
163,2023,1584,13,NaN,NaN,NaN,0,0,1,1,0,0
163,2023,625,4,NaN,NaN,NaN,0,0,1,1,0,5
163,2023,1394,13,NaN,NaN,NaN,0,0,1,1,0,0
163,2023,1199,18,NaN,NaN,NaN,0,0,1,1,0,2
163,2023,1305,3,NaN,NaN,NaN,0,0,1,1,0,20
163,2023,1024,5,NaN,NaN,NaN,0,0,1,1,0,18
163,2023,372,17,NaN,NaN,NaN,0,0,1,1,0,0
163,2023,541,18,NaN,NaN,NaN,0,0,1,1,0,0
163,2023,931,1,NaN,NaN,NaN,0,0,1,1,0,0
163,2023,1178,6,NaN,NaN,NaN,0,0,1,0,0,0
163,2023,247,6,NaN,NaN,NaN,0,0,1,1,0,5
163,2023,1021,12,NaN,NaN,NaN,0,0,1,0,0,0
163,2023,487,14,NaN,NaN,NaN,0,0,1,1,0,5
163,2023,1038,1,NaN,NaN,NaN,0,0,1,1,0,18
163,2023,545,10,NaN,NaN,NaN,0,0,1,0,0,22
163,2023,1599,14,NaN,NaN,NaN,0,0,1,1,0,0
163,2023,813,17,NaN,NaN,NaN,0,0,1,1,0,0
163,2023,1598,12,NaN,NaN,NaN,0,0,1,1,0,0
163,2023,16,1,NaN,NaN,NaN,0,0,1,1,0,5
163,2023,174,13,NaN,NaN,NaN,0,0,1,0,0,18
163,2023,106,1,NaN,NaN,NaN,0,0,1,0,0,6
163,2023,1227,5,NaN,NaN,NaN,0,0,1,1,0,0
163,2023,803,1,NaN,NaN,NaN,0,0,1,1,0,21
163,2023,634,20,NaN,NaN,NaN,0,0,1,1,0,4
163,2023,447,15,NaN,NaN,NaN,0,0,1,1,0,0
163,2023,27,20,NaN,NaN,NaN,0,0,1,1,0,18
163,2023,1130,10,NaN,NaN,NaN,0,0,1,0,0,0
163,2023,1122,13,NaN,NaN,NaN,0,0,1,1,0,7
163,2023,47,4,NaN,NaN,NaN,0,0,1,1,0,22
163,2023,390,13,NaN,NaN,NaN,0,0,1,0,0,0
163,2023,968,6,NaN,NaN,NaN,0,0,1,1,0,16
163,2023,534,13,NaN,NaN,NaN,0,0,1,1,0,1
163,2023,87,10,NaN,NaN,NaN,0,0,1,0,0,0
163,2023,907,14,NaN,NaN,NaN,0,0,1,0,0,22
163,2023,1034,17,NaN,NaN,NaN,0,0,1,1,0,6
163,2023,1465,3,NaN,NaN,NaN,0,0,1,1,0,18
163,2023,67,19,NaN,NaN,NaN,0,0,1,0,0,14
163,2023,1186,21,NaN,NaN,NaN,0,0,1,1,0,18
163,2023,568,8,NaN,NaN,NaN,0,0,1,0,0,6
163,2023,745,5,NaN,NaN,NaN,0,0,1,1,0,0
163,2023,151,10,NaN,NaN,NaN,0,0,1,0,0,0
163,2023,767,4,NaN,NaN,NaN,0,0,1,1,0,2
163,2023,272,9,NaN,NaN,NaN,0,0,1,1,0,0
163,2023,376,12,NaN,NaN,NaN,0,0,1,0,0,16
163,2023,323,21,NaN,NaN,NaN,0,0,1,1,0,20
163,2023,1535,18,NaN,NaN,NaN,0,0,1,1,0,0
163,2023,1107,5,NaN,NaN,NaN,0,0,1,0,0,0
163,2023,1043,7,NaN,NaN,NaN,0,0,1,1,0,1
163,2023,1003,3,NaN,NaN,NaN,0,0,1,0,0,22
163,2023,20,18,NaN,NaN,NaN,0,0,1,1,0,2
163,2023,276,2,NaN,NaN,NaN,0,0,1,1,0,0
163,2023,1457,18,NaN,NaN,NaN,0,0,1,1,0,1
163,2023,738,21,NaN,NaN,NaN,0,0,1,0,0,0
164,2023,233,18,NaN,NaN,NaN,0,0,1,1,0,11
164,2023,1107,5,NaN,NaN,NaN,0,0,1,0,0,0
164,2023,534,1,NaN,NaN,NaN,0,0,1,1,0,11
164,2023,1457,1,NaN,NaN,NaN,0,0,1,1,0,18
164,2023,1598,12,NaN,NaN,NaN,0,0,1,1,0,5
164,2023,247,5,NaN,NaN,NaN,0,0,1,1,0,20
164,2023,1124,1,NaN,NaN,NaN,0,0,1,1,0,21
164,2023,767,2,NaN,NaN,NaN,0,0,1,1,0,15
164,2023,183,18,NaN,NaN,NaN,0,0,1,1,0,0
164,2023,276,2,NaN,NaN,NaN,0,0,1,1,0,21
164,2023,968,16,NaN,NaN,NaN,0,0,1,1,0,0
164,2023,87,10,NaN,NaN,NaN,0,0,1,0,0,0
164,2023,763,22,NaN,NaN,NaN,0,0,1,1,0,9
164,2023,44,17,NaN,NaN,NaN,0,0,1,1,0,18
164,2023,634,4,NaN,NaN,NaN,0,0,1,1,0,21
164,2023,151,10,NaN,NaN,NaN,0,0,1,0,0,0
164,2023,545,22,NaN,NaN,NaN,0,0,1,0,0,0
164,2023,1043,1,NaN,NaN,NaN,0,0,1,1,0,16
164,2023,1024,18,NaN,NaN,NaN,0,0,1,1,0,0
164,2023,323,20,NaN,NaN,NaN,0,0,1,1,0,4
164,2023,102,17,NaN,NaN,NaN,0,0,1,1,0,0
164,2023,803,21,NaN,NaN,NaN,0,0,1,1,0,0
164,2023,487,5,NaN,NaN,NaN,0,0,1,1,0,0
164,2023,16,5,NaN,NaN,NaN,0,0,1,1,0,0
164,2023,1178,6,NaN,NaN,NaN,0,0,1,0,0,0
164,2023,106,6,NaN,NaN,NaN,0,0,1,0,0,0
164,2023,27,18,NaN,NaN,NaN,0,0,1,1,0,0
164,2023,568,6,NaN,NaN,NaN,0,0,1,0,0,0
164,2023,1122,7,NaN,NaN,NaN,0,0,1,1,0,13
164,2023,1034,6,NaN,NaN,NaN,0,0,1,1,0,10
164,2023,607,13,NaN,NaN,NaN,0,0,1,1,0,0
164,2023,390,13,NaN,NaN,NaN,0,0,1,0,0,21
164,2023,1215,2,NaN,NaN,NaN,0,0,1,0,0,0
164,2023,1227,5,NaN,NaN,NaN,0,0,1,1,0,0
164,2023,20,2,NaN,NaN,NaN,0,0,1,1,0,18
164,2023,738,21,NaN,NaN,NaN,0,0,1,0,0,0
164,2023,1199,2,NaN,NaN,NaN,0,0,1,1,0,15
164,2023,1130,10,NaN,NaN,NaN,0,0,1,0,0,0
164,2023,541,18,NaN,NaN,NaN,0,0,1,1,0,0
164,2023,1196,2,NaN,NaN,NaN,0,0,1,1,0,0
164,2023,174,18,NaN,NaN,NaN,0,0,1,0,0,0
164,2023,625,5,NaN,NaN,NaN,0,0,1,1,0,11
164,2023,1038,18,NaN,NaN,NaN,0,0,1,1,0,0
164,2023,1465,18,NaN,NaN,NaN,0,0,1,1,0,16
164,2023,1584,13,NaN,NaN,NaN,0,0,1,1,0,19
164,2023,1305,20,NaN,NaN,NaN,0,0,1,1,0,18
164,2023,47,22,NaN,NaN,NaN,0,0,1,1,0,7
164,2023,813,17,NaN,NaN,NaN,0,0,1,1,0,3
164,2023,554,9,NaN,NaN,NaN,0,0,1,1,0,21
164,2023,447,15,NaN,NaN,NaN,0,0,1,1,0,0
164,2023,1186,18,NaN,NaN,NaN,0,0,1,1,0,4
164,2023,1021,12,NaN,NaN,NaN,0,0,1,0,0,0
164,2023,1441,7,NaN,NaN,NaN,0,0,1,0,0,18
164,2023,372,17,NaN,NaN,NaN,0,0,1,1,0,0
164,2023,1535,18,NaN,NaN,NaN,0,0,1,1,0,13
164,2023,67,14,NaN,NaN,NaN,0,0,1,0,0,0
164,2023,907,22,NaN,NaN,NaN,0,0,1,0,0,0
164,2023,272,9,NaN,NaN,NaN,0,0,1,1,0,0
164,2023,1394,13,NaN,NaN,NaN,0,0,1,1,0,12
164,2023,347,13,NaN,NaN,NaN,0,0,1,0,0,0
164,2023,243,6,NaN,NaN,NaN,0,0,1,1,0,22
164,2023,745,5,NaN,NaN,NaN,0,0,1,1,0,0
164,2023,931,1,NaN,NaN,NaN,0,0,1,1,0,15
164,2023,1391,19,NaN,NaN,NaN,0,0,1,1,0,0
164,2023,376,16,NaN,NaN,NaN,0,0,1,0,0,0
164,2023,1003,22,NaN,NaN,NaN,0,0,1,0,0,0
164,2023,1268,5,NaN,NaN,NaN,0,0,1,1,0,14
164,2023,1599,14,NaN,NaN,NaN,0,0,1,1,0,12
165,2023,745,5,NaN,NaN,NaN,0,0,1,1,0,21
165,2023,1535,13,NaN,NaN,NaN,0,0,1,1,0,0
165,2023,276,21,NaN,NaN,NaN,0,0,1,1,0,4
165,2023,738,21,NaN,NaN,NaN,0,2.37914300970421,1,1,1,5
165,2023,16,5,NaN,NaN,NaN,0,0,1,1,0,6
165,2023,390,21,NaN,NaN,NaN,0,1.57589876054146,1,1,1,13
165,2023,1130,10,NaN,NaN,NaN,0,4.44066091403908,1,1,1,5
165,2023,1215,2,NaN,NaN,NaN,0,4.0748000497109,1,1,1,12
165,2023,1598,5,NaN,NaN,NaN,0,0,1,1,0,0
165,2023,767,15,NaN,NaN,NaN,0,0,1,1,0,0
165,2023,1024,18,NaN,NaN,NaN,0,0,1,1,0,8
165,2023,87,10,NaN,NaN,NaN,0,4.62070142427891,1,1,1,22
165,2023,1038,18,NaN,NaN,NaN,0,0,1,1,0,6
165,2023,44,18,NaN,NaN,NaN,0,0,1,1,0,0
165,2023,27,18,NaN,NaN,NaN,0,0,1,1,0,5
165,2023,931,15,NaN,NaN,NaN,0,0,1,1,0,1
165,2023,534,11,NaN,NaN,NaN,0,0,1,1,0,19
165,2023,813,3,NaN,NaN,NaN,0,0,1,1,0,21
165,2023,1043,16,NaN,NaN,NaN,0,0,1,1,0,2
165,2023,568,6,NaN,NaN,NaN,0,1.95986777713304,1,1,1,12
165,2023,151,10,NaN,NaN,NaN,0,5.56872753368787,1,1,1,1
165,2023,803,21,NaN,NaN,NaN,0,0,1,1,0,10
165,2023,1199,15,NaN,NaN,NaN,0,0,1,1,0,1
165,2023,376,16,NaN,NaN,NaN,0,0,1,1,0,6
165,2023,1599,12,NaN,NaN,NaN,0,0,1,1,0,9
165,2023,106,6,NaN,NaN,NaN,0,3.68653563191441,1,1,1,7
165,2023,243,22,NaN,NaN,NaN,0,0,1,1,0,16
165,2023,1305,18,NaN,NaN,NaN,0,0,1,1,0,11
165,2023,763,9,NaN,NaN,NaN,0,0,1,1,0,22
165,2023,323,4,NaN,NaN,NaN,0,0,1,1,0,0
165,2023,272,9,NaN,NaN,NaN,0,0,1,1,0,0
165,2023,1391,19,NaN,NaN,NaN,0,0,1,1,0,4
165,2023,233,11,NaN,NaN,NaN,0,0,1,1,0,0
165,2023,183,18,NaN,NaN,NaN,0,0,1,1,0,8
165,2023,447,15,NaN,NaN,NaN,0,0,1,1,0,5
165,2023,1227,5,NaN,NaN,NaN,0,0,1,1,0,9
165,2023,545,22,NaN,NaN,NaN,0,0,1,1,0,7
165,2023,1021,12,NaN,NaN,NaN,0,4.41440056540264,1,1,1,17
165,2023,67,14,NaN,NaN,NaN,0,0,1,1,0,17
165,2023,102,17,NaN,NaN,NaN,0,0,1,1,0,0
165,2023,1122,13,NaN,NaN,NaN,0,0,1,1,0,0
165,2023,554,21,NaN,NaN,NaN,0,0,1,1,0,17
165,2023,1178,6,NaN,NaN,NaN,0,3.60644673737431,1,1,1,18
165,2023,1394,12,NaN,NaN,NaN,0,0,1,1,0,13
165,2023,20,18,NaN,NaN,NaN,0,0,1,1,0,6
165,2023,247,20,NaN,NaN,NaN,0,0,1,1,0,6
165,2023,347,13,NaN,NaN,NaN,0,2.86438201560514,1,1,1,10
165,2023,47,7,NaN,NaN,NaN,0,0,1,1,0,22
165,2023,1034,10,NaN,NaN,NaN,0,0,1,1,0,16
165,2023,1457,18,NaN,NaN,NaN,0,0,1,1,0,8
165,2023,1107,5,NaN,NaN,NaN,0,3.73940610815031,1,1,1,10
165,2023,1196,2,NaN,NaN,NaN,0,0,1,1,0,21
165,2023,968,16,NaN,NaN,NaN,0,0,1,1,0,13
165,2023,907,22,NaN,NaN,NaN,0,0.293073208252113,1,1,0,0
165,2023,1268,14,NaN,NaN,NaN,0,0,1,1,0,17
165,2023,1124,21,NaN,NaN,NaN,0,0,1,1,0,19
165,2023,174,18,NaN,NaN,NaN,0,3.62266170582925,1,1,1,22
165,2023,1186,4,NaN,NaN,NaN,0,0,1,1,0,5
165,2023,607,13,NaN,NaN,NaN,0,0,1,1,0,4
165,2023,634,21,NaN,NaN,NaN,0,0,1,1,0,22
165,2023,372,17,NaN,NaN,NaN,0,0,1,1,0,15
165,2023,541,18,NaN,NaN,NaN,0,0,1,1,0,0
165,2023,1584,19,NaN,NaN,NaN,0,0,1,1,0,11
165,2023,1465,16,NaN,NaN,NaN,0,0,1,1,0,18
165,2023,625,11,NaN,NaN,NaN,0,0,1,1,0,13
165,2023,1441,18,NaN,NaN,NaN,0,0,1,1,0,5
165,2023,1003,22,NaN,NaN,NaN,0,5.67080306074269,1,1,1,9
165,2023,487,5,NaN,NaN,NaN,0,0,1,1,0,9
166,2024,968,13,NaN,NaN,NaN,0,0,1,1,0,0
166,2024,323,4,NaN,NaN,NaN,0,0,1,1,0,20
166,2024,554,17,NaN,NaN,NaN,0,0,1,1,0,0
166,2024,243,16,NaN,NaN,NaN,0,0,1,1,0,20
166,2024,27,5,NaN,NaN,NaN,0,0,1,1,0,0
166,2024,1024,8,NaN,NaN,NaN,0,0,1,1,0,4
166,2024,247,6,NaN,NaN,NaN,0,0,1,1,0,5
166,2024,763,22,NaN,NaN,NaN,0,0,1,1,0,1
166,2024,272,9,NaN,NaN,NaN,0,0,1,1,0,7
166,2024,545,7,NaN,NaN,NaN,0,0,1,1,0,6
166,2024,174,22,NaN,NaN,NaN,0,0,1,0,0,1
166,2024,447,5,NaN,NaN,NaN,0,0,1,1,0,15
166,2024,1034,16,NaN,NaN,NaN,0,0,1,1,0,5
166,2024,1196,21,NaN,NaN,NaN,0,0,1,1,0,0
166,2024,1227,9,NaN,NaN,NaN,0,0,1,1,0,3
166,2024,1003,9,NaN,NaN,NaN,0,0,1,0,0,7
166,2024,1394,13,NaN,NaN,NaN,0,0,1,1,0,0
166,2024,1457,8,NaN,NaN,NaN,0,0,1,1,0,21
166,2024,1124,19,NaN,NaN,NaN,0,0,1,1,0,12
166,2024,183,8,NaN,NaN,NaN,0,0,1,1,0,0
166,2024,767,15,NaN,NaN,NaN,0,0,1,1,0,21
166,2024,106,7,NaN,NaN,NaN,0,0,1,0,0,4
166,2024,907,22,NaN,NaN,NaN,0,0.293073208252113,1,1,0,8
166,2024,67,17,NaN,NaN,NaN,0,0,1,1,0,1
166,2024,347,10,NaN,NaN,NaN,0,0,1,0,0,13
166,2024,1107,10,NaN,NaN,NaN,0,0,1,0,0,5
166,2024,16,6,NaN,NaN,NaN,0,0,1,1,0,5
166,2024,390,13,NaN,NaN,NaN,0,0,1,0,0,0
166,2024,372,15,NaN,NaN,NaN,0,0,1,1,0,7
166,2024,1130,5,NaN,NaN,NaN,0,0,1,0,0,0
166,2024,607,4,NaN,NaN,NaN,0,0,1,1,0,0
166,2024,1122,13,NaN,NaN,NaN,0,0,1,1,0,0
166,2024,1215,12,NaN,NaN,NaN,0,0,1,0,0,2
166,2024,1305,11,NaN,NaN,NaN,0,0,1,1,0,8
166,2024,1535,13,NaN,NaN,NaN,0,0,1,1,0,10
166,2024,931,1,NaN,NaN,NaN,0,0,1,1,0,3
166,2024,1186,5,NaN,NaN,NaN,0,0,1,1,0,18
166,2024,803,10,NaN,NaN,NaN,0,0,1,1,0,18
166,2024,151,1,NaN,NaN,NaN,0,0,1,0,0,0
166,2024,1391,4,NaN,NaN,NaN,0,0,1,1,0,0
166,2024,1268,17,NaN,NaN,NaN,0,0,1,1,0,11
166,2024,534,19,NaN,NaN,NaN,0,0,1,1,0,1
166,2024,233,11,NaN,NaN,NaN,0,0,1,1,0,22
166,2024,487,9,NaN,NaN,NaN,0,0,1,1,0,13
166,2024,541,18,NaN,NaN,NaN,0,0,1,1,0,9
166,2024,1599,9,NaN,NaN,NaN,0,0,1,1,0,15
166,2024,1199,1,NaN,NaN,NaN,0,0,1,1,0,0
166,2024,1598,5,NaN,NaN,NaN,0,0,1,1,0,3
166,2024,44,18,NaN,NaN,NaN,0,0,1,1,0,0
166,2024,1043,2,NaN,NaN,NaN,0,0,1,1,0,1
166,2024,634,22,NaN,NaN,NaN,0,0,1,1,0,11
166,2024,276,4,NaN,NaN,NaN,0,0,1,1,0,0
166,2024,813,21,NaN,NaN,NaN,0,0,1,1,0,3
166,2024,1584,11,NaN,NaN,NaN,0,0,1,1,0,13
166,2024,1038,6,NaN,NaN,NaN,0,0,1,1,0,13
166,2024,1441,5,NaN,NaN,NaN,0,0,1,1,0,2
166,2024,376,6,NaN,NaN,NaN,0,0,1,1,0,0
166,2024,1465,18,NaN,NaN,NaN,0,0,1,1,0,0
166,2024,1178,18,NaN,NaN,NaN,0,0,1,0,0,6
166,2024,625,13,NaN,NaN,NaN,0,0,1,1,0,16
166,2024,87,22,NaN,NaN,NaN,0,0,1,0,0,10
166,2024,1021,17,NaN,NaN,NaN,0,0,1,0,0,12
166,2024,102,17,NaN,NaN,NaN,0,0,1,1,0,13
166,2024,738,5,NaN,NaN,NaN,0,0,1,0,0,21
166,2024,745,21,NaN,NaN,NaN,0,0,1,1,0,0
166,2024,20,6,NaN,NaN,NaN,0,0,1,1,0,20
166,2024,47,22,NaN,NaN,NaN,0,0,1,1,0,11
167,2024,1457,21,NaN,NaN,NaN,0,0,1,1,0,0
167,2024,907,8,NaN,NaN,NaN,0,0.293073208252113,1,1,0,10
167,2024,1038,13,NaN,NaN,NaN,0,0,1,1,0,0
167,2024,931,3,NaN,NaN,NaN,0,0,1,1,0,15
167,2024,1599,15,NaN,NaN,NaN,0,0,1,1,0,0
167,2024,44,18,NaN,NaN,NaN,0,0,1,1,0,3
167,2024,1215,2,NaN,NaN,NaN,0,0,1,0,0,0
167,2024,1122,13,NaN,NaN,NaN,0,0,1,1,0,0
167,2024,67,1,NaN,NaN,NaN,0,0,1,1,0,0
167,2024,1196,21,NaN,NaN,NaN,0,0,1,1,0,16
167,2024,968,13,NaN,NaN,NaN,0,0,1,1,0,0
167,2024,554,17,NaN,NaN,NaN,0,0,1,1,0,19
167,2024,1394,13,NaN,NaN,NaN,0,0,1,1,0,0
167,2024,376,6,NaN,NaN,NaN,0,0,1,1,0,9
167,2024,372,7,NaN,NaN,NaN,0,0,1,1,0,5
167,2024,1178,6,NaN,NaN,NaN,0,0,1,0,0,4
167,2024,634,11,NaN,NaN,NaN,0,0,1,1,0,18
167,2024,1124,12,NaN,NaN,NaN,0,0,1,1,0,0
167,2024,16,5,NaN,NaN,NaN,0,0,1,1,0,0
167,2024,20,20,NaN,NaN,NaN,0,0,1,1,0,8
167,2024,763,1,NaN,NaN,NaN,0,0,1,1,0,21
167,2024,1465,18,NaN,NaN,NaN,0,0,1,1,0,4
167,2024,541,9,NaN,NaN,NaN,0,0,1,1,0,14
167,2024,243,20,NaN,NaN,NaN,0,0,1,1,0,21
167,2024,803,18,NaN,NaN,NaN,0,0,1,1,0,3
167,2024,347,13,NaN,NaN,NaN,0,0,1,0,0,0
167,2024,738,21,NaN,NaN,NaN,0,0,1,0,0,0
167,2024,174,1,NaN,NaN,NaN,0,0,1,0,0,0
167,2024,767,21,NaN,NaN,NaN,0,0,1,1,0,0
167,2024,813,3,NaN,NaN,NaN,0,0,1,1,0,14
167,2024,545,6,NaN,NaN,NaN,0,0,1,1,0,0
167,2024,1199,1,NaN,NaN,NaN,0,0,1,1,0,13
167,2024,1021,12,NaN,NaN,NaN,0,0,1,0,0,0
167,2024,1305,8,NaN,NaN,NaN,0,0,1,1,0,1
167,2024,1186,18,NaN,NaN,NaN,0,0,1,1,0,4
167,2024,183,8,NaN,NaN,NaN,0,0,1,1,0,0
167,2024,607,4,NaN,NaN,NaN,0,0,1,1,0,9
167,2024,1535,10,NaN,NaN,NaN,0,0,1,1,0,0
167,2024,102,13,NaN,NaN,NaN,0,0,1,1,0,6
167,2024,1584,13,NaN,NaN,NaN,0,0,1,1,0,0
167,2024,247,5,NaN,NaN,NaN,0,0,1,1,0,4
167,2024,106,4,NaN,NaN,NaN,0,0,1,0,0,8
167,2024,1598,3,NaN,NaN,NaN,0,0,1,1,0,10
167,2024,323,20,NaN,NaN,NaN,0,0,1,1,0,21
167,2024,625,16,NaN,NaN,NaN,0,0,1,1,0,18
167,2024,447,15,NaN,NaN,NaN,0,0,1,1,0,0
167,2024,1003,7,NaN,NaN,NaN,0,0,1,0,0,22
167,2024,1268,11,NaN,NaN,NaN,0,0,1,1,0,4
167,2024,1107,5,NaN,NaN,NaN,0,0,1,0,0,0
167,2024,1227,3,NaN,NaN,NaN,0,0,1,1,0,0
167,2024,276,4,NaN,NaN,NaN,0,0,1,1,0,0
167,2024,233,22,NaN,NaN,NaN,0,0,1,1,0,4
167,2024,1043,1,NaN,NaN,NaN,0,0,1,1,0,7
167,2024,87,10,NaN,NaN,NaN,0,0,1,0,0,0
167,2024,390,13,NaN,NaN,NaN,0,0,1,0,0,0
167,2024,47,11,NaN,NaN,NaN,0,0,1,1,0,18
167,2024,534,1,NaN,NaN,NaN,0,0,1,1,0,3
167,2024,1024,4,NaN,NaN,NaN,0,0,1,1,0,9
167,2024,487,13,NaN,NaN,NaN,0,0,1,1,0,0
167,2024,27,5,NaN,NaN,NaN,0,0,1,1,0,6
167,2024,151,1,NaN,NaN,NaN,0,0,1,0,0,0
167,2024,1034,5,NaN,NaN,NaN,0,0,1,1,0,2
167,2024,1391,4,NaN,NaN,NaN,0,0,1,1,0,0
167,2024,272,7,NaN,NaN,NaN,0,0,1,1,0,1
167,2024,1130,5,NaN,NaN,NaN,0,0,1,0,0,0
167,2024,745,21,NaN,NaN,NaN,0,0,1,1,0,1
167,2024,1441,2,NaN,NaN,NaN,0,0,1,1,0,21
168,2024,534,3,NaN,NaN,NaN,0,0,1,1,0,16
168,2024,1130,5,NaN,NaN,NaN,0,0,1,0,0,0
168,2024,1196,16,NaN,NaN,NaN,0,0,1,1,0,21
168,2024,151,1,NaN,NaN,NaN,0,0,1,0,0,0
168,2024,276,4,NaN,NaN,NaN,0,0,1,1,0,22
168,2024,183,8,NaN,NaN,NaN,0,0,1,1,0,0
168,2024,1305,1,NaN,NaN,NaN,0,0,1,1,0,0
168,2024,376,9,NaN,NaN,NaN,0,0,1,1,0,13
168,2024,1024,9,NaN,NaN,NaN,0,0,1,1,0,18
168,2024,233,4,NaN,NaN,NaN,0,0,1,1,0,18
168,2024,44,3,NaN,NaN,NaN,0,0,1,1,0,17
168,2024,1268,4,NaN,NaN,NaN,0,0,1,1,0,0
168,2024,1021,12,NaN,NaN,NaN,0,0,1,0,0,0
168,2024,27,6,NaN,NaN,NaN,0,0,1,1,0,8
168,2024,1034,2,NaN,NaN,NaN,0,0,1,1,0,17
168,2024,247,4,NaN,NaN,NaN,0,0,1,1,0,11
168,2024,607,9,NaN,NaN,NaN,0,0,1,1,0,0
168,2024,1043,7,NaN,NaN,NaN,0,0,1,1,0,0
168,2024,1178,4,NaN,NaN,NaN,0,0,1,0,0,0
168,2024,487,13,NaN,NaN,NaN,0,0,1,1,0,0
168,2024,372,5,NaN,NaN,NaN,0,0,1,1,0,0
168,2024,1599,15,NaN,NaN,NaN,0,0,1,1,0,0
168,2024,738,21,NaN,NaN,NaN,0,0,1,0,0,0
168,2024,634,18,NaN,NaN,NaN,0,0,1,1,0,15
168,2024,554,19,NaN,NaN,NaN,0,0,1,1,0,6
168,2024,1186,4,NaN,NaN,NaN,0,0,1,1,0,9
168,2024,1598,10,NaN,NaN,NaN,0,0,1,1,0,1
168,2024,625,18,NaN,NaN,NaN,0,0,1,1,0,4
168,2024,1391,4,NaN,NaN,NaN,0,0,1,1,0,6
168,2024,47,18,NaN,NaN,NaN,0,0,1,1,0,11
168,2024,16,5,NaN,NaN,NaN,0,0,1,1,0,0
168,2024,1199,13,NaN,NaN,NaN,0,0,1,1,0,0
168,2024,87,10,NaN,NaN,NaN,0,0,1,0,0,0
168,2024,1457,21,NaN,NaN,NaN,0,0,1,1,0,0
168,2024,20,8,NaN,NaN,NaN,0,0,1,1,0,9
168,2024,767,21,NaN,NaN,NaN,0,0,1,1,0,4
168,2024,745,1,NaN,NaN,NaN,0,0,1,1,0,0
168,2024,272,1,NaN,NaN,NaN,0,0,1,1,0,0
168,2024,390,13,NaN,NaN,NaN,0,0,1,0,0,12
168,2024,968,13,NaN,NaN,NaN,0,0,1,1,0,0
168,2024,102,6,NaN,NaN,NaN,0,0,1,1,0,21
168,2024,1038,13,NaN,NaN,NaN,0,0,1,1,0,3
168,2024,1441,21,NaN,NaN,NaN,0,0,1,1,0,18
168,2024,813,14,NaN,NaN,NaN,0,0,1,1,0,21
168,2024,1465,4,NaN,NaN,NaN,0,0,1,1,0,21
168,2024,931,15,NaN,NaN,NaN,0,0,1,1,0,12
168,2024,67,1,NaN,NaN,NaN,0,0,1,1,0,0
168,2024,243,21,NaN,NaN,NaN,0,0,1,1,0,19
168,2024,803,3,NaN,NaN,NaN,0,0,1,1,0,11
168,2024,106,8,NaN,NaN,NaN,0,0,1,0,0,6
168,2024,1215,2,NaN,NaN,NaN,0,0,1,0,0,19
168,2024,347,13,NaN,NaN,NaN,0,0,1,0,0,0
168,2024,907,10,NaN,NaN,NaN,0,0.293073208252113,1,1,0,0
168,2024,1394,13,NaN,NaN,NaN,0,0,1,1,0,0
168,2024,1122,13,NaN,NaN,NaN,0,0,1,1,0,18
168,2024,763,21,NaN,NaN,NaN,0,0,1,1,0,5
168,2024,1584,13,NaN,NaN,NaN,0,0,1,1,0,14
168,2024,1227,3,NaN,NaN,NaN,0,0,1,1,0,0
168,2024,174,1,NaN,NaN,NaN,0,0,1,0,0,0
168,2024,1535,10,NaN,NaN,NaN,0,0,1,1,0,0
168,2024,1107,5,NaN,NaN,NaN,0,0,1,0,0,0
168,2024,541,14,NaN,NaN,NaN,0,0,1,1,0,0
168,2024,447,15,NaN,NaN,NaN,0,0,1,1,0,0
169,2024,87,10,NaN,NaN,NaN,0,2.70147861991799,1,1,1,15
169,2024,968,13,NaN,NaN,NaN,0,0,1,1,0,12
169,2024,376,13,NaN,NaN,NaN,0,2.77663217434864,1,1,1,4
169,2024,390,12,NaN,NaN,NaN,0,0,1,1,0,15
169,2024,67,1,NaN,NaN,NaN,0,3.00187938826824,1,1,1,13
169,2024,1457,21,NaN,NaN,NaN,0,0,1,1,0,0
169,2024,272,1,NaN,NaN,NaN,0,0,1,1,0,0
169,2024,554,6,NaN,NaN,NaN,0,0,1,1,0,18
169,2024,634,15,NaN,NaN,NaN,0,0,1,1,0,5
169,2024,763,5,NaN,NaN,NaN,0,0,1,1,0,21
169,2024,447,15,NaN,NaN,NaN,0,0,1,1,0,5
169,2024,1130,5,NaN,NaN,NaN,0,4.62525574496529,1,1,1,12
169,2024,607,9,NaN,NaN,NaN,0,0,1,1,0,13
169,2024,151,1,NaN,NaN,NaN,0,4.66403438863516,1,1,1,10
169,2024,1034,17,NaN,NaN,NaN,0,0,1,1,0,5
169,2024,47,11,NaN,NaN,NaN,0,0,1,1,0,18
169,2024,1178,4,NaN,NaN,NaN,0,4.83302633572536,1,1,1,3
169,2024,347,13,NaN,NaN,NaN,0,1.42941175067603,1,1,1,3
169,2024,1268,4,NaN,NaN,NaN,0,0,1,1,0,21
169,2024,1196,21,NaN,NaN,NaN,0,0,1,1,0,7
169,2024,1021,12,NaN,NaN,NaN,0,3.53209665798862,1,1,1,17
169,2024,625,4,NaN,NaN,NaN,0,0,1,1,0,18
169,2024,44,17,NaN,NaN,NaN,0,0,1,1,0,6
169,2024,1535,10,NaN,NaN,NaN,0,0,1,1,0,0
169,2024,183,8,NaN,NaN,NaN,0,0.85445734797151,1,1,1,17
169,2024,1441,18,NaN,NaN,NaN,0,0,1,1,0,0
169,2024,1598,1,NaN,NaN,NaN,0,0,1,1,0,0
169,2024,1227,3,NaN,NaN,NaN,0,0,1,1,0,10
169,2024,27,8,NaN,NaN,NaN,0,0,1,1,0,6
169,2024,106,6,NaN,NaN,NaN,0,0,1,1,0,0
169,2024,813,21,NaN,NaN,NaN,0,0,1,1,0,2
169,2024,1599,15,NaN,NaN,NaN,0,0,1,1,0,1
169,2024,1215,19,NaN,NaN,NaN,0,4.35979522334938,1,1,1,2
169,2024,767,4,NaN,NaN,NaN,0,0,1,1,0,8
169,2024,541,14,NaN,NaN,NaN,0,0,1,1,0,0
169,2024,1038,3,NaN,NaN,NaN,0,0,1,1,0,8
169,2024,745,1,NaN,NaN,NaN,0,0,1,1,0,13
169,2024,907,10,NaN,NaN,NaN,0,5.4959773372091,1,1,1,3
169,2024,247,11,NaN,NaN,NaN,0,0,1,1,0,14
169,2024,1391,6,NaN,NaN,NaN,0,0,1,1,0,8
169,2024,1043,7,NaN,NaN,NaN,0,0,1,1,0,5
169,2024,1107,5,NaN,NaN,NaN,0,2.43034992269313,1,1,1,3
169,2024,1465,21,NaN,NaN,NaN,0,0,1,1,0,0
169,2024,487,13,NaN,NaN,NaN,0,0,1,1,0,0
169,2024,1394,13,NaN,NaN,NaN,0,0,1,1,0,22
169,2024,534,16,NaN,NaN,NaN,0,0,1,1,0,18
169,2024,20,9,NaN,NaN,NaN,0,0,1,1,0,3
169,2024,1584,14,NaN,NaN,NaN,0,0,1,1,0,22
169,2024,243,19,NaN,NaN,NaN,0,0,1,1,0,21
169,2024,233,18,NaN,NaN,NaN,0,0,1,1,0,7
169,2024,931,12,NaN,NaN,NaN,0,0,1,1,0,11
169,2024,1024,18,NaN,NaN,NaN,0,0,1,1,0,0
169,2024,1199,13,NaN,NaN,NaN,0,0,1,1,0,12
169,2024,102,21,NaN,NaN,NaN,0,0,1,1,0,22
169,2024,1305,1,NaN,NaN,NaN,0,0,1,1,0,0
169,2024,1186,9,NaN,NaN,NaN,0,0,1,1,0,0
169,2024,276,22,NaN,NaN,NaN,0,0,1,1,0,5
169,2024,1122,18,NaN,NaN,NaN,0,0.0686286907905049,1,1,0,0
169,2024,803,11,NaN,NaN,NaN,0,0,1,1,0,2
169,2024,174,1,NaN,NaN,NaN,0,0,1,1,0,0
169,2024,16,5,NaN,NaN,NaN,0,0,1,1,0,0
170,2025,625,18,NaN,NaN,NaN,0,0,1,1,0,5
170,2025,1599,1,NaN,NaN,NaN,0,0,1,1,0,21
170,2025,87,15,NaN,NaN,NaN,0,0,1,0,0,10
170,2025,151,10,NaN,NaN,NaN,0,0,1,0,0,1
170,2025,16,5,NaN,NaN,NaN,0,0,1,1,0,0
170,2025,243,21,NaN,NaN,NaN,0,0,1,1,0,17
170,2025,803,2,NaN,NaN,NaN,0,0,1,1,0,11
170,2025,102,22,NaN,NaN,NaN,0,0,1,1,0,20
170,2025,1441,18,NaN,NaN,NaN,0,0,1,1,0,21
170,2025,1196,7,NaN,NaN,NaN,0,0,1,1,0,0
170,2025,183,17,NaN,NaN,NaN,0,0,1,0,0,13
170,2025,1122,18,NaN,NaN,NaN,0,0.0686286907905049,1,1,0,0
170,2025,174,1,NaN,NaN,NaN,0,0,1,1,0,0
170,2025,27,6,NaN,NaN,NaN,0,0,1,1,0,0
170,2025,1215,2,NaN,NaN,NaN,0,0,1,0,0,0
170,2025,1043,5,NaN,NaN,NaN,0,0,1,1,0,0
170,2025,1268,21,NaN,NaN,NaN,0,0,1,1,0,18
170,2025,1394,22,NaN,NaN,NaN,0,0,1,1,0,9
170,2025,44,6,NaN,NaN,NaN,0,0,1,1,0,0
170,2025,541,14,NaN,NaN,NaN,0,0,1,1,0,0
170,2025,1457,21,NaN,NaN,NaN,0,0,1,1,0,18
170,2025,106,6,NaN,NaN,NaN,0,0,1,1,0,3
170,2025,276,5,NaN,NaN,NaN,0,0,1,1,0,0
170,2025,813,2,NaN,NaN,NaN,0,0,1,1,0,0
170,2025,1199,12,NaN,NaN,NaN,0,0,1,1,0,15
170,2025,47,18,NaN,NaN,NaN,0,0,1,1,0,11
170,2025,390,15,NaN,NaN,NaN,0,0,1,1,0,17
170,2025,1227,10,NaN,NaN,NaN,0,0,1,1,0,6
170,2025,20,3,NaN,NaN,NaN,0,0,1,1,0,0
170,2025,968,12,NaN,NaN,NaN,0,0,1,1,0,0
170,2025,1535,10,NaN,NaN,NaN,0,0,1,1,0,0
170,2025,907,3,NaN,NaN,NaN,0,0,1,0,0,0
170,2025,1391,8,NaN,NaN,NaN,0,0,1,1,0,0
170,2025,1130,12,NaN,NaN,NaN,0,0,1,0,0,13
170,2025,634,5,NaN,NaN,NaN,0,0,1,1,0,8
170,2025,1024,18,NaN,NaN,NaN,0,0,1,1,0,0
170,2025,931,11,NaN,NaN,NaN,0,0,1,1,0,1
170,2025,1584,22,NaN,NaN,NaN,0,0,1,1,0,0
170,2025,607,13,NaN,NaN,NaN,0,0,1,1,0,0
170,2025,487,13,NaN,NaN,NaN,0,0,1,1,0,0
170,2025,272,1,NaN,NaN,NaN,0,0,1,1,0,0
170,2025,767,8,NaN,NaN,NaN,0,0,1,1,0,21
170,2025,1305,1,NaN,NaN,NaN,0,0,1,1,0,21
170,2025,1034,5,NaN,NaN,NaN,0,0,1,1,0,0
170,2025,1186,9,NaN,NaN,NaN,0,0,1,1,0,12
170,2025,247,14,NaN,NaN,NaN,0,0,1,1,0,19
170,2025,1038,8,NaN,NaN,NaN,0,0,1,1,0,12
170,2025,347,3,NaN,NaN,NaN,0,0,1,0,0,13
170,2025,763,21,NaN,NaN,NaN,0,0,1,1,0,8
170,2025,1021,17,NaN,NaN,NaN,0,0,1,0,0,12
170,2025,745,13,NaN,NaN,NaN,0,0,1,1,0,1
170,2025,1465,21,NaN,NaN,NaN,0,0,1,1,0,0
170,2025,233,7,NaN,NaN,NaN,0,0,1,1,0,3
170,2025,554,18,NaN,NaN,NaN,0,0,1,1,0,9
170,2025,447,5,NaN,NaN,NaN,0,0,1,1,0,11
170,2025,1178,3,NaN,NaN,NaN,0,0,1,0,0,2
170,2025,1107,3,NaN,NaN,NaN,0,0,1,0,0,5
170,2025,1598,1,NaN,NaN,NaN,0,0,1,1,0,0
170,2025,534,18,NaN,NaN,NaN,0,0,1,1,0,0
170,2025,67,13,NaN,NaN,NaN,0,0,1,0,0,17
170,2025,376,4,NaN,NaN,NaN,0,0,1,0,0,3
